ERROR:    Exception in ASGI application
Traceback (most recent call last):
  File "/scratch/si650f26_class_root/si650f26_class/savyo/synapse-bench/envs/gateway/lib/python3.12/site-packages/uvicorn/protocols/http/httptools_impl.py", line 401, in run_asgi
    result = await app(  # type: ignore[func-returns-value]
             ^^^^^^^^^^^^^^^^^^^^^^^^^^^^^^^^^^^^^^^^^^^^^^
  File "/scratch/si650f26_class_root/si650f26_class/savyo/synapse-bench/envs/gateway/lib/python3.12/site-packages/uvicorn/middleware/proxy_headers.py", line 70, in __call__
    return await self.app(scope, receive, send)
           ^^^^^^^^^^^^^^^^^^^^^^^^^^^^^^^^^^^^
  File "/scratch/si650f26_class_root/si650f26_class/savyo/synapse-bench/envs/gateway/lib/python3.12/site-packages/fastapi/applications.py", line 1054, in __call__
    await super().__call__(scope, receive, send)
  File "/scratch/si650f26_class_root/si650f26_class/savyo/synapse-bench/envs/gateway/lib/python3.12/site-packages/starlette/applications.py", line 113, in __call__
    await self.middleware_stack(scope, receive, send)
  File "/scratch/si650f26_class_root/si650f26_class/savyo/synapse-bench/envs/gateway/lib/python3.12/site-packages/starlette/middleware/errors.py", line 187, in __call__
    raise exc
  File "/scratch/si650f26_class_root/si650f26_class/savyo/synapse-bench/envs/gateway/lib/python3.12/site-packages/starlette/middleware/errors.py", line 165, in __call__
    await self.app(scope, receive, _send)
  File "/scratch/si650f26_class_root/si650f26_class/savyo/synapse-bench/envs/gateway/lib/python3.12/site-packages/starlette/middleware/cors.py", line 85, in __call__
    await self.app(scope, receive, send)
  File "/scratch/si650f26_class_root/si650f26_class/savyo/synapse-bench/envs/gateway/lib/python3.12/site-packages/starlette/middleware/exceptions.py", line 62, in __call__
    await wrap_app_handling_exceptions(self.app, conn)(scope, receive, send)
  File "/scratch/si650f26_class_root/si650f26_class/savyo/synapse-bench/envs/gateway/lib/python3.12/site-packages/starlette/_exception_handler.py", line 62, in wrapped_app
    raise exc
  File "/scratch/si650f26_class_root/si650f26_class/savyo/synapse-bench/envs/gateway/lib/python3.12/site-packages/starlette/_exception_handler.py", line 51, in wrapped_app
    await app(scope, receive, sender)
  File "/scratch/si650f26_class_root/si650f26_class/savyo/synapse-bench/envs/gateway/lib/python3.12/site-packages/starlette/routing.py", line 715, in __call__
    await self.middleware_stack(scope, receive, send)
  File "/scratch/si650f26_class_root/si650f26_class/savyo/synapse-bench/envs/gateway/lib/python3.12/site-packages/starlette/routing.py", line 735, in app
    await route.handle(scope, receive, send)
  File "/scratch/si650f26_class_root/si650f26_class/savyo/synapse-bench/envs/gateway/lib/python3.12/site-packages/starlette/routing.py", line 288, in handle
    await self.app(scope, receive, send)
  File "/scratch/si650f26_class_root/si650f26_class/savyo/synapse-bench/envs/gateway/lib/python3.12/site-packages/starlette/routing.py", line 76, in app
    await wrap_app_handling_exceptions(app, request)(scope, receive, send)
  File "/scratch/si650f26_class_root/si650f26_class/savyo/synapse-bench/envs/gateway/lib/python3.12/site-packages/starlette/_exception_handler.py", line 62, in wrapped_app
    raise exc
  File "/scratch/si650f26_class_root/si650f26_class/savyo/synapse-bench/envs/gateway/lib/python3.12/site-packages/starlette/_exception_handler.py", line 51, in wrapped_app
    await app(scope, receive, sender)
  File "/scratch/si650f26_class_root/si650f26_class/savyo/synapse-bench/envs/gateway/lib/python3.12/site-packages/starlette/routing.py", line 73, in app
    response = await f(request)
               ^^^^^^^^^^^^^^^^
  File "/scratch/si650f26_class_root/si650f26_class/savyo/synapse-bench/envs/gateway/lib/python3.12/site-packages/fastapi/routing.py", line 291, in app
    solved_result = await solve_dependencies(
                    ^^^^^^^^^^^^^^^^^^^^^^^^^
  File "/scratch/si650f26_class_root/si650f26_class/savyo/synapse-bench/envs/gateway/lib/python3.12/site-packages/fastapi/dependencies/utils.py", line 630, in solve_dependencies
    solved = await run_in_threadpool(call, **solved_result.values)
             ^^^^^^^^^^^^^^^^^^^^^^^^^^^^^^^^^^^^^^^^^^^^^^^^^^^^^
  File "/scratch/si650f26_class_root/si650f26_class/savyo/synapse-bench/envs/gateway/lib/python3.12/site-packages/starlette/concurrency.py", line 39, in run_in_threadpool
    return await anyio.to_thread.run_sync(func, *args)
           ^^^^^^^^^^^^^^^^^^^^^^^^^^^^^^^^^^^^^^^^^^^
  File "/scratch/si650f26_class_root/si650f26_class/savyo/synapse-bench/envs/gateway/lib/python3.12/site-packages/anyio/to_thread.py", line 65, in run_sync
    return await get_async_backend().run_sync_in_worker_thread(
           ^^^^^^^^^^^^^^^^^^^^^^^^^^^^^^^^^^^^^^^^^^^^^^^^^^^^
  File "/scratch/si650f26_class_root/si650f26_class/savyo/synapse-bench/envs/gateway/lib/python3.12/site-packages/anyio/_backends/_asyncio.py", line 2706, in run_sync_in_worker_thread
    return await future
           ^^^^^^^^^^^^
  File "/scratch/si650f26_class_root/si650f26_class/savyo/synapse-bench/envs/gateway/lib/python3.12/site-packages/anyio/_backends/_asyncio.py", line 1100, in run
    result = context.run(func, *args)
             ^^^^^^^^^^^^^^^^^^^^^^^^
  File "/gpfs/accounts/si650f26_class_root/si650f26_class/savyo/synapse-bench/repo/backend/app/auth.py", line 35, in require_api_key
    api_key = db.query(ApiKey).filter(ApiKey.key_hash == key_hash, ApiKey.revoked.is_(False)).first()
              ^^^^^^^^^^^^^^^^^^^^^^^^^^^^^^^^^^^^^^^^^^^^^^^^^^^^^^^^^^^^^^^^^^^^^^^^^^^^^^^^^^^^^^^
  File "/scratch/si650f26_class_root/si650f26_class/savyo/synapse-bench/envs/gateway/lib/python3.12/site-packages/sqlalchemy/orm/query.py", line 2728, in first
    return self.limit(1)._iter().first()  # type: ignore
           ^^^^^^^^^^^^^^^^^^^^^
  File "/scratch/si650f26_class_root/si650f26_class/savyo/synapse-bench/envs/gateway/lib/python3.12/site-packages/sqlalchemy/orm/query.py", line 2827, in _iter
    result: Union[ScalarResult[_T], Result[_T]] = self.session.execute(
                                                  ^^^^^^^^^^^^^^^^^^^^^
  File "/scratch/si650f26_class_root/si650f26_class/savyo/synapse-bench/envs/gateway/lib/python3.12/site-packages/sqlalchemy/orm/session.py", line 2362, in execute
    return self._execute_internal(
           ^^^^^^^^^^^^^^^^^^^^^^^
  File "/scratch/si650f26_class_root/si650f26_class/savyo/synapse-bench/envs/gateway/lib/python3.12/site-packages/sqlalchemy/orm/session.py", line 2237, in _execute_internal
    conn = self._connection_for_bind(bind)
           ^^^^^^^^^^^^^^^^^^^^^^^^^^^^^^^
  File "/scratch/si650f26_class_root/si650f26_class/savyo/synapse-bench/envs/gateway/lib/python3.12/site-packages/sqlalchemy/orm/session.py", line 2106, in _connection_for_bind
    return trans._connection_for_bind(engine, execution_options)
           ^^^^^^^^^^^^^^^^^^^^^^^^^^^^^^^^^^^^^^^^^^^^^^^^^^^^^
  File "<string>", line 2, in _connection_for_bind
  File "/scratch/si650f26_class_root/si650f26_class/savyo/synapse-bench/envs/gateway/lib/python3.12/site-packages/sqlalchemy/orm/state_changes.py", line 139, in _go
    ret_value = fn(self, *arg, **kw)
                ^^^^^^^^^^^^^^^^^^^^
  File "/scratch/si650f26_class_root/si650f26_class/savyo/synapse-bench/envs/gateway/lib/python3.12/site-packages/sqlalchemy/orm/session.py", line 1189, in _connection_for_bind
    conn = bind.connect()
           ^^^^^^^^^^^^^^
  File "/scratch/si650f26_class_root/si650f26_class/savyo/synapse-bench/envs/gateway/lib/python3.12/site-packages/sqlalchemy/engine/base.py", line 3278, in connect
    return self._connection_cls(self)
           ^^^^^^^^^^^^^^^^^^^^^^^^^^
  File "/scratch/si650f26_class_root/si650f26_class/savyo/synapse-bench/envs/gateway/lib/python3.12/site-packages/sqlalchemy/engine/base.py", line 146, in __init__
    self._dbapi_connection = engine.raw_connection()
                             ^^^^^^^^^^^^^^^^^^^^^^^
  File "/scratch/si650f26_class_root/si650f26_class/savyo/synapse-bench/envs/gateway/lib/python3.12/site-packages/sqlalchemy/engine/base.py", line 3302, in raw_connection
    return self.pool.connect()
           ^^^^^^^^^^^^^^^^^^^
  File "/scratch/si650f26_class_root/si650f26_class/savyo/synapse-bench/envs/gateway/lib/python3.12/site-packages/sqlalchemy/pool/base.py", line 449, in connect
    return _ConnectionFairy._checkout(self)
           ^^^^^^^^^^^^^^^^^^^^^^^^^^^^^^^^
  File "/scratch/si650f26_class_root/si650f26_class/savyo/synapse-bench/envs/gateway/lib/python3.12/site-packages/sqlalchemy/pool/base.py", line 1263, in _checkout
    fairy = _ConnectionRecord.checkout(pool)
            ^^^^^^^^^^^^^^^^^^^^^^^^^^^^^^^^
  File "/scratch/si650f26_class_root/si650f26_class/savyo/synapse-bench/envs/gateway/lib/python3.12/site-packages/sqlalchemy/pool/base.py", line 712, in checkout
    rec = pool._do_get()
          ^^^^^^^^^^^^^^
  File "/scratch/si650f26_class_root/si650f26_class/savyo/synapse-bench/envs/gateway/lib/python3.12/site-packages/sqlalchemy/pool/impl.py", line 168, in _do_get
    raise exc.TimeoutError(
sqlalchemy.exc.TimeoutError: QueuePool limit of size 5 overflow 10 reached, connection timed out, timeout 30.00 (Background on this error at: https://sqlalche.me/e/20/3o7r)
ERROR:    Exception in ASGI application
Traceback (most recent call last):
  File "/scratch/si650f26_class_root/si650f26_class/savyo/synapse-bench/envs/gateway/lib/python3.12/site-packages/uvicorn/protocols/http/httptools_impl.py", line 401, in run_asgi
    result = await app(  # type: ignore[func-returns-value]
             ^^^^^^^^^^^^^^^^^^^^^^^^^^^^^^^^^^^^^^^^^^^^^^
  File "/scratch/si650f26_class_root/si650f26_class/savyo/synapse-bench/envs/gateway/lib/python3.12/site-packages/uvicorn/middleware/proxy_headers.py", line 70, in __call__
    return await self.app(scope, receive, send)
           ^^^^^^^^^^^^^^^^^^^^^^^^^^^^^^^^^^^^
  File "/scratch/si650f26_class_root/si650f26_class/savyo/synapse-bench/envs/gateway/lib/python3.12/site-packages/fastapi/applications.py", line 1054, in __call__
    await super().__call__(scope, receive, send)
  File "/scratch/si650f26_class_root/si650f26_class/savyo/synapse-bench/envs/gateway/lib/python3.12/site-packages/starlette/applications.py", line 113, in __call__
    await self.middleware_stack(scope, receive, send)
  File "/scratch/si650f26_class_root/si650f26_class/savyo/synapse-bench/envs/gateway/lib/python3.12/site-packages/starlette/middleware/errors.py", line 187, in __call__
    raise exc
  File "/scratch/si650f26_class_root/si650f26_class/savyo/synapse-bench/envs/gateway/lib/python3.12/site-packages/starlette/middleware/errors.py", line 165, in __call__
    await self.app(scope, receive, _send)
  File "/scratch/si650f26_class_root/si650f26_class/savyo/synapse-bench/envs/gateway/lib/python3.12/site-packages/starlette/middleware/cors.py", line 85, in __call__
    await self.app(scope, receive, send)
  File "/scratch/si650f26_class_root/si650f26_class/savyo/synapse-bench/envs/gateway/lib/python3.12/site-packages/starlette/middleware/exceptions.py", line 62, in __call__
    await wrap_app_handling_exceptions(self.app, conn)(scope, receive, send)
  File "/scratch/si650f26_class_root/si650f26_class/savyo/synapse-bench/envs/gateway/lib/python3.12/site-packages/starlette/_exception_handler.py", line 62, in wrapped_app
    raise exc
  File "/scratch/si650f26_class_root/si650f26_class/savyo/synapse-bench/envs/gateway/lib/python3.12/site-packages/starlette/_exception_handler.py", line 51, in wrapped_app
    await app(scope, receive, sender)
  File "/scratch/si650f26_class_root/si650f26_class/savyo/synapse-bench/envs/gateway/lib/python3.12/site-packages/starlette/routing.py", line 715, in __call__
    await self.middleware_stack(scope, receive, send)
  File "/scratch/si650f26_class_root/si650f26_class/savyo/synapse-bench/envs/gateway/lib/python3.12/site-packages/starlette/routing.py", line 735, in app
    await route.handle(scope, receive, send)
  File "/scratch/si650f26_class_root/si650f26_class/savyo/synapse-bench/envs/gateway/lib/python3.12/site-packages/starlette/routing.py", line 288, in handle
    await self.app(scope, receive, send)
  File "/scratch/si650f26_class_root/si650f26_class/savyo/synapse-bench/envs/gateway/lib/python3.12/site-packages/starlette/routing.py", line 76, in app
    await wrap_app_handling_exceptions(app, request)(scope, receive, send)
  File "/scratch/si650f26_class_root/si650f26_class/savyo/synapse-bench/envs/gateway/lib/python3.12/site-packages/starlette/_exception_handler.py", line 62, in wrapped_app
    raise exc
  File "/scratch/si650f26_class_root/si650f26_class/savyo/synapse-bench/envs/gateway/lib/python3.12/site-packages/starlette/_exception_handler.py", line 51, in wrapped_app
    await app(scope, receive, sender)
  File "/scratch/si650f26_class_root/si650f26_class/savyo/synapse-bench/envs/gateway/lib/python3.12/site-packages/starlette/routing.py", line 73, in app
    response = await f(request)
               ^^^^^^^^^^^^^^^^
  File "/scratch/si650f26_class_root/si650f26_class/savyo/synapse-bench/envs/gateway/lib/python3.12/site-packages/fastapi/routing.py", line 291, in app
    solved_result = await solve_dependencies(
                    ^^^^^^^^^^^^^^^^^^^^^^^^^
  File "/scratch/si650f26_class_root/si650f26_class/savyo/synapse-bench/envs/gateway/lib/python3.12/site-packages/fastapi/dependencies/utils.py", line 630, in solve_dependencies
    solved = await run_in_threadpool(call, **solved_result.values)
             ^^^^^^^^^^^^^^^^^^^^^^^^^^^^^^^^^^^^^^^^^^^^^^^^^^^^^
  File "/scratch/si650f26_class_root/si650f26_class/savyo/synapse-bench/envs/gateway/lib/python3.12/site-packages/starlette/concurrency.py", line 39, in run_in_threadpool
    return await anyio.to_thread.run_sync(func, *args)
           ^^^^^^^^^^^^^^^^^^^^^^^^^^^^^^^^^^^^^^^^^^^
  File "/scratch/si650f26_class_root/si650f26_class/savyo/synapse-bench/envs/gateway/lib/python3.12/site-packages/anyio/to_thread.py", line 65, in run_sync
    return await get_async_backend().run_sync_in_worker_thread(
           ^^^^^^^^^^^^^^^^^^^^^^^^^^^^^^^^^^^^^^^^^^^^^^^^^^^^
  File "/scratch/si650f26_class_root/si650f26_class/savyo/synapse-bench/envs/gateway/lib/python3.12/site-packages/anyio/_backends/_asyncio.py", line 2706, in run_sync_in_worker_thread
    return await future
           ^^^^^^^^^^^^
  File "/scratch/si650f26_class_root/si650f26_class/savyo/synapse-bench/envs/gateway/lib/python3.12/site-packages/anyio/_backends/_asyncio.py", line 1100, in run
    result = context.run(func, *args)
             ^^^^^^^^^^^^^^^^^^^^^^^^
  File "/gpfs/accounts/si650f26_class_root/si650f26_class/savyo/synapse-bench/repo/backend/app/auth.py", line 35, in require_api_key
    api_key = db.query(ApiKey).filter(ApiKey.key_hash == key_hash, ApiKey.revoked.is_(False)).first()
              ^^^^^^^^^^^^^^^^^^^^^^^^^^^^^^^^^^^^^^^^^^^^^^^^^^^^^^^^^^^^^^^^^^^^^^^^^^^^^^^^^^^^^^^
  File "/scratch/si650f26_class_root/si650f26_class/savyo/synapse-bench/envs/gateway/lib/python3.12/site-packages/sqlalchemy/orm/query.py", line 2728, in first
    return self.limit(1)._iter().first()  # type: ignore
           ^^^^^^^^^^^^^^^^^^^^^
  File "/scratch/si650f26_class_root/si650f26_class/savyo/synapse-bench/envs/gateway/lib/python3.12/site-packages/sqlalchemy/orm/query.py", line 2827, in _iter
    result: Union[ScalarResult[_T], Result[_T]] = self.session.execute(
                                                  ^^^^^^^^^^^^^^^^^^^^^
  File "/scratch/si650f26_class_root/si650f26_class/savyo/synapse-bench/envs/gateway/lib/python3.12/site-packages/sqlalchemy/orm/session.py", line 2362, in execute
    return self._execute_internal(
           ^^^^^^^^^^^^^^^^^^^^^^^
  File "/scratch/si650f26_class_root/si650f26_class/savyo/synapse-bench/envs/gateway/lib/python3.12/site-packages/sqlalchemy/orm/session.py", line 2237, in _execute_internal
    conn = self._connection_for_bind(bind)
           ^^^^^^^^^^^^^^^^^^^^^^^^^^^^^^^
  File "/scratch/si650f26_class_root/si650f26_class/savyo/synapse-bench/envs/gateway/lib/python3.12/site-packages/sqlalchemy/orm/session.py", line 2106, in _connection_for_bind
    return trans._connection_for_bind(engine, execution_options)
           ^^^^^^^^^^^^^^^^^^^^^^^^^^^^^^^^^^^^^^^^^^^^^^^^^^^^^
  File "<string>", line 2, in _connection_for_bind
  File "/scratch/si650f26_class_root/si650f26_class/savyo/synapse-bench/envs/gateway/lib/python3.12/site-packages/sqlalchemy/orm/state_changes.py", line 139, in _go
    ret_value = fn(self, *arg, **kw)
                ^^^^^^^^^^^^^^^^^^^^
  File "/scratch/si650f26_class_root/si650f26_class/savyo/synapse-bench/envs/gateway/lib/python3.12/site-packages/sqlalchemy/orm/session.py", line 1189, in _connection_for_bind
    conn = bind.connect()
           ^^^^^^^^^^^^^^
  File "/scratch/si650f26_class_root/si650f26_class/savyo/synapse-bench/envs/gateway/lib/python3.12/site-packages/sqlalchemy/engine/base.py", line 3278, in connect
    return self._connection_cls(self)
           ^^^^^^^^^^^^^^^^^^^^^^^^^^
  File "/scratch/si650f26_class_root/si650f26_class/savyo/synapse-bench/envs/gateway/lib/python3.12/site-packages/sqlalchemy/engine/base.py", line 146, in __init__
    self._dbapi_connection = engine.raw_connection()
                             ^^^^^^^^^^^^^^^^^^^^^^^
  File "/scratch/si650f26_class_root/si650f26_class/savyo/synapse-bench/envs/gateway/lib/python3.12/site-packages/sqlalchemy/engine/base.py", line 3302, in raw_connection
    return self.pool.connect()
           ^^^^^^^^^^^^^^^^^^^
  File "/scratch/si650f26_class_root/si650f26_class/savyo/synapse-bench/envs/gateway/lib/python3.12/site-packages/sqlalchemy/pool/base.py", line 449, in connect
    return _ConnectionFairy._checkout(self)
           ^^^^^^^^^^^^^^^^^^^^^^^^^^^^^^^^
  File "/scratch/si650f26_class_root/si650f26_class/savyo/synapse-bench/envs/gateway/lib/python3.12/site-packages/sqlalchemy/pool/base.py", line 1263, in _checkout
    fairy = _ConnectionRecord.checkout(pool)
            ^^^^^^^^^^^^^^^^^^^^^^^^^^^^^^^^
  File "/scratch/si650f26_class_root/si650f26_class/savyo/synapse-bench/envs/gateway/lib/python3.12/site-packages/sqlalchemy/pool/base.py", line 712, in checkout
    rec = pool._do_get()
          ^^^^^^^^^^^^^^
  File "/scratch/si650f26_class_root/si650f26_class/savyo/synapse-bench/envs/gateway/lib/python3.12/site-packages/sqlalchemy/pool/impl.py", line 168, in _do_get
    raise exc.TimeoutError(
sqlalchemy.exc.TimeoutError: QueuePool limit of size 5 overflow 10 reached, connection timed out, timeout 30.00 (Background on this error at: https://sqlalche.me/e/20/3o7r)
ERROR:    Exception in ASGI application
Traceback (most recent call last):
  File "/scratch/si650f26_class_root/si650f26_class/savyo/synapse-bench/envs/gateway/lib/python3.12/site-packages/uvicorn/protocols/http/httptools_impl.py", line 401, in run_asgi
    result = await app(  # type: ignore[func-returns-value]
             ^^^^^^^^^^^^^^^^^^^^^^^^^^^^^^^^^^^^^^^^^^^^^^
  File "/scratch/si650f26_class_root/si650f26_class/savyo/synapse-bench/envs/gateway/lib/python3.12/site-packages/uvicorn/middleware/proxy_headers.py", line 70, in __call__
    return await self.app(scope, receive, send)
           ^^^^^^^^^^^^^^^^^^^^^^^^^^^^^^^^^^^^
  File "/scratch/si650f26_class_root/si650f26_class/savyo/synapse-bench/envs/gateway/lib/python3.12/site-packages/fastapi/applications.py", line 1054, in __call__
    await super().__call__(scope, receive, send)
  File "/scratch/si650f26_class_root/si650f26_class/savyo/synapse-bench/envs/gateway/lib/python3.12/site-packages/starlette/applications.py", line 113, in __call__
    await self.middleware_stack(scope, receive, send)
  File "/scratch/si650f26_class_root/si650f26_class/savyo/synapse-bench/envs/gateway/lib/python3.12/site-packages/starlette/middleware/errors.py", line 187, in __call__
    raise exc
  File "/scratch/si650f26_class_root/si650f26_class/savyo/synapse-bench/envs/gateway/lib/python3.12/site-packages/starlette/middleware/errors.py", line 165, in __call__
    await self.app(scope, receive, _send)
  File "/scratch/si650f26_class_root/si650f26_class/savyo/synapse-bench/envs/gateway/lib/python3.12/site-packages/starlette/middleware/cors.py", line 85, in __call__
    await self.app(scope, receive, send)
  File "/scratch/si650f26_class_root/si650f26_class/savyo/synapse-bench/envs/gateway/lib/python3.12/site-packages/starlette/middleware/exceptions.py", line 62, in __call__
    await wrap_app_handling_exceptions(self.app, conn)(scope, receive, send)
  File "/scratch/si650f26_class_root/si650f26_class/savyo/synapse-bench/envs/gateway/lib/python3.12/site-packages/starlette/_exception_handler.py", line 62, in wrapped_app
    raise exc
  File "/scratch/si650f26_class_root/si650f26_class/savyo/synapse-bench/envs/gateway/lib/python3.12/site-packages/starlette/_exception_handler.py", line 51, in wrapped_app
    await app(scope, receive, sender)
  File "/scratch/si650f26_class_root/si650f26_class/savyo/synapse-bench/envs/gateway/lib/python3.12/site-packages/starlette/routing.py", line 715, in __call__
    await self.middleware_stack(scope, receive, send)
  File "/scratch/si650f26_class_root/si650f26_class/savyo/synapse-bench/envs/gateway/lib/python3.12/site-packages/starlette/routing.py", line 735, in app
    await route.handle(scope, receive, send)
  File "/scratch/si650f26_class_root/si650f26_class/savyo/synapse-bench/envs/gateway/lib/python3.12/site-packages/starlette/routing.py", line 288, in handle
    await self.app(scope, receive, send)
  File "/scratch/si650f26_class_root/si650f26_class/savyo/synapse-bench/envs/gateway/lib/python3.12/site-packages/starlette/routing.py", line 76, in app
    await wrap_app_handling_exceptions(app, request)(scope, receive, send)
  File "/scratch/si650f26_class_root/si650f26_class/savyo/synapse-bench/envs/gateway/lib/python3.12/site-packages/starlette/_exception_handler.py", line 62, in wrapped_app
    raise exc
  File "/scratch/si650f26_class_root/si650f26_class/savyo/synapse-bench/envs/gateway/lib/python3.12/site-packages/starlette/_exception_handler.py", line 51, in wrapped_app
    await app(scope, receive, sender)
  File "/scratch/si650f26_class_root/si650f26_class/savyo/synapse-bench/envs/gateway/lib/python3.12/site-packages/starlette/routing.py", line 73, in app
    response = await f(request)
               ^^^^^^^^^^^^^^^^
  File "/scratch/si650f26_class_root/si650f26_class/savyo/synapse-bench/envs/gateway/lib/python3.12/site-packages/fastapi/routing.py", line 291, in app
    solved_result = await solve_dependencies(
                    ^^^^^^^^^^^^^^^^^^^^^^^^^
  File "/scratch/si650f26_class_root/si650f26_class/savyo/synapse-bench/envs/gateway/lib/python3.12/site-packages/fastapi/dependencies/utils.py", line 630, in solve_dependencies
    solved = await run_in_threadpool(call, **solved_result.values)
             ^^^^^^^^^^^^^^^^^^^^^^^^^^^^^^^^^^^^^^^^^^^^^^^^^^^^^
  File "/scratch/si650f26_class_root/si650f26_class/savyo/synapse-bench/envs/gateway/lib/python3.12/site-packages/starlette/concurrency.py", line 39, in run_in_threadpool
    return await anyio.to_thread.run_sync(func, *args)
           ^^^^^^^^^^^^^^^^^^^^^^^^^^^^^^^^^^^^^^^^^^^
  File "/scratch/si650f26_class_root/si650f26_class/savyo/synapse-bench/envs/gateway/lib/python3.12/site-packages/anyio/to_thread.py", line 65, in run_sync
    return await get_async_backend().run_sync_in_worker_thread(
           ^^^^^^^^^^^^^^^^^^^^^^^^^^^^^^^^^^^^^^^^^^^^^^^^^^^^
  File "/scratch/si650f26_class_root/si650f26_class/savyo/synapse-bench/envs/gateway/lib/python3.12/site-packages/anyio/_backends/_asyncio.py", line 2706, in run_sync_in_worker_thread
    return await future
           ^^^^^^^^^^^^
  File "/scratch/si650f26_class_root/si650f26_class/savyo/synapse-bench/envs/gateway/lib/python3.12/site-packages/anyio/_backends/_asyncio.py", line 1100, in run
    result = context.run(func, *args)
             ^^^^^^^^^^^^^^^^^^^^^^^^
  File "/gpfs/accounts/si650f26_class_root/si650f26_class/savyo/synapse-bench/repo/backend/app/auth.py", line 35, in require_api_key
    api_key = db.query(ApiKey).filter(ApiKey.key_hash == key_hash, ApiKey.revoked.is_(False)).first()
              ^^^^^^^^^^^^^^^^^^^^^^^^^^^^^^^^^^^^^^^^^^^^^^^^^^^^^^^^^^^^^^^^^^^^^^^^^^^^^^^^^^^^^^^
  File "/scratch/si650f26_class_root/si650f26_class/savyo/synapse-bench/envs/gateway/lib/python3.12/site-packages/sqlalchemy/orm/query.py", line 2728, in first
    return self.limit(1)._iter().first()  # type: ignore
           ^^^^^^^^^^^^^^^^^^^^^
  File "/scratch/si650f26_class_root/si650f26_class/savyo/synapse-bench/envs/gateway/lib/python3.12/site-packages/sqlalchemy/orm/query.py", line 2827, in _iter
    result: Union[ScalarResult[_T], Result[_T]] = self.session.execute(
                                                  ^^^^^^^^^^^^^^^^^^^^^
  File "/scratch/si650f26_class_root/si650f26_class/savyo/synapse-bench/envs/gateway/lib/python3.12/site-packages/sqlalchemy/orm/session.py", line 2362, in execute
    return self._execute_internal(
           ^^^^^^^^^^^^^^^^^^^^^^^
  File "/scratch/si650f26_class_root/si650f26_class/savyo/synapse-bench/envs/gateway/lib/python3.12/site-packages/sqlalchemy/orm/session.py", line 2237, in _execute_internal
    conn = self._connection_for_bind(bind)
           ^^^^^^^^^^^^^^^^^^^^^^^^^^^^^^^
  File "/scratch/si650f26_class_root/si650f26_class/savyo/synapse-bench/envs/gateway/lib/python3.12/site-packages/sqlalchemy/orm/session.py", line 2106, in _connection_for_bind
    return trans._connection_for_bind(engine, execution_options)
           ^^^^^^^^^^^^^^^^^^^^^^^^^^^^^^^^^^^^^^^^^^^^^^^^^^^^^
  File "<string>", line 2, in _connection_for_bind
  File "/scratch/si650f26_class_root/si650f26_class/savyo/synapse-bench/envs/gateway/lib/python3.12/site-packages/sqlalchemy/orm/state_changes.py", line 139, in _go
    ret_value = fn(self, *arg, **kw)
                ^^^^^^^^^^^^^^^^^^^^
  File "/scratch/si650f26_class_root/si650f26_class/savyo/synapse-bench/envs/gateway/lib/python3.12/site-packages/sqlalchemy/orm/session.py", line 1189, in _connection_for_bind
    conn = bind.connect()
           ^^^^^^^^^^^^^^
  File "/scratch/si650f26_class_root/si650f26_class/savyo/synapse-bench/envs/gateway/lib/python3.12/site-packages/sqlalchemy/engine/base.py", line 3278, in connect
    return self._connection_cls(self)
           ^^^^^^^^^^^^^^^^^^^^^^^^^^
  File "/scratch/si650f26_class_root/si650f26_class/savyo/synapse-bench/envs/gateway/lib/python3.12/site-packages/sqlalchemy/engine/base.py", line 146, in __init__
    self._dbapi_connection = engine.raw_connection()
                             ^^^^^^^^^^^^^^^^^^^^^^^
  File "/scratch/si650f26_class_root/si650f26_class/savyo/synapse-bench/envs/gateway/lib/python3.12/site-packages/sqlalchemy/engine/base.py", line 3302, in raw_connection
    return self.pool.connect()
           ^^^^^^^^^^^^^^^^^^^
  File "/scratch/si650f26_class_root/si650f26_class/savyo/synapse-bench/envs/gateway/lib/python3.12/site-packages/sqlalchemy/pool/base.py", line 449, in connect
    return _ConnectionFairy._checkout(self)
           ^^^^^^^^^^^^^^^^^^^^^^^^^^^^^^^^
  File "/scratch/si650f26_class_root/si650f26_class/savyo/synapse-bench/envs/gateway/lib/python3.12/site-packages/sqlalchemy/pool/base.py", line 1263, in _checkout
    fairy = _ConnectionRecord.checkout(pool)
            ^^^^^^^^^^^^^^^^^^^^^^^^^^^^^^^^
  File "/scratch/si650f26_class_root/si650f26_class/savyo/synapse-bench/envs/gateway/lib/python3.12/site-packages/sqlalchemy/pool/base.py", line 712, in checkout
    rec = pool._do_get()
          ^^^^^^^^^^^^^^
  File "/scratch/si650f26_class_root/si650f26_class/savyo/synapse-bench/envs/gateway/lib/python3.12/site-packages/sqlalchemy/pool/impl.py", line 168, in _do_get
    raise exc.TimeoutError(
sqlalchemy.exc.TimeoutError: QueuePool limit of size 5 overflow 10 reached, connection timed out, timeout 30.00 (Background on this error at: https://sqlalche.me/e/20/3o7r)
ERROR:    Exception in ASGI application
Traceback (most recent call last):
  File "/scratch/si650f26_class_root/si650f26_class/savyo/synapse-bench/envs/gateway/lib/python3.12/site-packages/uvicorn/protocols/http/httptools_impl.py", line 401, in run_asgi
    result = await app(  # type: ignore[func-returns-value]
             ^^^^^^^^^^^^^^^^^^^^^^^^^^^^^^^^^^^^^^^^^^^^^^
  File "/scratch/si650f26_class_root/si650f26_class/savyo/synapse-bench/envs/gateway/lib/python3.12/site-packages/uvicorn/middleware/proxy_headers.py", line 70, in __call__
    return await self.app(scope, receive, send)
           ^^^^^^^^^^^^^^^^^^^^^^^^^^^^^^^^^^^^
  File "/scratch/si650f26_class_root/si650f26_class/savyo/synapse-bench/envs/gateway/lib/python3.12/site-packages/fastapi/applications.py", line 1054, in __call__
    await super().__call__(scope, receive, send)
  File "/scratch/si650f26_class_root/si650f26_class/savyo/synapse-bench/envs/gateway/lib/python3.12/site-packages/starlette/applications.py", line 113, in __call__
    await self.middleware_stack(scope, receive, send)
  File "/scratch/si650f26_class_root/si650f26_class/savyo/synapse-bench/envs/gateway/lib/python3.12/site-packages/starlette/middleware/errors.py", line 187, in __call__
    raise exc
  File "/scratch/si650f26_class_root/si650f26_class/savyo/synapse-bench/envs/gateway/lib/python3.12/site-packages/starlette/middleware/errors.py", line 165, in __call__
    await self.app(scope, receive, _send)
  File "/scratch/si650f26_class_root/si650f26_class/savyo/synapse-bench/envs/gateway/lib/python3.12/site-packages/starlette/middleware/cors.py", line 85, in __call__
    await self.app(scope, receive, send)
  File "/scratch/si650f26_class_root/si650f26_class/savyo/synapse-bench/envs/gateway/lib/python3.12/site-packages/starlette/middleware/exceptions.py", line 62, in __call__
    await wrap_app_handling_exceptions(self.app, conn)(scope, receive, send)
  File "/scratch/si650f26_class_root/si650f26_class/savyo/synapse-bench/envs/gateway/lib/python3.12/site-packages/starlette/_exception_handler.py", line 62, in wrapped_app
    raise exc
  File "/scratch/si650f26_class_root/si650f26_class/savyo/synapse-bench/envs/gateway/lib/python3.12/site-packages/starlette/_exception_handler.py", line 51, in wrapped_app
    await app(scope, receive, sender)
  File "/scratch/si650f26_class_root/si650f26_class/savyo/synapse-bench/envs/gateway/lib/python3.12/site-packages/starlette/routing.py", line 715, in __call__
    await self.middleware_stack(scope, receive, send)
  File "/scratch/si650f26_class_root/si650f26_class/savyo/synapse-bench/envs/gateway/lib/python3.12/site-packages/starlette/routing.py", line 735, in app
    await route.handle(scope, receive, send)
  File "/scratch/si650f26_class_root/si650f26_class/savyo/synapse-bench/envs/gateway/lib/python3.12/site-packages/starlette/routing.py", line 288, in handle
    await self.app(scope, receive, send)
  File "/scratch/si650f26_class_root/si650f26_class/savyo/synapse-bench/envs/gateway/lib/python3.12/site-packages/starlette/routing.py", line 76, in app
    await wrap_app_handling_exceptions(app, request)(scope, receive, send)
  File "/scratch/si650f26_class_root/si650f26_class/savyo/synapse-bench/envs/gateway/lib/python3.12/site-packages/starlette/_exception_handler.py", line 62, in wrapped_app
    raise exc
  File "/scratch/si650f26_class_root/si650f26_class/savyo/synapse-bench/envs/gateway/lib/python3.12/site-packages/starlette/_exception_handler.py", line 51, in wrapped_app
    await app(scope, receive, sender)
  File "/scratch/si650f26_class_root/si650f26_class/savyo/synapse-bench/envs/gateway/lib/python3.12/site-packages/starlette/routing.py", line 73, in app
    response = await f(request)
               ^^^^^^^^^^^^^^^^
  File "/scratch/si650f26_class_root/si650f26_class/savyo/synapse-bench/envs/gateway/lib/python3.12/site-packages/fastapi/routing.py", line 291, in app
    solved_result = await solve_dependencies(
                    ^^^^^^^^^^^^^^^^^^^^^^^^^
  File "/scratch/si650f26_class_root/si650f26_class/savyo/synapse-bench/envs/gateway/lib/python3.12/site-packages/fastapi/dependencies/utils.py", line 630, in solve_dependencies
    solved = await run_in_threadpool(call, **solved_result.values)
             ^^^^^^^^^^^^^^^^^^^^^^^^^^^^^^^^^^^^^^^^^^^^^^^^^^^^^
  File "/scratch/si650f26_class_root/si650f26_class/savyo/synapse-bench/envs/gateway/lib/python3.12/site-packages/starlette/concurrency.py", line 39, in run_in_threadpool
    return await anyio.to_thread.run_sync(func, *args)
           ^^^^^^^^^^^^^^^^^^^^^^^^^^^^^^^^^^^^^^^^^^^
  File "/scratch/si650f26_class_root/si650f26_class/savyo/synapse-bench/envs/gateway/lib/python3.12/site-packages/anyio/to_thread.py", line 65, in run_sync
    return await get_async_backend().run_sync_in_worker_thread(
           ^^^^^^^^^^^^^^^^^^^^^^^^^^^^^^^^^^^^^^^^^^^^^^^^^^^^
  File "/scratch/si650f26_class_root/si650f26_class/savyo/synapse-bench/envs/gateway/lib/python3.12/site-packages/anyio/_backends/_asyncio.py", line 2706, in run_sync_in_worker_thread
    return await future
           ^^^^^^^^^^^^
  File "/scratch/si650f26_class_root/si650f26_class/savyo/synapse-bench/envs/gateway/lib/python3.12/site-packages/anyio/_backends/_asyncio.py", line 1100, in run
    result = context.run(func, *args)
             ^^^^^^^^^^^^^^^^^^^^^^^^
  File "/gpfs/accounts/si650f26_class_root/si650f26_class/savyo/synapse-bench/repo/backend/app/auth.py", line 35, in require_api_key
    api_key = db.query(ApiKey).filter(ApiKey.key_hash == key_hash, ApiKey.revoked.is_(False)).first()
              ^^^^^^^^^^^^^^^^^^^^^^^^^^^^^^^^^^^^^^^^^^^^^^^^^^^^^^^^^^^^^^^^^^^^^^^^^^^^^^^^^^^^^^^
  File "/scratch/si650f26_class_root/si650f26_class/savyo/synapse-bench/envs/gateway/lib/python3.12/site-packages/sqlalchemy/orm/query.py", line 2728, in first
    return self.limit(1)._iter().first()  # type: ignore
           ^^^^^^^^^^^^^^^^^^^^^
  File "/scratch/si650f26_class_root/si650f26_class/savyo/synapse-bench/envs/gateway/lib/python3.12/site-packages/sqlalchemy/orm/query.py", line 2827, in _iter
    result: Union[ScalarResult[_T], Result[_T]] = self.session.execute(
                                                  ^^^^^^^^^^^^^^^^^^^^^
  File "/scratch/si650f26_class_root/si650f26_class/savyo/synapse-bench/envs/gateway/lib/python3.12/site-packages/sqlalchemy/orm/session.py", line 2362, in execute
    return self._execute_internal(
           ^^^^^^^^^^^^^^^^^^^^^^^
  File "/scratch/si650f26_class_root/si650f26_class/savyo/synapse-bench/envs/gateway/lib/python3.12/site-packages/sqlalchemy/orm/session.py", line 2237, in _execute_internal
    conn = self._connection_for_bind(bind)
           ^^^^^^^^^^^^^^^^^^^^^^^^^^^^^^^
  File "/scratch/si650f26_class_root/si650f26_class/savyo/synapse-bench/envs/gateway/lib/python3.12/site-packages/sqlalchemy/orm/session.py", line 2106, in _connection_for_bind
    return trans._connection_for_bind(engine, execution_options)
           ^^^^^^^^^^^^^^^^^^^^^^^^^^^^^^^^^^^^^^^^^^^^^^^^^^^^^
  File "<string>", line 2, in _connection_for_bind
  File "/scratch/si650f26_class_root/si650f26_class/savyo/synapse-bench/envs/gateway/lib/python3.12/site-packages/sqlalchemy/orm/state_changes.py", line 139, in _go
    ret_value = fn(self, *arg, **kw)
                ^^^^^^^^^^^^^^^^^^^^
  File "/scratch/si650f26_class_root/si650f26_class/savyo/synapse-bench/envs/gateway/lib/python3.12/site-packages/sqlalchemy/orm/session.py", line 1189, in _connection_for_bind
    conn = bind.connect()
           ^^^^^^^^^^^^^^
  File "/scratch/si650f26_class_root/si650f26_class/savyo/synapse-bench/envs/gateway/lib/python3.12/site-packages/sqlalchemy/engine/base.py", line 3278, in connect
    return self._connection_cls(self)
           ^^^^^^^^^^^^^^^^^^^^^^^^^^
  File "/scratch/si650f26_class_root/si650f26_class/savyo/synapse-bench/envs/gateway/lib/python3.12/site-packages/sqlalchemy/engine/base.py", line 146, in __init__
    self._dbapi_connection = engine.raw_connection()
                             ^^^^^^^^^^^^^^^^^^^^^^^
  File "/scratch/si650f26_class_root/si650f26_class/savyo/synapse-bench/envs/gateway/lib/python3.12/site-packages/sqlalchemy/engine/base.py", line 3302, in raw_connection
    return self.pool.connect()
           ^^^^^^^^^^^^^^^^^^^
  File "/scratch/si650f26_class_root/si650f26_class/savyo/synapse-bench/envs/gateway/lib/python3.12/site-packages/sqlalchemy/pool/base.py", line 449, in connect
    return _ConnectionFairy._checkout(self)
           ^^^^^^^^^^^^^^^^^^^^^^^^^^^^^^^^
  File "/scratch/si650f26_class_root/si650f26_class/savyo/synapse-bench/envs/gateway/lib/python3.12/site-packages/sqlalchemy/pool/base.py", line 1263, in _checkout
    fairy = _ConnectionRecord.checkout(pool)
            ^^^^^^^^^^^^^^^^^^^^^^^^^^^^^^^^
  File "/scratch/si650f26_class_root/si650f26_class/savyo/synapse-bench/envs/gateway/lib/python3.12/site-packages/sqlalchemy/pool/base.py", line 712, in checkout
    rec = pool._do_get()
          ^^^^^^^^^^^^^^
  File "/scratch/si650f26_class_root/si650f26_class/savyo/synapse-bench/envs/gateway/lib/python3.12/site-packages/sqlalchemy/pool/impl.py", line 168, in _do_get
    raise exc.TimeoutError(
sqlalchemy.exc.TimeoutError: QueuePool limit of size 5 overflow 10 reached, connection timed out, timeout 30.00 (Background on this error at: https://sqlalche.me/e/20/3o7r)
ERROR:    Exception in ASGI application
Traceback (most recent call last):
  File "/scratch/si650f26_class_root/si650f26_class/savyo/synapse-bench/envs/gateway/lib/python3.12/site-packages/uvicorn/protocols/http/httptools_impl.py", line 401, in run_asgi
    result = await app(  # type: ignore[func-returns-value]
             ^^^^^^^^^^^^^^^^^^^^^^^^^^^^^^^^^^^^^^^^^^^^^^
  File "/scratch/si650f26_class_root/si650f26_class/savyo/synapse-bench/envs/gateway/lib/python3.12/site-packages/uvicorn/middleware/proxy_headers.py", line 70, in __call__
    return await self.app(scope, receive, send)
           ^^^^^^^^^^^^^^^^^^^^^^^^^^^^^^^^^^^^
  File "/scratch/si650f26_class_root/si650f26_class/savyo/synapse-bench/envs/gateway/lib/python3.12/site-packages/fastapi/applications.py", line 1054, in __call__
    await super().__call__(scope, receive, send)
  File "/scratch/si650f26_class_root/si650f26_class/savyo/synapse-bench/envs/gateway/lib/python3.12/site-packages/starlette/applications.py", line 113, in __call__
    await self.middleware_stack(scope, receive, send)
  File "/scratch/si650f26_class_root/si650f26_class/savyo/synapse-bench/envs/gateway/lib/python3.12/site-packages/starlette/middleware/errors.py", line 187, in __call__
    raise exc
  File "/scratch/si650f26_class_root/si650f26_class/savyo/synapse-bench/envs/gateway/lib/python3.12/site-packages/starlette/middleware/errors.py", line 165, in __call__
    await self.app(scope, receive, _send)
  File "/scratch/si650f26_class_root/si650f26_class/savyo/synapse-bench/envs/gateway/lib/python3.12/site-packages/starlette/middleware/cors.py", line 85, in __call__
    await self.app(scope, receive, send)
  File "/scratch/si650f26_class_root/si650f26_class/savyo/synapse-bench/envs/gateway/lib/python3.12/site-packages/starlette/middleware/exceptions.py", line 62, in __call__
    await wrap_app_handling_exceptions(self.app, conn)(scope, receive, send)
  File "/scratch/si650f26_class_root/si650f26_class/savyo/synapse-bench/envs/gateway/lib/python3.12/site-packages/starlette/_exception_handler.py", line 62, in wrapped_app
    raise exc
  File "/scratch/si650f26_class_root/si650f26_class/savyo/synapse-bench/envs/gateway/lib/python3.12/site-packages/starlette/_exception_handler.py", line 51, in wrapped_app
    await app(scope, receive, sender)
  File "/scratch/si650f26_class_root/si650f26_class/savyo/synapse-bench/envs/gateway/lib/python3.12/site-packages/starlette/routing.py", line 715, in __call__
    await self.middleware_stack(scope, receive, send)
  File "/scratch/si650f26_class_root/si650f26_class/savyo/synapse-bench/envs/gateway/lib/python3.12/site-packages/starlette/routing.py", line 735, in app
    await route.handle(scope, receive, send)
  File "/scratch/si650f26_class_root/si650f26_class/savyo/synapse-bench/envs/gateway/lib/python3.12/site-packages/starlette/routing.py", line 288, in handle
    await self.app(scope, receive, send)
  File "/scratch/si650f26_class_root/si650f26_class/savyo/synapse-bench/envs/gateway/lib/python3.12/site-packages/starlette/routing.py", line 76, in app
    await wrap_app_handling_exceptions(app, request)(scope, receive, send)
  File "/scratch/si650f26_class_root/si650f26_class/savyo/synapse-bench/envs/gateway/lib/python3.12/site-packages/starlette/_exception_handler.py", line 62, in wrapped_app
    raise exc
  File "/scratch/si650f26_class_root/si650f26_class/savyo/synapse-bench/envs/gateway/lib/python3.12/site-packages/starlette/_exception_handler.py", line 51, in wrapped_app
    await app(scope, receive, sender)
  File "/scratch/si650f26_class_root/si650f26_class/savyo/synapse-bench/envs/gateway/lib/python3.12/site-packages/starlette/routing.py", line 73, in app
    response = await f(request)
               ^^^^^^^^^^^^^^^^
  File "/scratch/si650f26_class_root/si650f26_class/savyo/synapse-bench/envs/gateway/lib/python3.12/site-packages/fastapi/routing.py", line 291, in app
    solved_result = await solve_dependencies(
                    ^^^^^^^^^^^^^^^^^^^^^^^^^
  File "/scratch/si650f26_class_root/si650f26_class/savyo/synapse-bench/envs/gateway/lib/python3.12/site-packages/fastapi/dependencies/utils.py", line 630, in solve_dependencies
    solved = await run_in_threadpool(call, **solved_result.values)
             ^^^^^^^^^^^^^^^^^^^^^^^^^^^^^^^^^^^^^^^^^^^^^^^^^^^^^
  File "/scratch/si650f26_class_root/si650f26_class/savyo/synapse-bench/envs/gateway/lib/python3.12/site-packages/starlette/concurrency.py", line 39, in run_in_threadpool
    return await anyio.to_thread.run_sync(func, *args)
           ^^^^^^^^^^^^^^^^^^^^^^^^^^^^^^^^^^^^^^^^^^^
  File "/scratch/si650f26_class_root/si650f26_class/savyo/synapse-bench/envs/gateway/lib/python3.12/site-packages/anyio/to_thread.py", line 65, in run_sync
    return await get_async_backend().run_sync_in_worker_thread(
           ^^^^^^^^^^^^^^^^^^^^^^^^^^^^^^^^^^^^^^^^^^^^^^^^^^^^
  File "/scratch/si650f26_class_root/si650f26_class/savyo/synapse-bench/envs/gateway/lib/python3.12/site-packages/anyio/_backends/_asyncio.py", line 2706, in run_sync_in_worker_thread
    return await future
           ^^^^^^^^^^^^
  File "/scratch/si650f26_class_root/si650f26_class/savyo/synapse-bench/envs/gateway/lib/python3.12/site-packages/anyio/_backends/_asyncio.py", line 1100, in run
    result = context.run(func, *args)
             ^^^^^^^^^^^^^^^^^^^^^^^^
  File "/gpfs/accounts/si650f26_class_root/si650f26_class/savyo/synapse-bench/repo/backend/app/auth.py", line 35, in require_api_key
    api_key = db.query(ApiKey).filter(ApiKey.key_hash == key_hash, ApiKey.revoked.is_(False)).first()
              ^^^^^^^^^^^^^^^^^^^^^^^^^^^^^^^^^^^^^^^^^^^^^^^^^^^^^^^^^^^^^^^^^^^^^^^^^^^^^^^^^^^^^^^
  File "/scratch/si650f26_class_root/si650f26_class/savyo/synapse-bench/envs/gateway/lib/python3.12/site-packages/sqlalchemy/orm/query.py", line 2728, in first
    return self.limit(1)._iter().first()  # type: ignore
           ^^^^^^^^^^^^^^^^^^^^^
  File "/scratch/si650f26_class_root/si650f26_class/savyo/synapse-bench/envs/gateway/lib/python3.12/site-packages/sqlalchemy/orm/query.py", line 2827, in _iter
    result: Union[ScalarResult[_T], Result[_T]] = self.session.execute(
                                                  ^^^^^^^^^^^^^^^^^^^^^
  File "/scratch/si650f26_class_root/si650f26_class/savyo/synapse-bench/envs/gateway/lib/python3.12/site-packages/sqlalchemy/orm/session.py", line 2362, in execute
    return self._execute_internal(
           ^^^^^^^^^^^^^^^^^^^^^^^
  File "/scratch/si650f26_class_root/si650f26_class/savyo/synapse-bench/envs/gateway/lib/python3.12/site-packages/sqlalchemy/orm/session.py", line 2237, in _execute_internal
    conn = self._connection_for_bind(bind)
           ^^^^^^^^^^^^^^^^^^^^^^^^^^^^^^^
  File "/scratch/si650f26_class_root/si650f26_class/savyo/synapse-bench/envs/gateway/lib/python3.12/site-packages/sqlalchemy/orm/session.py", line 2106, in _connection_for_bind
    return trans._connection_for_bind(engine, execution_options)
           ^^^^^^^^^^^^^^^^^^^^^^^^^^^^^^^^^^^^^^^^^^^^^^^^^^^^^
  File "<string>", line 2, in _connection_for_bind
  File "/scratch/si650f26_class_root/si650f26_class/savyo/synapse-bench/envs/gateway/lib/python3.12/site-packages/sqlalchemy/orm/state_changes.py", line 139, in _go
    ret_value = fn(self, *arg, **kw)
                ^^^^^^^^^^^^^^^^^^^^
  File "/scratch/si650f26_class_root/si650f26_class/savyo/synapse-bench/envs/gateway/lib/python3.12/site-packages/sqlalchemy/orm/session.py", line 1189, in _connection_for_bind
    conn = bind.connect()
           ^^^^^^^^^^^^^^
  File "/scratch/si650f26_class_root/si650f26_class/savyo/synapse-bench/envs/gateway/lib/python3.12/site-packages/sqlalchemy/engine/base.py", line 3278, in connect
    return self._connection_cls(self)
           ^^^^^^^^^^^^^^^^^^^^^^^^^^
  File "/scratch/si650f26_class_root/si650f26_class/savyo/synapse-bench/envs/gateway/lib/python3.12/site-packages/sqlalchemy/engine/base.py", line 146, in __init__
    self._dbapi_connection = engine.raw_connection()
                             ^^^^^^^^^^^^^^^^^^^^^^^
  File "/scratch/si650f26_class_root/si650f26_class/savyo/synapse-bench/envs/gateway/lib/python3.12/site-packages/sqlalchemy/engine/base.py", line 3302, in raw_connection
    return self.pool.connect()
           ^^^^^^^^^^^^^^^^^^^
  File "/scratch/si650f26_class_root/si650f26_class/savyo/synapse-bench/envs/gateway/lib/python3.12/site-packages/sqlalchemy/pool/base.py", line 449, in connect
    return _ConnectionFairy._checkout(self)
           ^^^^^^^^^^^^^^^^^^^^^^^^^^^^^^^^
  File "/scratch/si650f26_class_root/si650f26_class/savyo/synapse-bench/envs/gateway/lib/python3.12/site-packages/sqlalchemy/pool/base.py", line 1263, in _checkout
    fairy = _ConnectionRecord.checkout(pool)
            ^^^^^^^^^^^^^^^^^^^^^^^^^^^^^^^^
  File "/scratch/si650f26_class_root/si650f26_class/savyo/synapse-bench/envs/gateway/lib/python3.12/site-packages/sqlalchemy/pool/base.py", line 712, in checkout
    rec = pool._do_get()
          ^^^^^^^^^^^^^^
  File "/scratch/si650f26_class_root/si650f26_class/savyo/synapse-bench/envs/gateway/lib/python3.12/site-packages/sqlalchemy/pool/impl.py", line 168, in _do_get
    raise exc.TimeoutError(
sqlalchemy.exc.TimeoutError: QueuePool limit of size 5 overflow 10 reached, connection timed out, timeout 30.00 (Background on this error at: https://sqlalche.me/e/20/3o7r)
ERROR:    Exception in ASGI application
Traceback (most recent call last):
  File "/scratch/si650f26_class_root/si650f26_class/savyo/synapse-bench/envs/gateway/lib/python3.12/site-packages/uvicorn/protocols/http/httptools_impl.py", line 401, in run_asgi
    result = await app(  # type: ignore[func-returns-value]
             ^^^^^^^^^^^^^^^^^^^^^^^^^^^^^^^^^^^^^^^^^^^^^^
  File "/scratch/si650f26_class_root/si650f26_class/savyo/synapse-bench/envs/gateway/lib/python3.12/site-packages/uvicorn/middleware/proxy_headers.py", line 70, in __call__
    return await self.app(scope, receive, send)
           ^^^^^^^^^^^^^^^^^^^^^^^^^^^^^^^^^^^^
  File "/scratch/si650f26_class_root/si650f26_class/savyo/synapse-bench/envs/gateway/lib/python3.12/site-packages/fastapi/applications.py", line 1054, in __call__
    await super().__call__(scope, receive, send)
  File "/scratch/si650f26_class_root/si650f26_class/savyo/synapse-bench/envs/gateway/lib/python3.12/site-packages/starlette/applications.py", line 113, in __call__
    await self.middleware_stack(scope, receive, send)
  File "/scratch/si650f26_class_root/si650f26_class/savyo/synapse-bench/envs/gateway/lib/python3.12/site-packages/starlette/middleware/errors.py", line 187, in __call__
    raise exc
  File "/scratch/si650f26_class_root/si650f26_class/savyo/synapse-bench/envs/gateway/lib/python3.12/site-packages/starlette/middleware/errors.py", line 165, in __call__
    await self.app(scope, receive, _send)
  File "/scratch/si650f26_class_root/si650f26_class/savyo/synapse-bench/envs/gateway/lib/python3.12/site-packages/starlette/middleware/cors.py", line 85, in __call__
    await self.app(scope, receive, send)
  File "/scratch/si650f26_class_root/si650f26_class/savyo/synapse-bench/envs/gateway/lib/python3.12/site-packages/starlette/middleware/exceptions.py", line 62, in __call__
    await wrap_app_handling_exceptions(self.app, conn)(scope, receive, send)
  File "/scratch/si650f26_class_root/si650f26_class/savyo/synapse-bench/envs/gateway/lib/python3.12/site-packages/starlette/_exception_handler.py", line 62, in wrapped_app
    raise exc
  File "/scratch/si650f26_class_root/si650f26_class/savyo/synapse-bench/envs/gateway/lib/python3.12/site-packages/starlette/_exception_handler.py", line 51, in wrapped_app
    await app(scope, receive, sender)
  File "/scratch/si650f26_class_root/si650f26_class/savyo/synapse-bench/envs/gateway/lib/python3.12/site-packages/starlette/routing.py", line 715, in __call__
    await self.middleware_stack(scope, receive, send)
  File "/scratch/si650f26_class_root/si650f26_class/savyo/synapse-bench/envs/gateway/lib/python3.12/site-packages/starlette/routing.py", line 735, in app
    await route.handle(scope, receive, send)
  File "/scratch/si650f26_class_root/si650f26_class/savyo/synapse-bench/envs/gateway/lib/python3.12/site-packages/starlette/routing.py", line 288, in handle
    await self.app(scope, receive, send)
  File "/scratch/si650f26_class_root/si650f26_class/savyo/synapse-bench/envs/gateway/lib/python3.12/site-packages/starlette/routing.py", line 76, in app
    await wrap_app_handling_exceptions(app, request)(scope, receive, send)
  File "/scratch/si650f26_class_root/si650f26_class/savyo/synapse-bench/envs/gateway/lib/python3.12/site-packages/starlette/_exception_handler.py", line 62, in wrapped_app
    raise exc
  File "/scratch/si650f26_class_root/si650f26_class/savyo/synapse-bench/envs/gateway/lib/python3.12/site-packages/starlette/_exception_handler.py", line 51, in wrapped_app
    await app(scope, receive, sender)
  File "/scratch/si650f26_class_root/si650f26_class/savyo/synapse-bench/envs/gateway/lib/python3.12/site-packages/starlette/routing.py", line 73, in app
    response = await f(request)
               ^^^^^^^^^^^^^^^^
  File "/scratch/si650f26_class_root/si650f26_class/savyo/synapse-bench/envs/gateway/lib/python3.12/site-packages/fastapi/routing.py", line 291, in app
    solved_result = await solve_dependencies(
                    ^^^^^^^^^^^^^^^^^^^^^^^^^
  File "/scratch/si650f26_class_root/si650f26_class/savyo/synapse-bench/envs/gateway/lib/python3.12/site-packages/fastapi/dependencies/utils.py", line 630, in solve_dependencies
    solved = await run_in_threadpool(call, **solved_result.values)
             ^^^^^^^^^^^^^^^^^^^^^^^^^^^^^^^^^^^^^^^^^^^^^^^^^^^^^
  File "/scratch/si650f26_class_root/si650f26_class/savyo/synapse-bench/envs/gateway/lib/python3.12/site-packages/starlette/concurrency.py", line 39, in run_in_threadpool
    return await anyio.to_thread.run_sync(func, *args)
           ^^^^^^^^^^^^^^^^^^^^^^^^^^^^^^^^^^^^^^^^^^^
  File "/scratch/si650f26_class_root/si650f26_class/savyo/synapse-bench/envs/gateway/lib/python3.12/site-packages/anyio/to_thread.py", line 65, in run_sync
    return await get_async_backend().run_sync_in_worker_thread(
           ^^^^^^^^^^^^^^^^^^^^^^^^^^^^^^^^^^^^^^^^^^^^^^^^^^^^
  File "/scratch/si650f26_class_root/si650f26_class/savyo/synapse-bench/envs/gateway/lib/python3.12/site-packages/anyio/_backends/_asyncio.py", line 2706, in run_sync_in_worker_thread
    return await future
           ^^^^^^^^^^^^
  File "/scratch/si650f26_class_root/si650f26_class/savyo/synapse-bench/envs/gateway/lib/python3.12/site-packages/anyio/_backends/_asyncio.py", line 1100, in run
    result = context.run(func, *args)
             ^^^^^^^^^^^^^^^^^^^^^^^^
  File "/gpfs/accounts/si650f26_class_root/si650f26_class/savyo/synapse-bench/repo/backend/app/auth.py", line 35, in require_api_key
    api_key = db.query(ApiKey).filter(ApiKey.key_hash == key_hash, ApiKey.revoked.is_(False)).first()
              ^^^^^^^^^^^^^^^^^^^^^^^^^^^^^^^^^^^^^^^^^^^^^^^^^^^^^^^^^^^^^^^^^^^^^^^^^^^^^^^^^^^^^^^
  File "/scratch/si650f26_class_root/si650f26_class/savyo/synapse-bench/envs/gateway/lib/python3.12/site-packages/sqlalchemy/orm/query.py", line 2728, in first
    return self.limit(1)._iter().first()  # type: ignore
           ^^^^^^^^^^^^^^^^^^^^^
  File "/scratch/si650f26_class_root/si650f26_class/savyo/synapse-bench/envs/gateway/lib/python3.12/site-packages/sqlalchemy/orm/query.py", line 2827, in _iter
    result: Union[ScalarResult[_T], Result[_T]] = self.session.execute(
                                                  ^^^^^^^^^^^^^^^^^^^^^
  File "/scratch/si650f26_class_root/si650f26_class/savyo/synapse-bench/envs/gateway/lib/python3.12/site-packages/sqlalchemy/orm/session.py", line 2362, in execute
    return self._execute_internal(
           ^^^^^^^^^^^^^^^^^^^^^^^
  File "/scratch/si650f26_class_root/si650f26_class/savyo/synapse-bench/envs/gateway/lib/python3.12/site-packages/sqlalchemy/orm/session.py", line 2237, in _execute_internal
    conn = self._connection_for_bind(bind)
           ^^^^^^^^^^^^^^^^^^^^^^^^^^^^^^^
  File "/scratch/si650f26_class_root/si650f26_class/savyo/synapse-bench/envs/gateway/lib/python3.12/site-packages/sqlalchemy/orm/session.py", line 2106, in _connection_for_bind
    return trans._connection_for_bind(engine, execution_options)
           ^^^^^^^^^^^^^^^^^^^^^^^^^^^^^^^^^^^^^^^^^^^^^^^^^^^^^
  File "<string>", line 2, in _connection_for_bind
  File "/scratch/si650f26_class_root/si650f26_class/savyo/synapse-bench/envs/gateway/lib/python3.12/site-packages/sqlalchemy/orm/state_changes.py", line 139, in _go
    ret_value = fn(self, *arg, **kw)
                ^^^^^^^^^^^^^^^^^^^^
  File "/scratch/si650f26_class_root/si650f26_class/savyo/synapse-bench/envs/gateway/lib/python3.12/site-packages/sqlalchemy/orm/session.py", line 1189, in _connection_for_bind
    conn = bind.connect()
           ^^^^^^^^^^^^^^
  File "/scratch/si650f26_class_root/si650f26_class/savyo/synapse-bench/envs/gateway/lib/python3.12/site-packages/sqlalchemy/engine/base.py", line 3278, in connect
    return self._connection_cls(self)
           ^^^^^^^^^^^^^^^^^^^^^^^^^^
  File "/scratch/si650f26_class_root/si650f26_class/savyo/synapse-bench/envs/gateway/lib/python3.12/site-packages/sqlalchemy/engine/base.py", line 146, in __init__
    self._dbapi_connection = engine.raw_connection()
                             ^^^^^^^^^^^^^^^^^^^^^^^
  File "/scratch/si650f26_class_root/si650f26_class/savyo/synapse-bench/envs/gateway/lib/python3.12/site-packages/sqlalchemy/engine/base.py", line 3302, in raw_connection
    return self.pool.connect()
           ^^^^^^^^^^^^^^^^^^^
  File "/scratch/si650f26_class_root/si650f26_class/savyo/synapse-bench/envs/gateway/lib/python3.12/site-packages/sqlalchemy/pool/base.py", line 449, in connect
    return _ConnectionFairy._checkout(self)
           ^^^^^^^^^^^^^^^^^^^^^^^^^^^^^^^^
  File "/scratch/si650f26_class_root/si650f26_class/savyo/synapse-bench/envs/gateway/lib/python3.12/site-packages/sqlalchemy/pool/base.py", line 1263, in _checkout
    fairy = _ConnectionRecord.checkout(pool)
            ^^^^^^^^^^^^^^^^^^^^^^^^^^^^^^^^
  File "/scratch/si650f26_class_root/si650f26_class/savyo/synapse-bench/envs/gateway/lib/python3.12/site-packages/sqlalchemy/pool/base.py", line 712, in checkout
    rec = pool._do_get()
          ^^^^^^^^^^^^^^
  File "/scratch/si650f26_class_root/si650f26_class/savyo/synapse-bench/envs/gateway/lib/python3.12/site-packages/sqlalchemy/pool/impl.py", line 168, in _do_get
    raise exc.TimeoutError(
sqlalchemy.exc.TimeoutError: QueuePool limit of size 5 overflow 10 reached, connection timed out, timeout 30.00 (Background on this error at: https://sqlalche.me/e/20/3o7r)
ERROR:    Exception in ASGI application
Traceback (most recent call last):
  File "/scratch/si650f26_class_root/si650f26_class/savyo/synapse-bench/envs/gateway/lib/python3.12/site-packages/uvicorn/protocols/http/httptools_impl.py", line 401, in run_asgi
    result = await app(  # type: ignore[func-returns-value]
             ^^^^^^^^^^^^^^^^^^^^^^^^^^^^^^^^^^^^^^^^^^^^^^
  File "/scratch/si650f26_class_root/si650f26_class/savyo/synapse-bench/envs/gateway/lib/python3.12/site-packages/uvicorn/middleware/proxy_headers.py", line 70, in __call__
    return await self.app(scope, receive, send)
           ^^^^^^^^^^^^^^^^^^^^^^^^^^^^^^^^^^^^
  File "/scratch/si650f26_class_root/si650f26_class/savyo/synapse-bench/envs/gateway/lib/python3.12/site-packages/fastapi/applications.py", line 1054, in __call__
    await super().__call__(scope, receive, send)
  File "/scratch/si650f26_class_root/si650f26_class/savyo/synapse-bench/envs/gateway/lib/python3.12/site-packages/starlette/applications.py", line 113, in __call__
    await self.middleware_stack(scope, receive, send)
  File "/scratch/si650f26_class_root/si650f26_class/savyo/synapse-bench/envs/gateway/lib/python3.12/site-packages/starlette/middleware/errors.py", line 187, in __call__
    raise exc
  File "/scratch/si650f26_class_root/si650f26_class/savyo/synapse-bench/envs/gateway/lib/python3.12/site-packages/starlette/middleware/errors.py", line 165, in __call__
    await self.app(scope, receive, _send)
  File "/scratch/si650f26_class_root/si650f26_class/savyo/synapse-bench/envs/gateway/lib/python3.12/site-packages/starlette/middleware/cors.py", line 85, in __call__
    await self.app(scope, receive, send)
  File "/scratch/si650f26_class_root/si650f26_class/savyo/synapse-bench/envs/gateway/lib/python3.12/site-packages/starlette/middleware/exceptions.py", line 62, in __call__
    await wrap_app_handling_exceptions(self.app, conn)(scope, receive, send)
  File "/scratch/si650f26_class_root/si650f26_class/savyo/synapse-bench/envs/gateway/lib/python3.12/site-packages/starlette/_exception_handler.py", line 62, in wrapped_app
    raise exc
  File "/scratch/si650f26_class_root/si650f26_class/savyo/synapse-bench/envs/gateway/lib/python3.12/site-packages/starlette/_exception_handler.py", line 51, in wrapped_app
    await app(scope, receive, sender)
  File "/scratch/si650f26_class_root/si650f26_class/savyo/synapse-bench/envs/gateway/lib/python3.12/site-packages/starlette/routing.py", line 715, in __call__
    await self.middleware_stack(scope, receive, send)
  File "/scratch/si650f26_class_root/si650f26_class/savyo/synapse-bench/envs/gateway/lib/python3.12/site-packages/starlette/routing.py", line 735, in app
    await route.handle(scope, receive, send)
  File "/scratch/si650f26_class_root/si650f26_class/savyo/synapse-bench/envs/gateway/lib/python3.12/site-packages/starlette/routing.py", line 288, in handle
    await self.app(scope, receive, send)
  File "/scratch/si650f26_class_root/si650f26_class/savyo/synapse-bench/envs/gateway/lib/python3.12/site-packages/starlette/routing.py", line 76, in app
    await wrap_app_handling_exceptions(app, request)(scope, receive, send)
  File "/scratch/si650f26_class_root/si650f26_class/savyo/synapse-bench/envs/gateway/lib/python3.12/site-packages/starlette/_exception_handler.py", line 62, in wrapped_app
    raise exc
  File "/scratch/si650f26_class_root/si650f26_class/savyo/synapse-bench/envs/gateway/lib/python3.12/site-packages/starlette/_exception_handler.py", line 51, in wrapped_app
    await app(scope, receive, sender)
  File "/scratch/si650f26_class_root/si650f26_class/savyo/synapse-bench/envs/gateway/lib/python3.12/site-packages/starlette/routing.py", line 73, in app
    response = await f(request)
               ^^^^^^^^^^^^^^^^
  File "/scratch/si650f26_class_root/si650f26_class/savyo/synapse-bench/envs/gateway/lib/python3.12/site-packages/fastapi/routing.py", line 291, in app
    solved_result = await solve_dependencies(
                    ^^^^^^^^^^^^^^^^^^^^^^^^^
  File "/scratch/si650f26_class_root/si650f26_class/savyo/synapse-bench/envs/gateway/lib/python3.12/site-packages/fastapi/dependencies/utils.py", line 630, in solve_dependencies
    solved = await run_in_threadpool(call, **solved_result.values)
             ^^^^^^^^^^^^^^^^^^^^^^^^^^^^^^^^^^^^^^^^^^^^^^^^^^^^^
  File "/scratch/si650f26_class_root/si650f26_class/savyo/synapse-bench/envs/gateway/lib/python3.12/site-packages/starlette/concurrency.py", line 39, in run_in_threadpool
    return await anyio.to_thread.run_sync(func, *args)
           ^^^^^^^^^^^^^^^^^^^^^^^^^^^^^^^^^^^^^^^^^^^
  File "/scratch/si650f26_class_root/si650f26_class/savyo/synapse-bench/envs/gateway/lib/python3.12/site-packages/anyio/to_thread.py", line 65, in run_sync
    return await get_async_backend().run_sync_in_worker_thread(
           ^^^^^^^^^^^^^^^^^^^^^^^^^^^^^^^^^^^^^^^^^^^^^^^^^^^^
  File "/scratch/si650f26_class_root/si650f26_class/savyo/synapse-bench/envs/gateway/lib/python3.12/site-packages/anyio/_backends/_asyncio.py", line 2706, in run_sync_in_worker_thread
    return await future
           ^^^^^^^^^^^^
  File "/scratch/si650f26_class_root/si650f26_class/savyo/synapse-bench/envs/gateway/lib/python3.12/site-packages/anyio/_backends/_asyncio.py", line 1100, in run
    result = context.run(func, *args)
             ^^^^^^^^^^^^^^^^^^^^^^^^
  File "/gpfs/accounts/si650f26_class_root/si650f26_class/savyo/synapse-bench/repo/backend/app/auth.py", line 35, in require_api_key
    api_key = db.query(ApiKey).filter(ApiKey.key_hash == key_hash, ApiKey.revoked.is_(False)).first()
              ^^^^^^^^^^^^^^^^^^^^^^^^^^^^^^^^^^^^^^^^^^^^^^^^^^^^^^^^^^^^^^^^^^^^^^^^^^^^^^^^^^^^^^^
  File "/scratch/si650f26_class_root/si650f26_class/savyo/synapse-bench/envs/gateway/lib/python3.12/site-packages/sqlalchemy/orm/query.py", line 2728, in first
    return self.limit(1)._iter().first()  # type: ignore
           ^^^^^^^^^^^^^^^^^^^^^
  File "/scratch/si650f26_class_root/si650f26_class/savyo/synapse-bench/envs/gateway/lib/python3.12/site-packages/sqlalchemy/orm/query.py", line 2827, in _iter
    result: Union[ScalarResult[_T], Result[_T]] = self.session.execute(
                                                  ^^^^^^^^^^^^^^^^^^^^^
  File "/scratch/si650f26_class_root/si650f26_class/savyo/synapse-bench/envs/gateway/lib/python3.12/site-packages/sqlalchemy/orm/session.py", line 2362, in execute
    return self._execute_internal(
           ^^^^^^^^^^^^^^^^^^^^^^^
  File "/scratch/si650f26_class_root/si650f26_class/savyo/synapse-bench/envs/gateway/lib/python3.12/site-packages/sqlalchemy/orm/session.py", line 2237, in _execute_internal
    conn = self._connection_for_bind(bind)
           ^^^^^^^^^^^^^^^^^^^^^^^^^^^^^^^
  File "/scratch/si650f26_class_root/si650f26_class/savyo/synapse-bench/envs/gateway/lib/python3.12/site-packages/sqlalchemy/orm/session.py", line 2106, in _connection_for_bind
    return trans._connection_for_bind(engine, execution_options)
           ^^^^^^^^^^^^^^^^^^^^^^^^^^^^^^^^^^^^^^^^^^^^^^^^^^^^^
  File "<string>", line 2, in _connection_for_bind
  File "/scratch/si650f26_class_root/si650f26_class/savyo/synapse-bench/envs/gateway/lib/python3.12/site-packages/sqlalchemy/orm/state_changes.py", line 139, in _go
    ret_value = fn(self, *arg, **kw)
                ^^^^^^^^^^^^^^^^^^^^
  File "/scratch/si650f26_class_root/si650f26_class/savyo/synapse-bench/envs/gateway/lib/python3.12/site-packages/sqlalchemy/orm/session.py", line 1189, in _connection_for_bind
    conn = bind.connect()
           ^^^^^^^^^^^^^^
  File "/scratch/si650f26_class_root/si650f26_class/savyo/synapse-bench/envs/gateway/lib/python3.12/site-packages/sqlalchemy/engine/base.py", line 3278, in connect
    return self._connection_cls(self)
           ^^^^^^^^^^^^^^^^^^^^^^^^^^
  File "/scratch/si650f26_class_root/si650f26_class/savyo/synapse-bench/envs/gateway/lib/python3.12/site-packages/sqlalchemy/engine/base.py", line 146, in __init__
    self._dbapi_connection = engine.raw_connection()
                             ^^^^^^^^^^^^^^^^^^^^^^^
  File "/scratch/si650f26_class_root/si650f26_class/savyo/synapse-bench/envs/gateway/lib/python3.12/site-packages/sqlalchemy/engine/base.py", line 3302, in raw_connection
    return self.pool.connect()
           ^^^^^^^^^^^^^^^^^^^
  File "/scratch/si650f26_class_root/si650f26_class/savyo/synapse-bench/envs/gateway/lib/python3.12/site-packages/sqlalchemy/pool/base.py", line 449, in connect
    return _ConnectionFairy._checkout(self)
           ^^^^^^^^^^^^^^^^^^^^^^^^^^^^^^^^
  File "/scratch/si650f26_class_root/si650f26_class/savyo/synapse-bench/envs/gateway/lib/python3.12/site-packages/sqlalchemy/pool/base.py", line 1263, in _checkout
    fairy = _ConnectionRecord.checkout(pool)
            ^^^^^^^^^^^^^^^^^^^^^^^^^^^^^^^^
  File "/scratch/si650f26_class_root/si650f26_class/savyo/synapse-bench/envs/gateway/lib/python3.12/site-packages/sqlalchemy/pool/base.py", line 712, in checkout
    rec = pool._do_get()
          ^^^^^^^^^^^^^^
  File "/scratch/si650f26_class_root/si650f26_class/savyo/synapse-bench/envs/gateway/lib/python3.12/site-packages/sqlalchemy/pool/impl.py", line 168, in _do_get
    raise exc.TimeoutError(
sqlalchemy.exc.TimeoutError: QueuePool limit of size 5 overflow 10 reached, connection timed out, timeout 30.00 (Background on this error at: https://sqlalche.me/e/20/3o7r)
ERROR:    Exception in ASGI application
Traceback (most recent call last):
  File "/scratch/si650f26_class_root/si650f26_class/savyo/synapse-bench/envs/gateway/lib/python3.12/site-packages/uvicorn/protocols/http/httptools_impl.py", line 401, in run_asgi
    result = await app(  # type: ignore[func-returns-value]
             ^^^^^^^^^^^^^^^^^^^^^^^^^^^^^^^^^^^^^^^^^^^^^^
  File "/scratch/si650f26_class_root/si650f26_class/savyo/synapse-bench/envs/gateway/lib/python3.12/site-packages/uvicorn/middleware/proxy_headers.py", line 70, in __call__
    return await self.app(scope, receive, send)
           ^^^^^^^^^^^^^^^^^^^^^^^^^^^^^^^^^^^^
  File "/scratch/si650f26_class_root/si650f26_class/savyo/synapse-bench/envs/gateway/lib/python3.12/site-packages/fastapi/applications.py", line 1054, in __call__
    await super().__call__(scope, receive, send)
  File "/scratch/si650f26_class_root/si650f26_class/savyo/synapse-bench/envs/gateway/lib/python3.12/site-packages/starlette/applications.py", line 113, in __call__
    await self.middleware_stack(scope, receive, send)
  File "/scratch/si650f26_class_root/si650f26_class/savyo/synapse-bench/envs/gateway/lib/python3.12/site-packages/starlette/middleware/errors.py", line 187, in __call__
    raise exc
  File "/scratch/si650f26_class_root/si650f26_class/savyo/synapse-bench/envs/gateway/lib/python3.12/site-packages/starlette/middleware/errors.py", line 165, in __call__
    await self.app(scope, receive, _send)
  File "/scratch/si650f26_class_root/si650f26_class/savyo/synapse-bench/envs/gateway/lib/python3.12/site-packages/starlette/middleware/cors.py", line 85, in __call__
    await self.app(scope, receive, send)
  File "/scratch/si650f26_class_root/si650f26_class/savyo/synapse-bench/envs/gateway/lib/python3.12/site-packages/starlette/middleware/exceptions.py", line 62, in __call__
    await wrap_app_handling_exceptions(self.app, conn)(scope, receive, send)
  File "/scratch/si650f26_class_root/si650f26_class/savyo/synapse-bench/envs/gateway/lib/python3.12/site-packages/starlette/_exception_handler.py", line 62, in wrapped_app
    raise exc
  File "/scratch/si650f26_class_root/si650f26_class/savyo/synapse-bench/envs/gateway/lib/python3.12/site-packages/starlette/_exception_handler.py", line 51, in wrapped_app
    await app(scope, receive, sender)
  File "/scratch/si650f26_class_root/si650f26_class/savyo/synapse-bench/envs/gateway/lib/python3.12/site-packages/starlette/routing.py", line 715, in __call__
    await self.middleware_stack(scope, receive, send)
  File "/scratch/si650f26_class_root/si650f26_class/savyo/synapse-bench/envs/gateway/lib/python3.12/site-packages/starlette/routing.py", line 735, in app
    await route.handle(scope, receive, send)
  File "/scratch/si650f26_class_root/si650f26_class/savyo/synapse-bench/envs/gateway/lib/python3.12/site-packages/starlette/routing.py", line 288, in handle
    await self.app(scope, receive, send)
  File "/scratch/si650f26_class_root/si650f26_class/savyo/synapse-bench/envs/gateway/lib/python3.12/site-packages/starlette/routing.py", line 76, in app
    await wrap_app_handling_exceptions(app, request)(scope, receive, send)
  File "/scratch/si650f26_class_root/si650f26_class/savyo/synapse-bench/envs/gateway/lib/python3.12/site-packages/starlette/_exception_handler.py", line 62, in wrapped_app
    raise exc
  File "/scratch/si650f26_class_root/si650f26_class/savyo/synapse-bench/envs/gateway/lib/python3.12/site-packages/starlette/_exception_handler.py", line 51, in wrapped_app
    await app(scope, receive, sender)
  File "/scratch/si650f26_class_root/si650f26_class/savyo/synapse-bench/envs/gateway/lib/python3.12/site-packages/starlette/routing.py", line 73, in app
    response = await f(request)
               ^^^^^^^^^^^^^^^^
  File "/scratch/si650f26_class_root/si650f26_class/savyo/synapse-bench/envs/gateway/lib/python3.12/site-packages/fastapi/routing.py", line 291, in app
    solved_result = await solve_dependencies(
                    ^^^^^^^^^^^^^^^^^^^^^^^^^
  File "/scratch/si650f26_class_root/si650f26_class/savyo/synapse-bench/envs/gateway/lib/python3.12/site-packages/fastapi/dependencies/utils.py", line 630, in solve_dependencies
    solved = await run_in_threadpool(call, **solved_result.values)
             ^^^^^^^^^^^^^^^^^^^^^^^^^^^^^^^^^^^^^^^^^^^^^^^^^^^^^
  File "/scratch/si650f26_class_root/si650f26_class/savyo/synapse-bench/envs/gateway/lib/python3.12/site-packages/starlette/concurrency.py", line 39, in run_in_threadpool
    return await anyio.to_thread.run_sync(func, *args)
           ^^^^^^^^^^^^^^^^^^^^^^^^^^^^^^^^^^^^^^^^^^^
  File "/scratch/si650f26_class_root/si650f26_class/savyo/synapse-bench/envs/gateway/lib/python3.12/site-packages/anyio/to_thread.py", line 65, in run_sync
    return await get_async_backend().run_sync_in_worker_thread(
           ^^^^^^^^^^^^^^^^^^^^^^^^^^^^^^^^^^^^^^^^^^^^^^^^^^^^
  File "/scratch/si650f26_class_root/si650f26_class/savyo/synapse-bench/envs/gateway/lib/python3.12/site-packages/anyio/_backends/_asyncio.py", line 2706, in run_sync_in_worker_thread
    return await future
           ^^^^^^^^^^^^
  File "/scratch/si650f26_class_root/si650f26_class/savyo/synapse-bench/envs/gateway/lib/python3.12/site-packages/anyio/_backends/_asyncio.py", line 1100, in run
    result = context.run(func, *args)
             ^^^^^^^^^^^^^^^^^^^^^^^^
  File "/gpfs/accounts/si650f26_class_root/si650f26_class/savyo/synapse-bench/repo/backend/app/auth.py", line 35, in require_api_key
    api_key = db.query(ApiKey).filter(ApiKey.key_hash == key_hash, ApiKey.revoked.is_(False)).first()
              ^^^^^^^^^^^^^^^^^^^^^^^^^^^^^^^^^^^^^^^^^^^^^^^^^^^^^^^^^^^^^^^^^^^^^^^^^^^^^^^^^^^^^^^
  File "/scratch/si650f26_class_root/si650f26_class/savyo/synapse-bench/envs/gateway/lib/python3.12/site-packages/sqlalchemy/orm/query.py", line 2728, in first
    return self.limit(1)._iter().first()  # type: ignore
           ^^^^^^^^^^^^^^^^^^^^^
  File "/scratch/si650f26_class_root/si650f26_class/savyo/synapse-bench/envs/gateway/lib/python3.12/site-packages/sqlalchemy/orm/query.py", line 2827, in _iter
    result: Union[ScalarResult[_T], Result[_T]] = self.session.execute(
                                                  ^^^^^^^^^^^^^^^^^^^^^
  File "/scratch/si650f26_class_root/si650f26_class/savyo/synapse-bench/envs/gateway/lib/python3.12/site-packages/sqlalchemy/orm/session.py", line 2362, in execute
    return self._execute_internal(
           ^^^^^^^^^^^^^^^^^^^^^^^
  File "/scratch/si650f26_class_root/si650f26_class/savyo/synapse-bench/envs/gateway/lib/python3.12/site-packages/sqlalchemy/orm/session.py", line 2237, in _execute_internal
    conn = self._connection_for_bind(bind)
           ^^^^^^^^^^^^^^^^^^^^^^^^^^^^^^^
  File "/scratch/si650f26_class_root/si650f26_class/savyo/synapse-bench/envs/gateway/lib/python3.12/site-packages/sqlalchemy/orm/session.py", line 2106, in _connection_for_bind
    return trans._connection_for_bind(engine, execution_options)
           ^^^^^^^^^^^^^^^^^^^^^^^^^^^^^^^^^^^^^^^^^^^^^^^^^^^^^
  File "<string>", line 2, in _connection_for_bind
  File "/scratch/si650f26_class_root/si650f26_class/savyo/synapse-bench/envs/gateway/lib/python3.12/site-packages/sqlalchemy/orm/state_changes.py", line 139, in _go
    ret_value = fn(self, *arg, **kw)
                ^^^^^^^^^^^^^^^^^^^^
  File "/scratch/si650f26_class_root/si650f26_class/savyo/synapse-bench/envs/gateway/lib/python3.12/site-packages/sqlalchemy/orm/session.py", line 1189, in _connection_for_bind
    conn = bind.connect()
           ^^^^^^^^^^^^^^
  File "/scratch/si650f26_class_root/si650f26_class/savyo/synapse-bench/envs/gateway/lib/python3.12/site-packages/sqlalchemy/engine/base.py", line 3278, in connect
    return self._connection_cls(self)
           ^^^^^^^^^^^^^^^^^^^^^^^^^^
  File "/scratch/si650f26_class_root/si650f26_class/savyo/synapse-bench/envs/gateway/lib/python3.12/site-packages/sqlalchemy/engine/base.py", line 146, in __init__
    self._dbapi_connection = engine.raw_connection()
                             ^^^^^^^^^^^^^^^^^^^^^^^
  File "/scratch/si650f26_class_root/si650f26_class/savyo/synapse-bench/envs/gateway/lib/python3.12/site-packages/sqlalchemy/engine/base.py", line 3302, in raw_connection
    return self.pool.connect()
           ^^^^^^^^^^^^^^^^^^^
  File "/scratch/si650f26_class_root/si650f26_class/savyo/synapse-bench/envs/gateway/lib/python3.12/site-packages/sqlalchemy/pool/base.py", line 449, in connect
    return _ConnectionFairy._checkout(self)
           ^^^^^^^^^^^^^^^^^^^^^^^^^^^^^^^^
  File "/scratch/si650f26_class_root/si650f26_class/savyo/synapse-bench/envs/gateway/lib/python3.12/site-packages/sqlalchemy/pool/base.py", line 1263, in _checkout
    fairy = _ConnectionRecord.checkout(pool)
            ^^^^^^^^^^^^^^^^^^^^^^^^^^^^^^^^
  File "/scratch/si650f26_class_root/si650f26_class/savyo/synapse-bench/envs/gateway/lib/python3.12/site-packages/sqlalchemy/pool/base.py", line 712, in checkout
    rec = pool._do_get()
          ^^^^^^^^^^^^^^
  File "/scratch/si650f26_class_root/si650f26_class/savyo/synapse-bench/envs/gateway/lib/python3.12/site-packages/sqlalchemy/pool/impl.py", line 168, in _do_get
    raise exc.TimeoutError(
sqlalchemy.exc.TimeoutError: QueuePool limit of size 5 overflow 10 reached, connection timed out, timeout 30.00 (Background on this error at: https://sqlalche.me/e/20/3o7r)
ERROR:    Exception in ASGI application
Traceback (most recent call last):
  File "/scratch/si650f26_class_root/si650f26_class/savyo/synapse-bench/envs/gateway/lib/python3.12/site-packages/uvicorn/protocols/http/httptools_impl.py", line 401, in run_asgi
    result = await app(  # type: ignore[func-returns-value]
             ^^^^^^^^^^^^^^^^^^^^^^^^^^^^^^^^^^^^^^^^^^^^^^
  File "/scratch/si650f26_class_root/si650f26_class/savyo/synapse-bench/envs/gateway/lib/python3.12/site-packages/uvicorn/middleware/proxy_headers.py", line 70, in __call__
    return await self.app(scope, receive, send)
           ^^^^^^^^^^^^^^^^^^^^^^^^^^^^^^^^^^^^
  File "/scratch/si650f26_class_root/si650f26_class/savyo/synapse-bench/envs/gateway/lib/python3.12/site-packages/fastapi/applications.py", line 1054, in __call__
    await super().__call__(scope, receive, send)
  File "/scratch/si650f26_class_root/si650f26_class/savyo/synapse-bench/envs/gateway/lib/python3.12/site-packages/starlette/applications.py", line 113, in __call__
    await self.middleware_stack(scope, receive, send)
  File "/scratch/si650f26_class_root/si650f26_class/savyo/synapse-bench/envs/gateway/lib/python3.12/site-packages/starlette/middleware/errors.py", line 187, in __call__
    raise exc
  File "/scratch/si650f26_class_root/si650f26_class/savyo/synapse-bench/envs/gateway/lib/python3.12/site-packages/starlette/middleware/errors.py", line 165, in __call__
    await self.app(scope, receive, _send)
  File "/scratch/si650f26_class_root/si650f26_class/savyo/synapse-bench/envs/gateway/lib/python3.12/site-packages/starlette/middleware/cors.py", line 85, in __call__
    await self.app(scope, receive, send)
  File "/scratch/si650f26_class_root/si650f26_class/savyo/synapse-bench/envs/gateway/lib/python3.12/site-packages/starlette/middleware/exceptions.py", line 62, in __call__
    await wrap_app_handling_exceptions(self.app, conn)(scope, receive, send)
  File "/scratch/si650f26_class_root/si650f26_class/savyo/synapse-bench/envs/gateway/lib/python3.12/site-packages/starlette/_exception_handler.py", line 62, in wrapped_app
    raise exc
  File "/scratch/si650f26_class_root/si650f26_class/savyo/synapse-bench/envs/gateway/lib/python3.12/site-packages/starlette/_exception_handler.py", line 51, in wrapped_app
    await app(scope, receive, sender)
  File "/scratch/si650f26_class_root/si650f26_class/savyo/synapse-bench/envs/gateway/lib/python3.12/site-packages/starlette/routing.py", line 715, in __call__
    await self.middleware_stack(scope, receive, send)
  File "/scratch/si650f26_class_root/si650f26_class/savyo/synapse-bench/envs/gateway/lib/python3.12/site-packages/starlette/routing.py", line 735, in app
    await route.handle(scope, receive, send)
  File "/scratch/si650f26_class_root/si650f26_class/savyo/synapse-bench/envs/gateway/lib/python3.12/site-packages/starlette/routing.py", line 288, in handle
    await self.app(scope, receive, send)
  File "/scratch/si650f26_class_root/si650f26_class/savyo/synapse-bench/envs/gateway/lib/python3.12/site-packages/starlette/routing.py", line 76, in app
    await wrap_app_handling_exceptions(app, request)(scope, receive, send)
  File "/scratch/si650f26_class_root/si650f26_class/savyo/synapse-bench/envs/gateway/lib/python3.12/site-packages/starlette/_exception_handler.py", line 62, in wrapped_app
    raise exc
  File "/scratch/si650f26_class_root/si650f26_class/savyo/synapse-bench/envs/gateway/lib/python3.12/site-packages/starlette/_exception_handler.py", line 51, in wrapped_app
    await app(scope, receive, sender)
  File "/scratch/si650f26_class_root/si650f26_class/savyo/synapse-bench/envs/gateway/lib/python3.12/site-packages/starlette/routing.py", line 73, in app
    response = await f(request)
               ^^^^^^^^^^^^^^^^
  File "/scratch/si650f26_class_root/si650f26_class/savyo/synapse-bench/envs/gateway/lib/python3.12/site-packages/fastapi/routing.py", line 291, in app
    solved_result = await solve_dependencies(
                    ^^^^^^^^^^^^^^^^^^^^^^^^^
  File "/scratch/si650f26_class_root/si650f26_class/savyo/synapse-bench/envs/gateway/lib/python3.12/site-packages/fastapi/dependencies/utils.py", line 630, in solve_dependencies
    solved = await run_in_threadpool(call, **solved_result.values)
             ^^^^^^^^^^^^^^^^^^^^^^^^^^^^^^^^^^^^^^^^^^^^^^^^^^^^^
  File "/scratch/si650f26_class_root/si650f26_class/savyo/synapse-bench/envs/gateway/lib/python3.12/site-packages/starlette/concurrency.py", line 39, in run_in_threadpool
    return await anyio.to_thread.run_sync(func, *args)
           ^^^^^^^^^^^^^^^^^^^^^^^^^^^^^^^^^^^^^^^^^^^
  File "/scratch/si650f26_class_root/si650f26_class/savyo/synapse-bench/envs/gateway/lib/python3.12/site-packages/anyio/to_thread.py", line 65, in run_sync
    return await get_async_backend().run_sync_in_worker_thread(
           ^^^^^^^^^^^^^^^^^^^^^^^^^^^^^^^^^^^^^^^^^^^^^^^^^^^^
  File "/scratch/si650f26_class_root/si650f26_class/savyo/synapse-bench/envs/gateway/lib/python3.12/site-packages/anyio/_backends/_asyncio.py", line 2706, in run_sync_in_worker_thread
    return await future
           ^^^^^^^^^^^^
  File "/scratch/si650f26_class_root/si650f26_class/savyo/synapse-bench/envs/gateway/lib/python3.12/site-packages/anyio/_backends/_asyncio.py", line 1100, in run
    result = context.run(func, *args)
             ^^^^^^^^^^^^^^^^^^^^^^^^
  File "/gpfs/accounts/si650f26_class_root/si650f26_class/savyo/synapse-bench/repo/backend/app/auth.py", line 35, in require_api_key
    api_key = db.query(ApiKey).filter(ApiKey.key_hash == key_hash, ApiKey.revoked.is_(False)).first()
              ^^^^^^^^^^^^^^^^^^^^^^^^^^^^^^^^^^^^^^^^^^^^^^^^^^^^^^^^^^^^^^^^^^^^^^^^^^^^^^^^^^^^^^^
  File "/scratch/si650f26_class_root/si650f26_class/savyo/synapse-bench/envs/gateway/lib/python3.12/site-packages/sqlalchemy/orm/query.py", line 2728, in first
    return self.limit(1)._iter().first()  # type: ignore
           ^^^^^^^^^^^^^^^^^^^^^
  File "/scratch/si650f26_class_root/si650f26_class/savyo/synapse-bench/envs/gateway/lib/python3.12/site-packages/sqlalchemy/orm/query.py", line 2827, in _iter
    result: Union[ScalarResult[_T], Result[_T]] = self.session.execute(
                                                  ^^^^^^^^^^^^^^^^^^^^^
  File "/scratch/si650f26_class_root/si650f26_class/savyo/synapse-bench/envs/gateway/lib/python3.12/site-packages/sqlalchemy/orm/session.py", line 2362, in execute
    return self._execute_internal(
           ^^^^^^^^^^^^^^^^^^^^^^^
  File "/scratch/si650f26_class_root/si650f26_class/savyo/synapse-bench/envs/gateway/lib/python3.12/site-packages/sqlalchemy/orm/session.py", line 2237, in _execute_internal
    conn = self._connection_for_bind(bind)
           ^^^^^^^^^^^^^^^^^^^^^^^^^^^^^^^
  File "/scratch/si650f26_class_root/si650f26_class/savyo/synapse-bench/envs/gateway/lib/python3.12/site-packages/sqlalchemy/orm/session.py", line 2106, in _connection_for_bind
    return trans._connection_for_bind(engine, execution_options)
           ^^^^^^^^^^^^^^^^^^^^^^^^^^^^^^^^^^^^^^^^^^^^^^^^^^^^^
  File "<string>", line 2, in _connection_for_bind
  File "/scratch/si650f26_class_root/si650f26_class/savyo/synapse-bench/envs/gateway/lib/python3.12/site-packages/sqlalchemy/orm/state_changes.py", line 139, in _go
    ret_value = fn(self, *arg, **kw)
                ^^^^^^^^^^^^^^^^^^^^
  File "/scratch/si650f26_class_root/si650f26_class/savyo/synapse-bench/envs/gateway/lib/python3.12/site-packages/sqlalchemy/orm/session.py", line 1189, in _connection_for_bind
    conn = bind.connect()
           ^^^^^^^^^^^^^^
  File "/scratch/si650f26_class_root/si650f26_class/savyo/synapse-bench/envs/gateway/lib/python3.12/site-packages/sqlalchemy/engine/base.py", line 3278, in connect
    return self._connection_cls(self)
           ^^^^^^^^^^^^^^^^^^^^^^^^^^
  File "/scratch/si650f26_class_root/si650f26_class/savyo/synapse-bench/envs/gateway/lib/python3.12/site-packages/sqlalchemy/engine/base.py", line 146, in __init__
    self._dbapi_connection = engine.raw_connection()
                             ^^^^^^^^^^^^^^^^^^^^^^^
  File "/scratch/si650f26_class_root/si650f26_class/savyo/synapse-bench/envs/gateway/lib/python3.12/site-packages/sqlalchemy/engine/base.py", line 3302, in raw_connection
    return self.pool.connect()
           ^^^^^^^^^^^^^^^^^^^
  File "/scratch/si650f26_class_root/si650f26_class/savyo/synapse-bench/envs/gateway/lib/python3.12/site-packages/sqlalchemy/pool/base.py", line 449, in connect
    return _ConnectionFairy._checkout(self)
           ^^^^^^^^^^^^^^^^^^^^^^^^^^^^^^^^
  File "/scratch/si650f26_class_root/si650f26_class/savyo/synapse-bench/envs/gateway/lib/python3.12/site-packages/sqlalchemy/pool/base.py", line 1263, in _checkout
    fairy = _ConnectionRecord.checkout(pool)
            ^^^^^^^^^^^^^^^^^^^^^^^^^^^^^^^^
  File "/scratch/si650f26_class_root/si650f26_class/savyo/synapse-bench/envs/gateway/lib/python3.12/site-packages/sqlalchemy/pool/base.py", line 712, in checkout
    rec = pool._do_get()
          ^^^^^^^^^^^^^^
  File "/scratch/si650f26_class_root/si650f26_class/savyo/synapse-bench/envs/gateway/lib/python3.12/site-packages/sqlalchemy/pool/impl.py", line 168, in _do_get
    raise exc.TimeoutError(
sqlalchemy.exc.TimeoutError: QueuePool limit of size 5 overflow 10 reached, connection timed out, timeout 30.00 (Background on this error at: https://sqlalche.me/e/20/3o7r)
ERROR:    Exception in ASGI application
Traceback (most recent call last):
  File "/scratch/si650f26_class_root/si650f26_class/savyo/synapse-bench/envs/gateway/lib/python3.12/site-packages/uvicorn/protocols/http/httptools_impl.py", line 401, in run_asgi
    result = await app(  # type: ignore[func-returns-value]
             ^^^^^^^^^^^^^^^^^^^^^^^^^^^^^^^^^^^^^^^^^^^^^^
  File "/scratch/si650f26_class_root/si650f26_class/savyo/synapse-bench/envs/gateway/lib/python3.12/site-packages/uvicorn/middleware/proxy_headers.py", line 70, in __call__
    return await self.app(scope, receive, send)
           ^^^^^^^^^^^^^^^^^^^^^^^^^^^^^^^^^^^^
  File "/scratch/si650f26_class_root/si650f26_class/savyo/synapse-bench/envs/gateway/lib/python3.12/site-packages/fastapi/applications.py", line 1054, in __call__
    await super().__call__(scope, receive, send)
  File "/scratch/si650f26_class_root/si650f26_class/savyo/synapse-bench/envs/gateway/lib/python3.12/site-packages/starlette/applications.py", line 113, in __call__
    await self.middleware_stack(scope, receive, send)
  File "/scratch/si650f26_class_root/si650f26_class/savyo/synapse-bench/envs/gateway/lib/python3.12/site-packages/starlette/middleware/errors.py", line 187, in __call__
    raise exc
  File "/scratch/si650f26_class_root/si650f26_class/savyo/synapse-bench/envs/gateway/lib/python3.12/site-packages/starlette/middleware/errors.py", line 165, in __call__
    await self.app(scope, receive, _send)
  File "/scratch/si650f26_class_root/si650f26_class/savyo/synapse-bench/envs/gateway/lib/python3.12/site-packages/starlette/middleware/cors.py", line 85, in __call__
    await self.app(scope, receive, send)
  File "/scratch/si650f26_class_root/si650f26_class/savyo/synapse-bench/envs/gateway/lib/python3.12/site-packages/starlette/middleware/exceptions.py", line 62, in __call__
    await wrap_app_handling_exceptions(self.app, conn)(scope, receive, send)
  File "/scratch/si650f26_class_root/si650f26_class/savyo/synapse-bench/envs/gateway/lib/python3.12/site-packages/starlette/_exception_handler.py", line 62, in wrapped_app
    raise exc
  File "/scratch/si650f26_class_root/si650f26_class/savyo/synapse-bench/envs/gateway/lib/python3.12/site-packages/starlette/_exception_handler.py", line 51, in wrapped_app
    await app(scope, receive, sender)
  File "/scratch/si650f26_class_root/si650f26_class/savyo/synapse-bench/envs/gateway/lib/python3.12/site-packages/starlette/routing.py", line 715, in __call__
    await self.middleware_stack(scope, receive, send)
  File "/scratch/si650f26_class_root/si650f26_class/savyo/synapse-bench/envs/gateway/lib/python3.12/site-packages/starlette/routing.py", line 735, in app
    await route.handle(scope, receive, send)
  File "/scratch/si650f26_class_root/si650f26_class/savyo/synapse-bench/envs/gateway/lib/python3.12/site-packages/starlette/routing.py", line 288, in handle
    await self.app(scope, receive, send)
  File "/scratch/si650f26_class_root/si650f26_class/savyo/synapse-bench/envs/gateway/lib/python3.12/site-packages/starlette/routing.py", line 76, in app
    await wrap_app_handling_exceptions(app, request)(scope, receive, send)
  File "/scratch/si650f26_class_root/si650f26_class/savyo/synapse-bench/envs/gateway/lib/python3.12/site-packages/starlette/_exception_handler.py", line 62, in wrapped_app
    raise exc
  File "/scratch/si650f26_class_root/si650f26_class/savyo/synapse-bench/envs/gateway/lib/python3.12/site-packages/starlette/_exception_handler.py", line 51, in wrapped_app
    await app(scope, receive, sender)
  File "/scratch/si650f26_class_root/si650f26_class/savyo/synapse-bench/envs/gateway/lib/python3.12/site-packages/starlette/routing.py", line 73, in app
    response = await f(request)
               ^^^^^^^^^^^^^^^^
  File "/scratch/si650f26_class_root/si650f26_class/savyo/synapse-bench/envs/gateway/lib/python3.12/site-packages/fastapi/routing.py", line 291, in app
    solved_result = await solve_dependencies(
                    ^^^^^^^^^^^^^^^^^^^^^^^^^
  File "/scratch/si650f26_class_root/si650f26_class/savyo/synapse-bench/envs/gateway/lib/python3.12/site-packages/fastapi/dependencies/utils.py", line 630, in solve_dependencies
    solved = await run_in_threadpool(call, **solved_result.values)
             ^^^^^^^^^^^^^^^^^^^^^^^^^^^^^^^^^^^^^^^^^^^^^^^^^^^^^
  File "/scratch/si650f26_class_root/si650f26_class/savyo/synapse-bench/envs/gateway/lib/python3.12/site-packages/starlette/concurrency.py", line 39, in run_in_threadpool
    return await anyio.to_thread.run_sync(func, *args)
           ^^^^^^^^^^^^^^^^^^^^^^^^^^^^^^^^^^^^^^^^^^^
  File "/scratch/si650f26_class_root/si650f26_class/savyo/synapse-bench/envs/gateway/lib/python3.12/site-packages/anyio/to_thread.py", line 65, in run_sync
    return await get_async_backend().run_sync_in_worker_thread(
           ^^^^^^^^^^^^^^^^^^^^^^^^^^^^^^^^^^^^^^^^^^^^^^^^^^^^
  File "/scratch/si650f26_class_root/si650f26_class/savyo/synapse-bench/envs/gateway/lib/python3.12/site-packages/anyio/_backends/_asyncio.py", line 2706, in run_sync_in_worker_thread
    return await future
           ^^^^^^^^^^^^
  File "/scratch/si650f26_class_root/si650f26_class/savyo/synapse-bench/envs/gateway/lib/python3.12/site-packages/anyio/_backends/_asyncio.py", line 1100, in run
    result = context.run(func, *args)
             ^^^^^^^^^^^^^^^^^^^^^^^^
  File "/gpfs/accounts/si650f26_class_root/si650f26_class/savyo/synapse-bench/repo/backend/app/auth.py", line 35, in require_api_key
    api_key = db.query(ApiKey).filter(ApiKey.key_hash == key_hash, ApiKey.revoked.is_(False)).first()
              ^^^^^^^^^^^^^^^^^^^^^^^^^^^^^^^^^^^^^^^^^^^^^^^^^^^^^^^^^^^^^^^^^^^^^^^^^^^^^^^^^^^^^^^
  File "/scratch/si650f26_class_root/si650f26_class/savyo/synapse-bench/envs/gateway/lib/python3.12/site-packages/sqlalchemy/orm/query.py", line 2728, in first
    return self.limit(1)._iter().first()  # type: ignore
           ^^^^^^^^^^^^^^^^^^^^^
  File "/scratch/si650f26_class_root/si650f26_class/savyo/synapse-bench/envs/gateway/lib/python3.12/site-packages/sqlalchemy/orm/query.py", line 2827, in _iter
    result: Union[ScalarResult[_T], Result[_T]] = self.session.execute(
                                                  ^^^^^^^^^^^^^^^^^^^^^
  File "/scratch/si650f26_class_root/si650f26_class/savyo/synapse-bench/envs/gateway/lib/python3.12/site-packages/sqlalchemy/orm/session.py", line 2362, in execute
    return self._execute_internal(
           ^^^^^^^^^^^^^^^^^^^^^^^
  File "/scratch/si650f26_class_root/si650f26_class/savyo/synapse-bench/envs/gateway/lib/python3.12/site-packages/sqlalchemy/orm/session.py", line 2237, in _execute_internal
    conn = self._connection_for_bind(bind)
           ^^^^^^^^^^^^^^^^^^^^^^^^^^^^^^^
  File "/scratch/si650f26_class_root/si650f26_class/savyo/synapse-bench/envs/gateway/lib/python3.12/site-packages/sqlalchemy/orm/session.py", line 2106, in _connection_for_bind
    return trans._connection_for_bind(engine, execution_options)
           ^^^^^^^^^^^^^^^^^^^^^^^^^^^^^^^^^^^^^^^^^^^^^^^^^^^^^
  File "<string>", line 2, in _connection_for_bind
  File "/scratch/si650f26_class_root/si650f26_class/savyo/synapse-bench/envs/gateway/lib/python3.12/site-packages/sqlalchemy/orm/state_changes.py", line 139, in _go
    ret_value = fn(self, *arg, **kw)
                ^^^^^^^^^^^^^^^^^^^^
  File "/scratch/si650f26_class_root/si650f26_class/savyo/synapse-bench/envs/gateway/lib/python3.12/site-packages/sqlalchemy/orm/session.py", line 1189, in _connection_for_bind
    conn = bind.connect()
           ^^^^^^^^^^^^^^
  File "/scratch/si650f26_class_root/si650f26_class/savyo/synapse-bench/envs/gateway/lib/python3.12/site-packages/sqlalchemy/engine/base.py", line 3278, in connect
    return self._connection_cls(self)
           ^^^^^^^^^^^^^^^^^^^^^^^^^^
  File "/scratch/si650f26_class_root/si650f26_class/savyo/synapse-bench/envs/gateway/lib/python3.12/site-packages/sqlalchemy/engine/base.py", line 146, in __init__
    self._dbapi_connection = engine.raw_connection()
                             ^^^^^^^^^^^^^^^^^^^^^^^
  File "/scratch/si650f26_class_root/si650f26_class/savyo/synapse-bench/envs/gateway/lib/python3.12/site-packages/sqlalchemy/engine/base.py", line 3302, in raw_connection
    return self.pool.connect()
           ^^^^^^^^^^^^^^^^^^^
  File "/scratch/si650f26_class_root/si650f26_class/savyo/synapse-bench/envs/gateway/lib/python3.12/site-packages/sqlalchemy/pool/base.py", line 449, in connect
    return _ConnectionFairy._checkout(self)
           ^^^^^^^^^^^^^^^^^^^^^^^^^^^^^^^^
  File "/scratch/si650f26_class_root/si650f26_class/savyo/synapse-bench/envs/gateway/lib/python3.12/site-packages/sqlalchemy/pool/base.py", line 1263, in _checkout
    fairy = _ConnectionRecord.checkout(pool)
            ^^^^^^^^^^^^^^^^^^^^^^^^^^^^^^^^
  File "/scratch/si650f26_class_root/si650f26_class/savyo/synapse-bench/envs/gateway/lib/python3.12/site-packages/sqlalchemy/pool/base.py", line 712, in checkout
    rec = pool._do_get()
          ^^^^^^^^^^^^^^
  File "/scratch/si650f26_class_root/si650f26_class/savyo/synapse-bench/envs/gateway/lib/python3.12/site-packages/sqlalchemy/pool/impl.py", line 168, in _do_get
    raise exc.TimeoutError(
sqlalchemy.exc.TimeoutError: QueuePool limit of size 5 overflow 10 reached, connection timed out, timeout 30.00 (Background on this error at: https://sqlalche.me/e/20/3o7r)
ERROR:    Exception in ASGI application
Traceback (most recent call last):
  File "/scratch/si650f26_class_root/si650f26_class/savyo/synapse-bench/envs/gateway/lib/python3.12/site-packages/uvicorn/protocols/http/httptools_impl.py", line 401, in run_asgi
    result = await app(  # type: ignore[func-returns-value]
             ^^^^^^^^^^^^^^^^^^^^^^^^^^^^^^^^^^^^^^^^^^^^^^
  File "/scratch/si650f26_class_root/si650f26_class/savyo/synapse-bench/envs/gateway/lib/python3.12/site-packages/uvicorn/middleware/proxy_headers.py", line 70, in __call__
    return await self.app(scope, receive, send)
           ^^^^^^^^^^^^^^^^^^^^^^^^^^^^^^^^^^^^
  File "/scratch/si650f26_class_root/si650f26_class/savyo/synapse-bench/envs/gateway/lib/python3.12/site-packages/fastapi/applications.py", line 1054, in __call__
    await super().__call__(scope, receive, send)
  File "/scratch/si650f26_class_root/si650f26_class/savyo/synapse-bench/envs/gateway/lib/python3.12/site-packages/starlette/applications.py", line 113, in __call__
    await self.middleware_stack(scope, receive, send)
  File "/scratch/si650f26_class_root/si650f26_class/savyo/synapse-bench/envs/gateway/lib/python3.12/site-packages/starlette/middleware/errors.py", line 187, in __call__
    raise exc
  File "/scratch/si650f26_class_root/si650f26_class/savyo/synapse-bench/envs/gateway/lib/python3.12/site-packages/starlette/middleware/errors.py", line 165, in __call__
    await self.app(scope, receive, _send)
  File "/scratch/si650f26_class_root/si650f26_class/savyo/synapse-bench/envs/gateway/lib/python3.12/site-packages/starlette/middleware/cors.py", line 85, in __call__
    await self.app(scope, receive, send)
  File "/scratch/si650f26_class_root/si650f26_class/savyo/synapse-bench/envs/gateway/lib/python3.12/site-packages/starlette/middleware/exceptions.py", line 62, in __call__
    await wrap_app_handling_exceptions(self.app, conn)(scope, receive, send)
  File "/scratch/si650f26_class_root/si650f26_class/savyo/synapse-bench/envs/gateway/lib/python3.12/site-packages/starlette/_exception_handler.py", line 62, in wrapped_app
    raise exc
  File "/scratch/si650f26_class_root/si650f26_class/savyo/synapse-bench/envs/gateway/lib/python3.12/site-packages/starlette/_exception_handler.py", line 51, in wrapped_app
    await app(scope, receive, sender)
  File "/scratch/si650f26_class_root/si650f26_class/savyo/synapse-bench/envs/gateway/lib/python3.12/site-packages/starlette/routing.py", line 715, in __call__
    await self.middleware_stack(scope, receive, send)
  File "/scratch/si650f26_class_root/si650f26_class/savyo/synapse-bench/envs/gateway/lib/python3.12/site-packages/starlette/routing.py", line 735, in app
    await route.handle(scope, receive, send)
  File "/scratch/si650f26_class_root/si650f26_class/savyo/synapse-bench/envs/gateway/lib/python3.12/site-packages/starlette/routing.py", line 288, in handle
    await self.app(scope, receive, send)
  File "/scratch/si650f26_class_root/si650f26_class/savyo/synapse-bench/envs/gateway/lib/python3.12/site-packages/starlette/routing.py", line 76, in app
    await wrap_app_handling_exceptions(app, request)(scope, receive, send)
  File "/scratch/si650f26_class_root/si650f26_class/savyo/synapse-bench/envs/gateway/lib/python3.12/site-packages/starlette/_exception_handler.py", line 62, in wrapped_app
    raise exc
  File "/scratch/si650f26_class_root/si650f26_class/savyo/synapse-bench/envs/gateway/lib/python3.12/site-packages/starlette/_exception_handler.py", line 51, in wrapped_app
    await app(scope, receive, sender)
  File "/scratch/si650f26_class_root/si650f26_class/savyo/synapse-bench/envs/gateway/lib/python3.12/site-packages/starlette/routing.py", line 73, in app
    response = await f(request)
               ^^^^^^^^^^^^^^^^
  File "/scratch/si650f26_class_root/si650f26_class/savyo/synapse-bench/envs/gateway/lib/python3.12/site-packages/fastapi/routing.py", line 291, in app
    solved_result = await solve_dependencies(
                    ^^^^^^^^^^^^^^^^^^^^^^^^^
  File "/scratch/si650f26_class_root/si650f26_class/savyo/synapse-bench/envs/gateway/lib/python3.12/site-packages/fastapi/dependencies/utils.py", line 630, in solve_dependencies
    solved = await run_in_threadpool(call, **solved_result.values)
             ^^^^^^^^^^^^^^^^^^^^^^^^^^^^^^^^^^^^^^^^^^^^^^^^^^^^^
  File "/scratch/si650f26_class_root/si650f26_class/savyo/synapse-bench/envs/gateway/lib/python3.12/site-packages/starlette/concurrency.py", line 39, in run_in_threadpool
    return await anyio.to_thread.run_sync(func, *args)
           ^^^^^^^^^^^^^^^^^^^^^^^^^^^^^^^^^^^^^^^^^^^
  File "/scratch/si650f26_class_root/si650f26_class/savyo/synapse-bench/envs/gateway/lib/python3.12/site-packages/anyio/to_thread.py", line 65, in run_sync
    return await get_async_backend().run_sync_in_worker_thread(
           ^^^^^^^^^^^^^^^^^^^^^^^^^^^^^^^^^^^^^^^^^^^^^^^^^^^^
  File "/scratch/si650f26_class_root/si650f26_class/savyo/synapse-bench/envs/gateway/lib/python3.12/site-packages/anyio/_backends/_asyncio.py", line 2706, in run_sync_in_worker_thread
    return await future
           ^^^^^^^^^^^^
  File "/scratch/si650f26_class_root/si650f26_class/savyo/synapse-bench/envs/gateway/lib/python3.12/site-packages/anyio/_backends/_asyncio.py", line 1100, in run
    result = context.run(func, *args)
             ^^^^^^^^^^^^^^^^^^^^^^^^
  File "/gpfs/accounts/si650f26_class_root/si650f26_class/savyo/synapse-bench/repo/backend/app/auth.py", line 35, in require_api_key
    api_key = db.query(ApiKey).filter(ApiKey.key_hash == key_hash, ApiKey.revoked.is_(False)).first()
              ^^^^^^^^^^^^^^^^^^^^^^^^^^^^^^^^^^^^^^^^^^^^^^^^^^^^^^^^^^^^^^^^^^^^^^^^^^^^^^^^^^^^^^^
  File "/scratch/si650f26_class_root/si650f26_class/savyo/synapse-bench/envs/gateway/lib/python3.12/site-packages/sqlalchemy/orm/query.py", line 2728, in first
    return self.limit(1)._iter().first()  # type: ignore
           ^^^^^^^^^^^^^^^^^^^^^
  File "/scratch/si650f26_class_root/si650f26_class/savyo/synapse-bench/envs/gateway/lib/python3.12/site-packages/sqlalchemy/orm/query.py", line 2827, in _iter
    result: Union[ScalarResult[_T], Result[_T]] = self.session.execute(
                                                  ^^^^^^^^^^^^^^^^^^^^^
  File "/scratch/si650f26_class_root/si650f26_class/savyo/synapse-bench/envs/gateway/lib/python3.12/site-packages/sqlalchemy/orm/session.py", line 2362, in execute
    return self._execute_internal(
           ^^^^^^^^^^^^^^^^^^^^^^^
  File "/scratch/si650f26_class_root/si650f26_class/savyo/synapse-bench/envs/gateway/lib/python3.12/site-packages/sqlalchemy/orm/session.py", line 2237, in _execute_internal
    conn = self._connection_for_bind(bind)
           ^^^^^^^^^^^^^^^^^^^^^^^^^^^^^^^
  File "/scratch/si650f26_class_root/si650f26_class/savyo/synapse-bench/envs/gateway/lib/python3.12/site-packages/sqlalchemy/orm/session.py", line 2106, in _connection_for_bind
    return trans._connection_for_bind(engine, execution_options)
           ^^^^^^^^^^^^^^^^^^^^^^^^^^^^^^^^^^^^^^^^^^^^^^^^^^^^^
  File "<string>", line 2, in _connection_for_bind
  File "/scratch/si650f26_class_root/si650f26_class/savyo/synapse-bench/envs/gateway/lib/python3.12/site-packages/sqlalchemy/orm/state_changes.py", line 139, in _go
    ret_value = fn(self, *arg, **kw)
                ^^^^^^^^^^^^^^^^^^^^
  File "/scratch/si650f26_class_root/si650f26_class/savyo/synapse-bench/envs/gateway/lib/python3.12/site-packages/sqlalchemy/orm/session.py", line 1189, in _connection_for_bind
    conn = bind.connect()
           ^^^^^^^^^^^^^^
  File "/scratch/si650f26_class_root/si650f26_class/savyo/synapse-bench/envs/gateway/lib/python3.12/site-packages/sqlalchemy/engine/base.py", line 3278, in connect
    return self._connection_cls(self)
           ^^^^^^^^^^^^^^^^^^^^^^^^^^
  File "/scratch/si650f26_class_root/si650f26_class/savyo/synapse-bench/envs/gateway/lib/python3.12/site-packages/sqlalchemy/engine/base.py", line 146, in __init__
    self._dbapi_connection = engine.raw_connection()
                             ^^^^^^^^^^^^^^^^^^^^^^^
  File "/scratch/si650f26_class_root/si650f26_class/savyo/synapse-bench/envs/gateway/lib/python3.12/site-packages/sqlalchemy/engine/base.py", line 3302, in raw_connection
    return self.pool.connect()
           ^^^^^^^^^^^^^^^^^^^
  File "/scratch/si650f26_class_root/si650f26_class/savyo/synapse-bench/envs/gateway/lib/python3.12/site-packages/sqlalchemy/pool/base.py", line 449, in connect
    return _ConnectionFairy._checkout(self)
           ^^^^^^^^^^^^^^^^^^^^^^^^^^^^^^^^
  File "/scratch/si650f26_class_root/si650f26_class/savyo/synapse-bench/envs/gateway/lib/python3.12/site-packages/sqlalchemy/pool/base.py", line 1263, in _checkout
    fairy = _ConnectionRecord.checkout(pool)
            ^^^^^^^^^^^^^^^^^^^^^^^^^^^^^^^^
  File "/scratch/si650f26_class_root/si650f26_class/savyo/synapse-bench/envs/gateway/lib/python3.12/site-packages/sqlalchemy/pool/base.py", line 712, in checkout
    rec = pool._do_get()
          ^^^^^^^^^^^^^^
  File "/scratch/si650f26_class_root/si650f26_class/savyo/synapse-bench/envs/gateway/lib/python3.12/site-packages/sqlalchemy/pool/impl.py", line 168, in _do_get
    raise exc.TimeoutError(
sqlalchemy.exc.TimeoutError: QueuePool limit of size 5 overflow 10 reached, connection timed out, timeout 30.00 (Background on this error at: https://sqlalche.me/e/20/3o7r)
ERROR:    Exception in ASGI application
Traceback (most recent call last):
  File "/scratch/si650f26_class_root/si650f26_class/savyo/synapse-bench/envs/gateway/lib/python3.12/site-packages/uvicorn/protocols/http/httptools_impl.py", line 401, in run_asgi
    result = await app(  # type: ignore[func-returns-value]
             ^^^^^^^^^^^^^^^^^^^^^^^^^^^^^^^^^^^^^^^^^^^^^^
  File "/scratch/si650f26_class_root/si650f26_class/savyo/synapse-bench/envs/gateway/lib/python3.12/site-packages/uvicorn/middleware/proxy_headers.py", line 70, in __call__
    return await self.app(scope, receive, send)
           ^^^^^^^^^^^^^^^^^^^^^^^^^^^^^^^^^^^^
  File "/scratch/si650f26_class_root/si650f26_class/savyo/synapse-bench/envs/gateway/lib/python3.12/site-packages/fastapi/applications.py", line 1054, in __call__
    await super().__call__(scope, receive, send)
  File "/scratch/si650f26_class_root/si650f26_class/savyo/synapse-bench/envs/gateway/lib/python3.12/site-packages/starlette/applications.py", line 113, in __call__
    await self.middleware_stack(scope, receive, send)
  File "/scratch/si650f26_class_root/si650f26_class/savyo/synapse-bench/envs/gateway/lib/python3.12/site-packages/starlette/middleware/errors.py", line 187, in __call__
    raise exc
  File "/scratch/si650f26_class_root/si650f26_class/savyo/synapse-bench/envs/gateway/lib/python3.12/site-packages/starlette/middleware/errors.py", line 165, in __call__
    await self.app(scope, receive, _send)
  File "/scratch/si650f26_class_root/si650f26_class/savyo/synapse-bench/envs/gateway/lib/python3.12/site-packages/starlette/middleware/cors.py", line 85, in __call__
    await self.app(scope, receive, send)
  File "/scratch/si650f26_class_root/si650f26_class/savyo/synapse-bench/envs/gateway/lib/python3.12/site-packages/starlette/middleware/exceptions.py", line 62, in __call__
    await wrap_app_handling_exceptions(self.app, conn)(scope, receive, send)
  File "/scratch/si650f26_class_root/si650f26_class/savyo/synapse-bench/envs/gateway/lib/python3.12/site-packages/starlette/_exception_handler.py", line 62, in wrapped_app
    raise exc
  File "/scratch/si650f26_class_root/si650f26_class/savyo/synapse-bench/envs/gateway/lib/python3.12/site-packages/starlette/_exception_handler.py", line 51, in wrapped_app
    await app(scope, receive, sender)
  File "/scratch/si650f26_class_root/si650f26_class/savyo/synapse-bench/envs/gateway/lib/python3.12/site-packages/starlette/routing.py", line 715, in __call__
    await self.middleware_stack(scope, receive, send)
  File "/scratch/si650f26_class_root/si650f26_class/savyo/synapse-bench/envs/gateway/lib/python3.12/site-packages/starlette/routing.py", line 735, in app
    await route.handle(scope, receive, send)
  File "/scratch/si650f26_class_root/si650f26_class/savyo/synapse-bench/envs/gateway/lib/python3.12/site-packages/starlette/routing.py", line 288, in handle
    await self.app(scope, receive, send)
  File "/scratch/si650f26_class_root/si650f26_class/savyo/synapse-bench/envs/gateway/lib/python3.12/site-packages/starlette/routing.py", line 76, in app
    await wrap_app_handling_exceptions(app, request)(scope, receive, send)
  File "/scratch/si650f26_class_root/si650f26_class/savyo/synapse-bench/envs/gateway/lib/python3.12/site-packages/starlette/_exception_handler.py", line 62, in wrapped_app
    raise exc
  File "/scratch/si650f26_class_root/si650f26_class/savyo/synapse-bench/envs/gateway/lib/python3.12/site-packages/starlette/_exception_handler.py", line 51, in wrapped_app
    await app(scope, receive, sender)
  File "/scratch/si650f26_class_root/si650f26_class/savyo/synapse-bench/envs/gateway/lib/python3.12/site-packages/starlette/routing.py", line 73, in app
    response = await f(request)
               ^^^^^^^^^^^^^^^^
  File "/scratch/si650f26_class_root/si650f26_class/savyo/synapse-bench/envs/gateway/lib/python3.12/site-packages/fastapi/routing.py", line 291, in app
    solved_result = await solve_dependencies(
                    ^^^^^^^^^^^^^^^^^^^^^^^^^
  File "/scratch/si650f26_class_root/si650f26_class/savyo/synapse-bench/envs/gateway/lib/python3.12/site-packages/fastapi/dependencies/utils.py", line 630, in solve_dependencies
    solved = await run_in_threadpool(call, **solved_result.values)
             ^^^^^^^^^^^^^^^^^^^^^^^^^^^^^^^^^^^^^^^^^^^^^^^^^^^^^
  File "/scratch/si650f26_class_root/si650f26_class/savyo/synapse-bench/envs/gateway/lib/python3.12/site-packages/starlette/concurrency.py", line 39, in run_in_threadpool
    return await anyio.to_thread.run_sync(func, *args)
           ^^^^^^^^^^^^^^^^^^^^^^^^^^^^^^^^^^^^^^^^^^^
  File "/scratch/si650f26_class_root/si650f26_class/savyo/synapse-bench/envs/gateway/lib/python3.12/site-packages/anyio/to_thread.py", line 65, in run_sync
    return await get_async_backend().run_sync_in_worker_thread(
           ^^^^^^^^^^^^^^^^^^^^^^^^^^^^^^^^^^^^^^^^^^^^^^^^^^^^
  File "/scratch/si650f26_class_root/si650f26_class/savyo/synapse-bench/envs/gateway/lib/python3.12/site-packages/anyio/_backends/_asyncio.py", line 2706, in run_sync_in_worker_thread
    return await future
           ^^^^^^^^^^^^
  File "/scratch/si650f26_class_root/si650f26_class/savyo/synapse-bench/envs/gateway/lib/python3.12/site-packages/anyio/_backends/_asyncio.py", line 1100, in run
    result = context.run(func, *args)
             ^^^^^^^^^^^^^^^^^^^^^^^^
  File "/gpfs/accounts/si650f26_class_root/si650f26_class/savyo/synapse-bench/repo/backend/app/auth.py", line 35, in require_api_key
    api_key = db.query(ApiKey).filter(ApiKey.key_hash == key_hash, ApiKey.revoked.is_(False)).first()
              ^^^^^^^^^^^^^^^^^^^^^^^^^^^^^^^^^^^^^^^^^^^^^^^^^^^^^^^^^^^^^^^^^^^^^^^^^^^^^^^^^^^^^^^
  File "/scratch/si650f26_class_root/si650f26_class/savyo/synapse-bench/envs/gateway/lib/python3.12/site-packages/sqlalchemy/orm/query.py", line 2728, in first
    return self.limit(1)._iter().first()  # type: ignore
           ^^^^^^^^^^^^^^^^^^^^^
  File "/scratch/si650f26_class_root/si650f26_class/savyo/synapse-bench/envs/gateway/lib/python3.12/site-packages/sqlalchemy/orm/query.py", line 2827, in _iter
    result: Union[ScalarResult[_T], Result[_T]] = self.session.execute(
                                                  ^^^^^^^^^^^^^^^^^^^^^
  File "/scratch/si650f26_class_root/si650f26_class/savyo/synapse-bench/envs/gateway/lib/python3.12/site-packages/sqlalchemy/orm/session.py", line 2362, in execute
    return self._execute_internal(
           ^^^^^^^^^^^^^^^^^^^^^^^
  File "/scratch/si650f26_class_root/si650f26_class/savyo/synapse-bench/envs/gateway/lib/python3.12/site-packages/sqlalchemy/orm/session.py", line 2237, in _execute_internal
    conn = self._connection_for_bind(bind)
           ^^^^^^^^^^^^^^^^^^^^^^^^^^^^^^^
  File "/scratch/si650f26_class_root/si650f26_class/savyo/synapse-bench/envs/gateway/lib/python3.12/site-packages/sqlalchemy/orm/session.py", line 2106, in _connection_for_bind
    return trans._connection_for_bind(engine, execution_options)
           ^^^^^^^^^^^^^^^^^^^^^^^^^^^^^^^^^^^^^^^^^^^^^^^^^^^^^
  File "<string>", line 2, in _connection_for_bind
  File "/scratch/si650f26_class_root/si650f26_class/savyo/synapse-bench/envs/gateway/lib/python3.12/site-packages/sqlalchemy/orm/state_changes.py", line 139, in _go
    ret_value = fn(self, *arg, **kw)
                ^^^^^^^^^^^^^^^^^^^^
  File "/scratch/si650f26_class_root/si650f26_class/savyo/synapse-bench/envs/gateway/lib/python3.12/site-packages/sqlalchemy/orm/session.py", line 1189, in _connection_for_bind
    conn = bind.connect()
           ^^^^^^^^^^^^^^
  File "/scratch/si650f26_class_root/si650f26_class/savyo/synapse-bench/envs/gateway/lib/python3.12/site-packages/sqlalchemy/engine/base.py", line 3278, in connect
    return self._connection_cls(self)
           ^^^^^^^^^^^^^^^^^^^^^^^^^^
  File "/scratch/si650f26_class_root/si650f26_class/savyo/synapse-bench/envs/gateway/lib/python3.12/site-packages/sqlalchemy/engine/base.py", line 146, in __init__
    self._dbapi_connection = engine.raw_connection()
                             ^^^^^^^^^^^^^^^^^^^^^^^
  File "/scratch/si650f26_class_root/si650f26_class/savyo/synapse-bench/envs/gateway/lib/python3.12/site-packages/sqlalchemy/engine/base.py", line 3302, in raw_connection
    return self.pool.connect()
           ^^^^^^^^^^^^^^^^^^^
  File "/scratch/si650f26_class_root/si650f26_class/savyo/synapse-bench/envs/gateway/lib/python3.12/site-packages/sqlalchemy/pool/base.py", line 449, in connect
    return _ConnectionFairy._checkout(self)
           ^^^^^^^^^^^^^^^^^^^^^^^^^^^^^^^^
  File "/scratch/si650f26_class_root/si650f26_class/savyo/synapse-bench/envs/gateway/lib/python3.12/site-packages/sqlalchemy/pool/base.py", line 1263, in _checkout
    fairy = _ConnectionRecord.checkout(pool)
            ^^^^^^^^^^^^^^^^^^^^^^^^^^^^^^^^
  File "/scratch/si650f26_class_root/si650f26_class/savyo/synapse-bench/envs/gateway/lib/python3.12/site-packages/sqlalchemy/pool/base.py", line 712, in checkout
    rec = pool._do_get()
          ^^^^^^^^^^^^^^
  File "/scratch/si650f26_class_root/si650f26_class/savyo/synapse-bench/envs/gateway/lib/python3.12/site-packages/sqlalchemy/pool/impl.py", line 168, in _do_get
    raise exc.TimeoutError(
sqlalchemy.exc.TimeoutError: QueuePool limit of size 5 overflow 10 reached, connection timed out, timeout 30.00 (Background on this error at: https://sqlalche.me/e/20/3o7r)
ERROR:    Exception in ASGI application
Traceback (most recent call last):
  File "/scratch/si650f26_class_root/si650f26_class/savyo/synapse-bench/envs/gateway/lib/python3.12/site-packages/uvicorn/protocols/http/httptools_impl.py", line 401, in run_asgi
    result = await app(  # type: ignore[func-returns-value]
             ^^^^^^^^^^^^^^^^^^^^^^^^^^^^^^^^^^^^^^^^^^^^^^
  File "/scratch/si650f26_class_root/si650f26_class/savyo/synapse-bench/envs/gateway/lib/python3.12/site-packages/uvicorn/middleware/proxy_headers.py", line 70, in __call__
    return await self.app(scope, receive, send)
           ^^^^^^^^^^^^^^^^^^^^^^^^^^^^^^^^^^^^
  File "/scratch/si650f26_class_root/si650f26_class/savyo/synapse-bench/envs/gateway/lib/python3.12/site-packages/fastapi/applications.py", line 1054, in __call__
    await super().__call__(scope, receive, send)
  File "/scratch/si650f26_class_root/si650f26_class/savyo/synapse-bench/envs/gateway/lib/python3.12/site-packages/starlette/applications.py", line 113, in __call__
    await self.middleware_stack(scope, receive, send)
  File "/scratch/si650f26_class_root/si650f26_class/savyo/synapse-bench/envs/gateway/lib/python3.12/site-packages/starlette/middleware/errors.py", line 187, in __call__
    raise exc
  File "/scratch/si650f26_class_root/si650f26_class/savyo/synapse-bench/envs/gateway/lib/python3.12/site-packages/starlette/middleware/errors.py", line 165, in __call__
    await self.app(scope, receive, _send)
  File "/scratch/si650f26_class_root/si650f26_class/savyo/synapse-bench/envs/gateway/lib/python3.12/site-packages/starlette/middleware/cors.py", line 85, in __call__
    await self.app(scope, receive, send)
  File "/scratch/si650f26_class_root/si650f26_class/savyo/synapse-bench/envs/gateway/lib/python3.12/site-packages/starlette/middleware/exceptions.py", line 62, in __call__
    await wrap_app_handling_exceptions(self.app, conn)(scope, receive, send)
  File "/scratch/si650f26_class_root/si650f26_class/savyo/synapse-bench/envs/gateway/lib/python3.12/site-packages/starlette/_exception_handler.py", line 62, in wrapped_app
    raise exc
  File "/scratch/si650f26_class_root/si650f26_class/savyo/synapse-bench/envs/gateway/lib/python3.12/site-packages/starlette/_exception_handler.py", line 51, in wrapped_app
    await app(scope, receive, sender)
  File "/scratch/si650f26_class_root/si650f26_class/savyo/synapse-bench/envs/gateway/lib/python3.12/site-packages/starlette/routing.py", line 715, in __call__
    await self.middleware_stack(scope, receive, send)
  File "/scratch/si650f26_class_root/si650f26_class/savyo/synapse-bench/envs/gateway/lib/python3.12/site-packages/starlette/routing.py", line 735, in app
    await route.handle(scope, receive, send)
  File "/scratch/si650f26_class_root/si650f26_class/savyo/synapse-bench/envs/gateway/lib/python3.12/site-packages/starlette/routing.py", line 288, in handle
    await self.app(scope, receive, send)
  File "/scratch/si650f26_class_root/si650f26_class/savyo/synapse-bench/envs/gateway/lib/python3.12/site-packages/starlette/routing.py", line 76, in app
    await wrap_app_handling_exceptions(app, request)(scope, receive, send)
  File "/scratch/si650f26_class_root/si650f26_class/savyo/synapse-bench/envs/gateway/lib/python3.12/site-packages/starlette/_exception_handler.py", line 62, in wrapped_app
    raise exc
  File "/scratch/si650f26_class_root/si650f26_class/savyo/synapse-bench/envs/gateway/lib/python3.12/site-packages/starlette/_exception_handler.py", line 51, in wrapped_app
    await app(scope, receive, sender)
  File "/scratch/si650f26_class_root/si650f26_class/savyo/synapse-bench/envs/gateway/lib/python3.12/site-packages/starlette/routing.py", line 73, in app
    response = await f(request)
               ^^^^^^^^^^^^^^^^
  File "/scratch/si650f26_class_root/si650f26_class/savyo/synapse-bench/envs/gateway/lib/python3.12/site-packages/fastapi/routing.py", line 291, in app
    solved_result = await solve_dependencies(
                    ^^^^^^^^^^^^^^^^^^^^^^^^^
  File "/scratch/si650f26_class_root/si650f26_class/savyo/synapse-bench/envs/gateway/lib/python3.12/site-packages/fastapi/dependencies/utils.py", line 630, in solve_dependencies
    solved = await run_in_threadpool(call, **solved_result.values)
             ^^^^^^^^^^^^^^^^^^^^^^^^^^^^^^^^^^^^^^^^^^^^^^^^^^^^^
  File "/scratch/si650f26_class_root/si650f26_class/savyo/synapse-bench/envs/gateway/lib/python3.12/site-packages/starlette/concurrency.py", line 39, in run_in_threadpool
    return await anyio.to_thread.run_sync(func, *args)
           ^^^^^^^^^^^^^^^^^^^^^^^^^^^^^^^^^^^^^^^^^^^
  File "/scratch/si650f26_class_root/si650f26_class/savyo/synapse-bench/envs/gateway/lib/python3.12/site-packages/anyio/to_thread.py", line 65, in run_sync
    return await get_async_backend().run_sync_in_worker_thread(
           ^^^^^^^^^^^^^^^^^^^^^^^^^^^^^^^^^^^^^^^^^^^^^^^^^^^^
  File "/scratch/si650f26_class_root/si650f26_class/savyo/synapse-bench/envs/gateway/lib/python3.12/site-packages/anyio/_backends/_asyncio.py", line 2706, in run_sync_in_worker_thread
    return await future
           ^^^^^^^^^^^^
  File "/scratch/si650f26_class_root/si650f26_class/savyo/synapse-bench/envs/gateway/lib/python3.12/site-packages/anyio/_backends/_asyncio.py", line 1100, in run
    result = context.run(func, *args)
             ^^^^^^^^^^^^^^^^^^^^^^^^
  File "/gpfs/accounts/si650f26_class_root/si650f26_class/savyo/synapse-bench/repo/backend/app/auth.py", line 35, in require_api_key
    api_key = db.query(ApiKey).filter(ApiKey.key_hash == key_hash, ApiKey.revoked.is_(False)).first()
              ^^^^^^^^^^^^^^^^^^^^^^^^^^^^^^^^^^^^^^^^^^^^^^^^^^^^^^^^^^^^^^^^^^^^^^^^^^^^^^^^^^^^^^^
  File "/scratch/si650f26_class_root/si650f26_class/savyo/synapse-bench/envs/gateway/lib/python3.12/site-packages/sqlalchemy/orm/query.py", line 2728, in first
    return self.limit(1)._iter().first()  # type: ignore
           ^^^^^^^^^^^^^^^^^^^^^
  File "/scratch/si650f26_class_root/si650f26_class/savyo/synapse-bench/envs/gateway/lib/python3.12/site-packages/sqlalchemy/orm/query.py", line 2827, in _iter
    result: Union[ScalarResult[_T], Result[_T]] = self.session.execute(
                                                  ^^^^^^^^^^^^^^^^^^^^^
  File "/scratch/si650f26_class_root/si650f26_class/savyo/synapse-bench/envs/gateway/lib/python3.12/site-packages/sqlalchemy/orm/session.py", line 2362, in execute
    return self._execute_internal(
           ^^^^^^^^^^^^^^^^^^^^^^^
  File "/scratch/si650f26_class_root/si650f26_class/savyo/synapse-bench/envs/gateway/lib/python3.12/site-packages/sqlalchemy/orm/session.py", line 2237, in _execute_internal
    conn = self._connection_for_bind(bind)
           ^^^^^^^^^^^^^^^^^^^^^^^^^^^^^^^
  File "/scratch/si650f26_class_root/si650f26_class/savyo/synapse-bench/envs/gateway/lib/python3.12/site-packages/sqlalchemy/orm/session.py", line 2106, in _connection_for_bind
    return trans._connection_for_bind(engine, execution_options)
           ^^^^^^^^^^^^^^^^^^^^^^^^^^^^^^^^^^^^^^^^^^^^^^^^^^^^^
  File "<string>", line 2, in _connection_for_bind
  File "/scratch/si650f26_class_root/si650f26_class/savyo/synapse-bench/envs/gateway/lib/python3.12/site-packages/sqlalchemy/orm/state_changes.py", line 139, in _go
    ret_value = fn(self, *arg, **kw)
                ^^^^^^^^^^^^^^^^^^^^
  File "/scratch/si650f26_class_root/si650f26_class/savyo/synapse-bench/envs/gateway/lib/python3.12/site-packages/sqlalchemy/orm/session.py", line 1189, in _connection_for_bind
    conn = bind.connect()
           ^^^^^^^^^^^^^^
  File "/scratch/si650f26_class_root/si650f26_class/savyo/synapse-bench/envs/gateway/lib/python3.12/site-packages/sqlalchemy/engine/base.py", line 3278, in connect
    return self._connection_cls(self)
           ^^^^^^^^^^^^^^^^^^^^^^^^^^
  File "/scratch/si650f26_class_root/si650f26_class/savyo/synapse-bench/envs/gateway/lib/python3.12/site-packages/sqlalchemy/engine/base.py", line 146, in __init__
    self._dbapi_connection = engine.raw_connection()
                             ^^^^^^^^^^^^^^^^^^^^^^^
  File "/scratch/si650f26_class_root/si650f26_class/savyo/synapse-bench/envs/gateway/lib/python3.12/site-packages/sqlalchemy/engine/base.py", line 3302, in raw_connection
    return self.pool.connect()
           ^^^^^^^^^^^^^^^^^^^
  File "/scratch/si650f26_class_root/si650f26_class/savyo/synapse-bench/envs/gateway/lib/python3.12/site-packages/sqlalchemy/pool/base.py", line 449, in connect
    return _ConnectionFairy._checkout(self)
           ^^^^^^^^^^^^^^^^^^^^^^^^^^^^^^^^
  File "/scratch/si650f26_class_root/si650f26_class/savyo/synapse-bench/envs/gateway/lib/python3.12/site-packages/sqlalchemy/pool/base.py", line 1263, in _checkout
    fairy = _ConnectionRecord.checkout(pool)
            ^^^^^^^^^^^^^^^^^^^^^^^^^^^^^^^^
  File "/scratch/si650f26_class_root/si650f26_class/savyo/synapse-bench/envs/gateway/lib/python3.12/site-packages/sqlalchemy/pool/base.py", line 712, in checkout
    rec = pool._do_get()
          ^^^^^^^^^^^^^^
  File "/scratch/si650f26_class_root/si650f26_class/savyo/synapse-bench/envs/gateway/lib/python3.12/site-packages/sqlalchemy/pool/impl.py", line 168, in _do_get
    raise exc.TimeoutError(
sqlalchemy.exc.TimeoutError: QueuePool limit of size 5 overflow 10 reached, connection timed out, timeout 30.00 (Background on this error at: https://sqlalche.me/e/20/3o7r)
ERROR:    Exception in ASGI application
Traceback (most recent call last):
  File "/scratch/si650f26_class_root/si650f26_class/savyo/synapse-bench/envs/gateway/lib/python3.12/site-packages/uvicorn/protocols/http/httptools_impl.py", line 401, in run_asgi
    result = await app(  # type: ignore[func-returns-value]
             ^^^^^^^^^^^^^^^^^^^^^^^^^^^^^^^^^^^^^^^^^^^^^^
  File "/scratch/si650f26_class_root/si650f26_class/savyo/synapse-bench/envs/gateway/lib/python3.12/site-packages/uvicorn/middleware/proxy_headers.py", line 70, in __call__
    return await self.app(scope, receive, send)
           ^^^^^^^^^^^^^^^^^^^^^^^^^^^^^^^^^^^^
  File "/scratch/si650f26_class_root/si650f26_class/savyo/synapse-bench/envs/gateway/lib/python3.12/site-packages/fastapi/applications.py", line 1054, in __call__
    await super().__call__(scope, receive, send)
  File "/scratch/si650f26_class_root/si650f26_class/savyo/synapse-bench/envs/gateway/lib/python3.12/site-packages/starlette/applications.py", line 113, in __call__
    await self.middleware_stack(scope, receive, send)
  File "/scratch/si650f26_class_root/si650f26_class/savyo/synapse-bench/envs/gateway/lib/python3.12/site-packages/starlette/middleware/errors.py", line 187, in __call__
    raise exc
  File "/scratch/si650f26_class_root/si650f26_class/savyo/synapse-bench/envs/gateway/lib/python3.12/site-packages/starlette/middleware/errors.py", line 165, in __call__
    await self.app(scope, receive, _send)
  File "/scratch/si650f26_class_root/si650f26_class/savyo/synapse-bench/envs/gateway/lib/python3.12/site-packages/starlette/middleware/cors.py", line 85, in __call__
    await self.app(scope, receive, send)
  File "/scratch/si650f26_class_root/si650f26_class/savyo/synapse-bench/envs/gateway/lib/python3.12/site-packages/starlette/middleware/exceptions.py", line 62, in __call__
    await wrap_app_handling_exceptions(self.app, conn)(scope, receive, send)
  File "/scratch/si650f26_class_root/si650f26_class/savyo/synapse-bench/envs/gateway/lib/python3.12/site-packages/starlette/_exception_handler.py", line 62, in wrapped_app
    raise exc
  File "/scratch/si650f26_class_root/si650f26_class/savyo/synapse-bench/envs/gateway/lib/python3.12/site-packages/starlette/_exception_handler.py", line 51, in wrapped_app
    await app(scope, receive, sender)
  File "/scratch/si650f26_class_root/si650f26_class/savyo/synapse-bench/envs/gateway/lib/python3.12/site-packages/starlette/routing.py", line 715, in __call__
    await self.middleware_stack(scope, receive, send)
  File "/scratch/si650f26_class_root/si650f26_class/savyo/synapse-bench/envs/gateway/lib/python3.12/site-packages/starlette/routing.py", line 735, in app
    await route.handle(scope, receive, send)
  File "/scratch/si650f26_class_root/si650f26_class/savyo/synapse-bench/envs/gateway/lib/python3.12/site-packages/starlette/routing.py", line 288, in handle
    await self.app(scope, receive, send)
  File "/scratch/si650f26_class_root/si650f26_class/savyo/synapse-bench/envs/gateway/lib/python3.12/site-packages/starlette/routing.py", line 76, in app
    await wrap_app_handling_exceptions(app, request)(scope, receive, send)
  File "/scratch/si650f26_class_root/si650f26_class/savyo/synapse-bench/envs/gateway/lib/python3.12/site-packages/starlette/_exception_handler.py", line 62, in wrapped_app
    raise exc
  File "/scratch/si650f26_class_root/si650f26_class/savyo/synapse-bench/envs/gateway/lib/python3.12/site-packages/starlette/_exception_handler.py", line 51, in wrapped_app
    await app(scope, receive, sender)
  File "/scratch/si650f26_class_root/si650f26_class/savyo/synapse-bench/envs/gateway/lib/python3.12/site-packages/starlette/routing.py", line 73, in app
    response = await f(request)
               ^^^^^^^^^^^^^^^^
  File "/scratch/si650f26_class_root/si650f26_class/savyo/synapse-bench/envs/gateway/lib/python3.12/site-packages/fastapi/routing.py", line 291, in app
    solved_result = await solve_dependencies(
                    ^^^^^^^^^^^^^^^^^^^^^^^^^
  File "/scratch/si650f26_class_root/si650f26_class/savyo/synapse-bench/envs/gateway/lib/python3.12/site-packages/fastapi/dependencies/utils.py", line 630, in solve_dependencies
    solved = await run_in_threadpool(call, **solved_result.values)
             ^^^^^^^^^^^^^^^^^^^^^^^^^^^^^^^^^^^^^^^^^^^^^^^^^^^^^
  File "/scratch/si650f26_class_root/si650f26_class/savyo/synapse-bench/envs/gateway/lib/python3.12/site-packages/starlette/concurrency.py", line 39, in run_in_threadpool
    return await anyio.to_thread.run_sync(func, *args)
           ^^^^^^^^^^^^^^^^^^^^^^^^^^^^^^^^^^^^^^^^^^^
  File "/scratch/si650f26_class_root/si650f26_class/savyo/synapse-bench/envs/gateway/lib/python3.12/site-packages/anyio/to_thread.py", line 65, in run_sync
    return await get_async_backend().run_sync_in_worker_thread(
           ^^^^^^^^^^^^^^^^^^^^^^^^^^^^^^^^^^^^^^^^^^^^^^^^^^^^
  File "/scratch/si650f26_class_root/si650f26_class/savyo/synapse-bench/envs/gateway/lib/python3.12/site-packages/anyio/_backends/_asyncio.py", line 2706, in run_sync_in_worker_thread
    return await future
           ^^^^^^^^^^^^
  File "/scratch/si650f26_class_root/si650f26_class/savyo/synapse-bench/envs/gateway/lib/python3.12/site-packages/anyio/_backends/_asyncio.py", line 1100, in run
    result = context.run(func, *args)
             ^^^^^^^^^^^^^^^^^^^^^^^^
  File "/gpfs/accounts/si650f26_class_root/si650f26_class/savyo/synapse-bench/repo/backend/app/auth.py", line 35, in require_api_key
    api_key = db.query(ApiKey).filter(ApiKey.key_hash == key_hash, ApiKey.revoked.is_(False)).first()
              ^^^^^^^^^^^^^^^^^^^^^^^^^^^^^^^^^^^^^^^^^^^^^^^^^^^^^^^^^^^^^^^^^^^^^^^^^^^^^^^^^^^^^^^
  File "/scratch/si650f26_class_root/si650f26_class/savyo/synapse-bench/envs/gateway/lib/python3.12/site-packages/sqlalchemy/orm/query.py", line 2728, in first
    return self.limit(1)._iter().first()  # type: ignore
           ^^^^^^^^^^^^^^^^^^^^^
  File "/scratch/si650f26_class_root/si650f26_class/savyo/synapse-bench/envs/gateway/lib/python3.12/site-packages/sqlalchemy/orm/query.py", line 2827, in _iter
    result: Union[ScalarResult[_T], Result[_T]] = self.session.execute(
                                                  ^^^^^^^^^^^^^^^^^^^^^
  File "/scratch/si650f26_class_root/si650f26_class/savyo/synapse-bench/envs/gateway/lib/python3.12/site-packages/sqlalchemy/orm/session.py", line 2362, in execute
    return self._execute_internal(
           ^^^^^^^^^^^^^^^^^^^^^^^
  File "/scratch/si650f26_class_root/si650f26_class/savyo/synapse-bench/envs/gateway/lib/python3.12/site-packages/sqlalchemy/orm/session.py", line 2237, in _execute_internal
    conn = self._connection_for_bind(bind)
           ^^^^^^^^^^^^^^^^^^^^^^^^^^^^^^^
  File "/scratch/si650f26_class_root/si650f26_class/savyo/synapse-bench/envs/gateway/lib/python3.12/site-packages/sqlalchemy/orm/session.py", line 2106, in _connection_for_bind
    return trans._connection_for_bind(engine, execution_options)
           ^^^^^^^^^^^^^^^^^^^^^^^^^^^^^^^^^^^^^^^^^^^^^^^^^^^^^
  File "<string>", line 2, in _connection_for_bind
  File "/scratch/si650f26_class_root/si650f26_class/savyo/synapse-bench/envs/gateway/lib/python3.12/site-packages/sqlalchemy/orm/state_changes.py", line 139, in _go
    ret_value = fn(self, *arg, **kw)
                ^^^^^^^^^^^^^^^^^^^^
  File "/scratch/si650f26_class_root/si650f26_class/savyo/synapse-bench/envs/gateway/lib/python3.12/site-packages/sqlalchemy/orm/session.py", line 1189, in _connection_for_bind
    conn = bind.connect()
           ^^^^^^^^^^^^^^
  File "/scratch/si650f26_class_root/si650f26_class/savyo/synapse-bench/envs/gateway/lib/python3.12/site-packages/sqlalchemy/engine/base.py", line 3278, in connect
    return self._connection_cls(self)
           ^^^^^^^^^^^^^^^^^^^^^^^^^^
  File "/scratch/si650f26_class_root/si650f26_class/savyo/synapse-bench/envs/gateway/lib/python3.12/site-packages/sqlalchemy/engine/base.py", line 146, in __init__
    self._dbapi_connection = engine.raw_connection()
                             ^^^^^^^^^^^^^^^^^^^^^^^
  File "/scratch/si650f26_class_root/si650f26_class/savyo/synapse-bench/envs/gateway/lib/python3.12/site-packages/sqlalchemy/engine/base.py", line 3302, in raw_connection
    return self.pool.connect()
           ^^^^^^^^^^^^^^^^^^^
  File "/scratch/si650f26_class_root/si650f26_class/savyo/synapse-bench/envs/gateway/lib/python3.12/site-packages/sqlalchemy/pool/base.py", line 449, in connect
    return _ConnectionFairy._checkout(self)
           ^^^^^^^^^^^^^^^^^^^^^^^^^^^^^^^^
  File "/scratch/si650f26_class_root/si650f26_class/savyo/synapse-bench/envs/gateway/lib/python3.12/site-packages/sqlalchemy/pool/base.py", line 1263, in _checkout
    fairy = _ConnectionRecord.checkout(pool)
            ^^^^^^^^^^^^^^^^^^^^^^^^^^^^^^^^
  File "/scratch/si650f26_class_root/si650f26_class/savyo/synapse-bench/envs/gateway/lib/python3.12/site-packages/sqlalchemy/pool/base.py", line 712, in checkout
    rec = pool._do_get()
          ^^^^^^^^^^^^^^
  File "/scratch/si650f26_class_root/si650f26_class/savyo/synapse-bench/envs/gateway/lib/python3.12/site-packages/sqlalchemy/pool/impl.py", line 168, in _do_get
    raise exc.TimeoutError(
sqlalchemy.exc.TimeoutError: QueuePool limit of size 5 overflow 10 reached, connection timed out, timeout 30.00 (Background on this error at: https://sqlalche.me/e/20/3o7r)
ERROR:    Exception in ASGI application
Traceback (most recent call last):
  File "/scratch/si650f26_class_root/si650f26_class/savyo/synapse-bench/envs/gateway/lib/python3.12/site-packages/uvicorn/protocols/http/httptools_impl.py", line 401, in run_asgi
    result = await app(  # type: ignore[func-returns-value]
             ^^^^^^^^^^^^^^^^^^^^^^^^^^^^^^^^^^^^^^^^^^^^^^
  File "/scratch/si650f26_class_root/si650f26_class/savyo/synapse-bench/envs/gateway/lib/python3.12/site-packages/uvicorn/middleware/proxy_headers.py", line 70, in __call__
    return await self.app(scope, receive, send)
           ^^^^^^^^^^^^^^^^^^^^^^^^^^^^^^^^^^^^
  File "/scratch/si650f26_class_root/si650f26_class/savyo/synapse-bench/envs/gateway/lib/python3.12/site-packages/fastapi/applications.py", line 1054, in __call__
    await super().__call__(scope, receive, send)
  File "/scratch/si650f26_class_root/si650f26_class/savyo/synapse-bench/envs/gateway/lib/python3.12/site-packages/starlette/applications.py", line 113, in __call__
    await self.middleware_stack(scope, receive, send)
  File "/scratch/si650f26_class_root/si650f26_class/savyo/synapse-bench/envs/gateway/lib/python3.12/site-packages/starlette/middleware/errors.py", line 187, in __call__
    raise exc
  File "/scratch/si650f26_class_root/si650f26_class/savyo/synapse-bench/envs/gateway/lib/python3.12/site-packages/starlette/middleware/errors.py", line 165, in __call__
    await self.app(scope, receive, _send)
  File "/scratch/si650f26_class_root/si650f26_class/savyo/synapse-bench/envs/gateway/lib/python3.12/site-packages/starlette/middleware/cors.py", line 85, in __call__
    await self.app(scope, receive, send)
  File "/scratch/si650f26_class_root/si650f26_class/savyo/synapse-bench/envs/gateway/lib/python3.12/site-packages/starlette/middleware/exceptions.py", line 62, in __call__
    await wrap_app_handling_exceptions(self.app, conn)(scope, receive, send)
  File "/scratch/si650f26_class_root/si650f26_class/savyo/synapse-bench/envs/gateway/lib/python3.12/site-packages/starlette/_exception_handler.py", line 62, in wrapped_app
    raise exc
  File "/scratch/si650f26_class_root/si650f26_class/savyo/synapse-bench/envs/gateway/lib/python3.12/site-packages/starlette/_exception_handler.py", line 51, in wrapped_app
    await app(scope, receive, sender)
  File "/scratch/si650f26_class_root/si650f26_class/savyo/synapse-bench/envs/gateway/lib/python3.12/site-packages/starlette/routing.py", line 715, in __call__
    await self.middleware_stack(scope, receive, send)
  File "/scratch/si650f26_class_root/si650f26_class/savyo/synapse-bench/envs/gateway/lib/python3.12/site-packages/starlette/routing.py", line 735, in app
    await route.handle(scope, receive, send)
  File "/scratch/si650f26_class_root/si650f26_class/savyo/synapse-bench/envs/gateway/lib/python3.12/site-packages/starlette/routing.py", line 288, in handle
    await self.app(scope, receive, send)
  File "/scratch/si650f26_class_root/si650f26_class/savyo/synapse-bench/envs/gateway/lib/python3.12/site-packages/starlette/routing.py", line 76, in app
    await wrap_app_handling_exceptions(app, request)(scope, receive, send)
  File "/scratch/si650f26_class_root/si650f26_class/savyo/synapse-bench/envs/gateway/lib/python3.12/site-packages/starlette/_exception_handler.py", line 62, in wrapped_app
    raise exc
  File "/scratch/si650f26_class_root/si650f26_class/savyo/synapse-bench/envs/gateway/lib/python3.12/site-packages/starlette/_exception_handler.py", line 51, in wrapped_app
    await app(scope, receive, sender)
  File "/scratch/si650f26_class_root/si650f26_class/savyo/synapse-bench/envs/gateway/lib/python3.12/site-packages/starlette/routing.py", line 73, in app
    response = await f(request)
               ^^^^^^^^^^^^^^^^
  File "/scratch/si650f26_class_root/si650f26_class/savyo/synapse-bench/envs/gateway/lib/python3.12/site-packages/fastapi/routing.py", line 291, in app
    solved_result = await solve_dependencies(
                    ^^^^^^^^^^^^^^^^^^^^^^^^^
  File "/scratch/si650f26_class_root/si650f26_class/savyo/synapse-bench/envs/gateway/lib/python3.12/site-packages/fastapi/dependencies/utils.py", line 630, in solve_dependencies
    solved = await run_in_threadpool(call, **solved_result.values)
             ^^^^^^^^^^^^^^^^^^^^^^^^^^^^^^^^^^^^^^^^^^^^^^^^^^^^^
  File "/scratch/si650f26_class_root/si650f26_class/savyo/synapse-bench/envs/gateway/lib/python3.12/site-packages/starlette/concurrency.py", line 39, in run_in_threadpool
    return await anyio.to_thread.run_sync(func, *args)
           ^^^^^^^^^^^^^^^^^^^^^^^^^^^^^^^^^^^^^^^^^^^
  File "/scratch/si650f26_class_root/si650f26_class/savyo/synapse-bench/envs/gateway/lib/python3.12/site-packages/anyio/to_thread.py", line 65, in run_sync
    return await get_async_backend().run_sync_in_worker_thread(
           ^^^^^^^^^^^^^^^^^^^^^^^^^^^^^^^^^^^^^^^^^^^^^^^^^^^^
  File "/scratch/si650f26_class_root/si650f26_class/savyo/synapse-bench/envs/gateway/lib/python3.12/site-packages/anyio/_backends/_asyncio.py", line 2706, in run_sync_in_worker_thread
    return await future
           ^^^^^^^^^^^^
  File "/scratch/si650f26_class_root/si650f26_class/savyo/synapse-bench/envs/gateway/lib/python3.12/site-packages/anyio/_backends/_asyncio.py", line 1100, in run
    result = context.run(func, *args)
             ^^^^^^^^^^^^^^^^^^^^^^^^
  File "/gpfs/accounts/si650f26_class_root/si650f26_class/savyo/synapse-bench/repo/backend/app/auth.py", line 35, in require_api_key
    api_key = db.query(ApiKey).filter(ApiKey.key_hash == key_hash, ApiKey.revoked.is_(False)).first()
              ^^^^^^^^^^^^^^^^^^^^^^^^^^^^^^^^^^^^^^^^^^^^^^^^^^^^^^^^^^^^^^^^^^^^^^^^^^^^^^^^^^^^^^^
  File "/scratch/si650f26_class_root/si650f26_class/savyo/synapse-bench/envs/gateway/lib/python3.12/site-packages/sqlalchemy/orm/query.py", line 2728, in first
    return self.limit(1)._iter().first()  # type: ignore
           ^^^^^^^^^^^^^^^^^^^^^
  File "/scratch/si650f26_class_root/si650f26_class/savyo/synapse-bench/envs/gateway/lib/python3.12/site-packages/sqlalchemy/orm/query.py", line 2827, in _iter
    result: Union[ScalarResult[_T], Result[_T]] = self.session.execute(
                                                  ^^^^^^^^^^^^^^^^^^^^^
  File "/scratch/si650f26_class_root/si650f26_class/savyo/synapse-bench/envs/gateway/lib/python3.12/site-packages/sqlalchemy/orm/session.py", line 2362, in execute
    return self._execute_internal(
           ^^^^^^^^^^^^^^^^^^^^^^^
  File "/scratch/si650f26_class_root/si650f26_class/savyo/synapse-bench/envs/gateway/lib/python3.12/site-packages/sqlalchemy/orm/session.py", line 2237, in _execute_internal
    conn = self._connection_for_bind(bind)
           ^^^^^^^^^^^^^^^^^^^^^^^^^^^^^^^
  File "/scratch/si650f26_class_root/si650f26_class/savyo/synapse-bench/envs/gateway/lib/python3.12/site-packages/sqlalchemy/orm/session.py", line 2106, in _connection_for_bind
    return trans._connection_for_bind(engine, execution_options)
           ^^^^^^^^^^^^^^^^^^^^^^^^^^^^^^^^^^^^^^^^^^^^^^^^^^^^^
  File "<string>", line 2, in _connection_for_bind
  File "/scratch/si650f26_class_root/si650f26_class/savyo/synapse-bench/envs/gateway/lib/python3.12/site-packages/sqlalchemy/orm/state_changes.py", line 139, in _go
    ret_value = fn(self, *arg, **kw)
                ^^^^^^^^^^^^^^^^^^^^
  File "/scratch/si650f26_class_root/si650f26_class/savyo/synapse-bench/envs/gateway/lib/python3.12/site-packages/sqlalchemy/orm/session.py", line 1189, in _connection_for_bind
    conn = bind.connect()
           ^^^^^^^^^^^^^^
  File "/scratch/si650f26_class_root/si650f26_class/savyo/synapse-bench/envs/gateway/lib/python3.12/site-packages/sqlalchemy/engine/base.py", line 3278, in connect
    return self._connection_cls(self)
           ^^^^^^^^^^^^^^^^^^^^^^^^^^
  File "/scratch/si650f26_class_root/si650f26_class/savyo/synapse-bench/envs/gateway/lib/python3.12/site-packages/sqlalchemy/engine/base.py", line 146, in __init__
    self._dbapi_connection = engine.raw_connection()
                             ^^^^^^^^^^^^^^^^^^^^^^^
  File "/scratch/si650f26_class_root/si650f26_class/savyo/synapse-bench/envs/gateway/lib/python3.12/site-packages/sqlalchemy/engine/base.py", line 3302, in raw_connection
    return self.pool.connect()
           ^^^^^^^^^^^^^^^^^^^
  File "/scratch/si650f26_class_root/si650f26_class/savyo/synapse-bench/envs/gateway/lib/python3.12/site-packages/sqlalchemy/pool/base.py", line 449, in connect
    return _ConnectionFairy._checkout(self)
           ^^^^^^^^^^^^^^^^^^^^^^^^^^^^^^^^
  File "/scratch/si650f26_class_root/si650f26_class/savyo/synapse-bench/envs/gateway/lib/python3.12/site-packages/sqlalchemy/pool/base.py", line 1263, in _checkout
    fairy = _ConnectionRecord.checkout(pool)
            ^^^^^^^^^^^^^^^^^^^^^^^^^^^^^^^^
  File "/scratch/si650f26_class_root/si650f26_class/savyo/synapse-bench/envs/gateway/lib/python3.12/site-packages/sqlalchemy/pool/base.py", line 712, in checkout
    rec = pool._do_get()
          ^^^^^^^^^^^^^^
  File "/scratch/si650f26_class_root/si650f26_class/savyo/synapse-bench/envs/gateway/lib/python3.12/site-packages/sqlalchemy/pool/impl.py", line 168, in _do_get
    raise exc.TimeoutError(
sqlalchemy.exc.TimeoutError: QueuePool limit of size 5 overflow 10 reached, connection timed out, timeout 30.00 (Background on this error at: https://sqlalche.me/e/20/3o7r)
ERROR:    Exception in ASGI application
Traceback (most recent call last):
  File "/scratch/si650f26_class_root/si650f26_class/savyo/synapse-bench/envs/gateway/lib/python3.12/site-packages/uvicorn/protocols/http/httptools_impl.py", line 401, in run_asgi
    result = await app(  # type: ignore[func-returns-value]
             ^^^^^^^^^^^^^^^^^^^^^^^^^^^^^^^^^^^^^^^^^^^^^^
  File "/scratch/si650f26_class_root/si650f26_class/savyo/synapse-bench/envs/gateway/lib/python3.12/site-packages/uvicorn/middleware/proxy_headers.py", line 70, in __call__
    return await self.app(scope, receive, send)
           ^^^^^^^^^^^^^^^^^^^^^^^^^^^^^^^^^^^^
  File "/scratch/si650f26_class_root/si650f26_class/savyo/synapse-bench/envs/gateway/lib/python3.12/site-packages/fastapi/applications.py", line 1054, in __call__
    await super().__call__(scope, receive, send)
  File "/scratch/si650f26_class_root/si650f26_class/savyo/synapse-bench/envs/gateway/lib/python3.12/site-packages/starlette/applications.py", line 113, in __call__
    await self.middleware_stack(scope, receive, send)
  File "/scratch/si650f26_class_root/si650f26_class/savyo/synapse-bench/envs/gateway/lib/python3.12/site-packages/starlette/middleware/errors.py", line 187, in __call__
    raise exc
  File "/scratch/si650f26_class_root/si650f26_class/savyo/synapse-bench/envs/gateway/lib/python3.12/site-packages/starlette/middleware/errors.py", line 165, in __call__
    await self.app(scope, receive, _send)
  File "/scratch/si650f26_class_root/si650f26_class/savyo/synapse-bench/envs/gateway/lib/python3.12/site-packages/starlette/middleware/cors.py", line 85, in __call__
    await self.app(scope, receive, send)
  File "/scratch/si650f26_class_root/si650f26_class/savyo/synapse-bench/envs/gateway/lib/python3.12/site-packages/starlette/middleware/exceptions.py", line 62, in __call__
    await wrap_app_handling_exceptions(self.app, conn)(scope, receive, send)
  File "/scratch/si650f26_class_root/si650f26_class/savyo/synapse-bench/envs/gateway/lib/python3.12/site-packages/starlette/_exception_handler.py", line 62, in wrapped_app
    raise exc
  File "/scratch/si650f26_class_root/si650f26_class/savyo/synapse-bench/envs/gateway/lib/python3.12/site-packages/starlette/_exception_handler.py", line 51, in wrapped_app
    await app(scope, receive, sender)
  File "/scratch/si650f26_class_root/si650f26_class/savyo/synapse-bench/envs/gateway/lib/python3.12/site-packages/starlette/routing.py", line 715, in __call__
    await self.middleware_stack(scope, receive, send)
  File "/scratch/si650f26_class_root/si650f26_class/savyo/synapse-bench/envs/gateway/lib/python3.12/site-packages/starlette/routing.py", line 735, in app
    await route.handle(scope, receive, send)
  File "/scratch/si650f26_class_root/si650f26_class/savyo/synapse-bench/envs/gateway/lib/python3.12/site-packages/starlette/routing.py", line 288, in handle
    await self.app(scope, receive, send)
  File "/scratch/si650f26_class_root/si650f26_class/savyo/synapse-bench/envs/gateway/lib/python3.12/site-packages/starlette/routing.py", line 76, in app
    await wrap_app_handling_exceptions(app, request)(scope, receive, send)
  File "/scratch/si650f26_class_root/si650f26_class/savyo/synapse-bench/envs/gateway/lib/python3.12/site-packages/starlette/_exception_handler.py", line 62, in wrapped_app
    raise exc
  File "/scratch/si650f26_class_root/si650f26_class/savyo/synapse-bench/envs/gateway/lib/python3.12/site-packages/starlette/_exception_handler.py", line 51, in wrapped_app
    await app(scope, receive, sender)
  File "/scratch/si650f26_class_root/si650f26_class/savyo/synapse-bench/envs/gateway/lib/python3.12/site-packages/starlette/routing.py", line 73, in app
    response = await f(request)
               ^^^^^^^^^^^^^^^^
  File "/scratch/si650f26_class_root/si650f26_class/savyo/synapse-bench/envs/gateway/lib/python3.12/site-packages/fastapi/routing.py", line 291, in app
    solved_result = await solve_dependencies(
                    ^^^^^^^^^^^^^^^^^^^^^^^^^
  File "/scratch/si650f26_class_root/si650f26_class/savyo/synapse-bench/envs/gateway/lib/python3.12/site-packages/fastapi/dependencies/utils.py", line 630, in solve_dependencies
    solved = await run_in_threadpool(call, **solved_result.values)
             ^^^^^^^^^^^^^^^^^^^^^^^^^^^^^^^^^^^^^^^^^^^^^^^^^^^^^
  File "/scratch/si650f26_class_root/si650f26_class/savyo/synapse-bench/envs/gateway/lib/python3.12/site-packages/starlette/concurrency.py", line 39, in run_in_threadpool
    return await anyio.to_thread.run_sync(func, *args)
           ^^^^^^^^^^^^^^^^^^^^^^^^^^^^^^^^^^^^^^^^^^^
  File "/scratch/si650f26_class_root/si650f26_class/savyo/synapse-bench/envs/gateway/lib/python3.12/site-packages/anyio/to_thread.py", line 65, in run_sync
    return await get_async_backend().run_sync_in_worker_thread(
           ^^^^^^^^^^^^^^^^^^^^^^^^^^^^^^^^^^^^^^^^^^^^^^^^^^^^
  File "/scratch/si650f26_class_root/si650f26_class/savyo/synapse-bench/envs/gateway/lib/python3.12/site-packages/anyio/_backends/_asyncio.py", line 2706, in run_sync_in_worker_thread
    return await future
           ^^^^^^^^^^^^
  File "/scratch/si650f26_class_root/si650f26_class/savyo/synapse-bench/envs/gateway/lib/python3.12/site-packages/anyio/_backends/_asyncio.py", line 1100, in run
    result = context.run(func, *args)
             ^^^^^^^^^^^^^^^^^^^^^^^^
  File "/gpfs/accounts/si650f26_class_root/si650f26_class/savyo/synapse-bench/repo/backend/app/auth.py", line 35, in require_api_key
    api_key = db.query(ApiKey).filter(ApiKey.key_hash == key_hash, ApiKey.revoked.is_(False)).first()
              ^^^^^^^^^^^^^^^^^^^^^^^^^^^^^^^^^^^^^^^^^^^^^^^^^^^^^^^^^^^^^^^^^^^^^^^^^^^^^^^^^^^^^^^
  File "/scratch/si650f26_class_root/si650f26_class/savyo/synapse-bench/envs/gateway/lib/python3.12/site-packages/sqlalchemy/orm/query.py", line 2728, in first
    return self.limit(1)._iter().first()  # type: ignore
           ^^^^^^^^^^^^^^^^^^^^^
  File "/scratch/si650f26_class_root/si650f26_class/savyo/synapse-bench/envs/gateway/lib/python3.12/site-packages/sqlalchemy/orm/query.py", line 2827, in _iter
    result: Union[ScalarResult[_T], Result[_T]] = self.session.execute(
                                                  ^^^^^^^^^^^^^^^^^^^^^
  File "/scratch/si650f26_class_root/si650f26_class/savyo/synapse-bench/envs/gateway/lib/python3.12/site-packages/sqlalchemy/orm/session.py", line 2362, in execute
    return self._execute_internal(
           ^^^^^^^^^^^^^^^^^^^^^^^
  File "/scratch/si650f26_class_root/si650f26_class/savyo/synapse-bench/envs/gateway/lib/python3.12/site-packages/sqlalchemy/orm/session.py", line 2237, in _execute_internal
    conn = self._connection_for_bind(bind)
           ^^^^^^^^^^^^^^^^^^^^^^^^^^^^^^^
  File "/scratch/si650f26_class_root/si650f26_class/savyo/synapse-bench/envs/gateway/lib/python3.12/site-packages/sqlalchemy/orm/session.py", line 2106, in _connection_for_bind
    return trans._connection_for_bind(engine, execution_options)
           ^^^^^^^^^^^^^^^^^^^^^^^^^^^^^^^^^^^^^^^^^^^^^^^^^^^^^
  File "<string>", line 2, in _connection_for_bind
  File "/scratch/si650f26_class_root/si650f26_class/savyo/synapse-bench/envs/gateway/lib/python3.12/site-packages/sqlalchemy/orm/state_changes.py", line 139, in _go
    ret_value = fn(self, *arg, **kw)
                ^^^^^^^^^^^^^^^^^^^^
  File "/scratch/si650f26_class_root/si650f26_class/savyo/synapse-bench/envs/gateway/lib/python3.12/site-packages/sqlalchemy/orm/session.py", line 1189, in _connection_for_bind
    conn = bind.connect()
           ^^^^^^^^^^^^^^
  File "/scratch/si650f26_class_root/si650f26_class/savyo/synapse-bench/envs/gateway/lib/python3.12/site-packages/sqlalchemy/engine/base.py", line 3278, in connect
    return self._connection_cls(self)
           ^^^^^^^^^^^^^^^^^^^^^^^^^^
  File "/scratch/si650f26_class_root/si650f26_class/savyo/synapse-bench/envs/gateway/lib/python3.12/site-packages/sqlalchemy/engine/base.py", line 146, in __init__
    self._dbapi_connection = engine.raw_connection()
                             ^^^^^^^^^^^^^^^^^^^^^^^
  File "/scratch/si650f26_class_root/si650f26_class/savyo/synapse-bench/envs/gateway/lib/python3.12/site-packages/sqlalchemy/engine/base.py", line 3302, in raw_connection
    return self.pool.connect()
           ^^^^^^^^^^^^^^^^^^^
  File "/scratch/si650f26_class_root/si650f26_class/savyo/synapse-bench/envs/gateway/lib/python3.12/site-packages/sqlalchemy/pool/base.py", line 449, in connect
    return _ConnectionFairy._checkout(self)
           ^^^^^^^^^^^^^^^^^^^^^^^^^^^^^^^^
  File "/scratch/si650f26_class_root/si650f26_class/savyo/synapse-bench/envs/gateway/lib/python3.12/site-packages/sqlalchemy/pool/base.py", line 1263, in _checkout
    fairy = _ConnectionRecord.checkout(pool)
            ^^^^^^^^^^^^^^^^^^^^^^^^^^^^^^^^
  File "/scratch/si650f26_class_root/si650f26_class/savyo/synapse-bench/envs/gateway/lib/python3.12/site-packages/sqlalchemy/pool/base.py", line 712, in checkout
    rec = pool._do_get()
          ^^^^^^^^^^^^^^
  File "/scratch/si650f26_class_root/si650f26_class/savyo/synapse-bench/envs/gateway/lib/python3.12/site-packages/sqlalchemy/pool/impl.py", line 168, in _do_get
    raise exc.TimeoutError(
sqlalchemy.exc.TimeoutError: QueuePool limit of size 5 overflow 10 reached, connection timed out, timeout 30.00 (Background on this error at: https://sqlalche.me/e/20/3o7r)
ERROR:    Exception in ASGI application
Traceback (most recent call last):
  File "/scratch/si650f26_class_root/si650f26_class/savyo/synapse-bench/envs/gateway/lib/python3.12/site-packages/uvicorn/protocols/http/httptools_impl.py", line 401, in run_asgi
    result = await app(  # type: ignore[func-returns-value]
             ^^^^^^^^^^^^^^^^^^^^^^^^^^^^^^^^^^^^^^^^^^^^^^
  File "/scratch/si650f26_class_root/si650f26_class/savyo/synapse-bench/envs/gateway/lib/python3.12/site-packages/uvicorn/middleware/proxy_headers.py", line 70, in __call__
    return await self.app(scope, receive, send)
           ^^^^^^^^^^^^^^^^^^^^^^^^^^^^^^^^^^^^
  File "/scratch/si650f26_class_root/si650f26_class/savyo/synapse-bench/envs/gateway/lib/python3.12/site-packages/fastapi/applications.py", line 1054, in __call__
    await super().__call__(scope, receive, send)
  File "/scratch/si650f26_class_root/si650f26_class/savyo/synapse-bench/envs/gateway/lib/python3.12/site-packages/starlette/applications.py", line 113, in __call__
    await self.middleware_stack(scope, receive, send)
  File "/scratch/si650f26_class_root/si650f26_class/savyo/synapse-bench/envs/gateway/lib/python3.12/site-packages/starlette/middleware/errors.py", line 187, in __call__
    raise exc
  File "/scratch/si650f26_class_root/si650f26_class/savyo/synapse-bench/envs/gateway/lib/python3.12/site-packages/starlette/middleware/errors.py", line 165, in __call__
    await self.app(scope, receive, _send)
  File "/scratch/si650f26_class_root/si650f26_class/savyo/synapse-bench/envs/gateway/lib/python3.12/site-packages/starlette/middleware/cors.py", line 85, in __call__
    await self.app(scope, receive, send)
  File "/scratch/si650f26_class_root/si650f26_class/savyo/synapse-bench/envs/gateway/lib/python3.12/site-packages/starlette/middleware/exceptions.py", line 62, in __call__
    await wrap_app_handling_exceptions(self.app, conn)(scope, receive, send)
  File "/scratch/si650f26_class_root/si650f26_class/savyo/synapse-bench/envs/gateway/lib/python3.12/site-packages/starlette/_exception_handler.py", line 62, in wrapped_app
    raise exc
  File "/scratch/si650f26_class_root/si650f26_class/savyo/synapse-bench/envs/gateway/lib/python3.12/site-packages/starlette/_exception_handler.py", line 51, in wrapped_app
    await app(scope, receive, sender)
  File "/scratch/si650f26_class_root/si650f26_class/savyo/synapse-bench/envs/gateway/lib/python3.12/site-packages/starlette/routing.py", line 715, in __call__
    await self.middleware_stack(scope, receive, send)
  File "/scratch/si650f26_class_root/si650f26_class/savyo/synapse-bench/envs/gateway/lib/python3.12/site-packages/starlette/routing.py", line 735, in app
    await route.handle(scope, receive, send)
  File "/scratch/si650f26_class_root/si650f26_class/savyo/synapse-bench/envs/gateway/lib/python3.12/site-packages/starlette/routing.py", line 288, in handle
    await self.app(scope, receive, send)
  File "/scratch/si650f26_class_root/si650f26_class/savyo/synapse-bench/envs/gateway/lib/python3.12/site-packages/starlette/routing.py", line 76, in app
    await wrap_app_handling_exceptions(app, request)(scope, receive, send)
  File "/scratch/si650f26_class_root/si650f26_class/savyo/synapse-bench/envs/gateway/lib/python3.12/site-packages/starlette/_exception_handler.py", line 62, in wrapped_app
    raise exc
  File "/scratch/si650f26_class_root/si650f26_class/savyo/synapse-bench/envs/gateway/lib/python3.12/site-packages/starlette/_exception_handler.py", line 51, in wrapped_app
    await app(scope, receive, sender)
  File "/scratch/si650f26_class_root/si650f26_class/savyo/synapse-bench/envs/gateway/lib/python3.12/site-packages/starlette/routing.py", line 73, in app
    response = await f(request)
               ^^^^^^^^^^^^^^^^
  File "/scratch/si650f26_class_root/si650f26_class/savyo/synapse-bench/envs/gateway/lib/python3.12/site-packages/fastapi/routing.py", line 291, in app
    solved_result = await solve_dependencies(
                    ^^^^^^^^^^^^^^^^^^^^^^^^^
  File "/scratch/si650f26_class_root/si650f26_class/savyo/synapse-bench/envs/gateway/lib/python3.12/site-packages/fastapi/dependencies/utils.py", line 630, in solve_dependencies
    solved = await run_in_threadpool(call, **solved_result.values)
             ^^^^^^^^^^^^^^^^^^^^^^^^^^^^^^^^^^^^^^^^^^^^^^^^^^^^^
  File "/scratch/si650f26_class_root/si650f26_class/savyo/synapse-bench/envs/gateway/lib/python3.12/site-packages/starlette/concurrency.py", line 39, in run_in_threadpool
    return await anyio.to_thread.run_sync(func, *args)
           ^^^^^^^^^^^^^^^^^^^^^^^^^^^^^^^^^^^^^^^^^^^
  File "/scratch/si650f26_class_root/si650f26_class/savyo/synapse-bench/envs/gateway/lib/python3.12/site-packages/anyio/to_thread.py", line 65, in run_sync
    return await get_async_backend().run_sync_in_worker_thread(
           ^^^^^^^^^^^^^^^^^^^^^^^^^^^^^^^^^^^^^^^^^^^^^^^^^^^^
  File "/scratch/si650f26_class_root/si650f26_class/savyo/synapse-bench/envs/gateway/lib/python3.12/site-packages/anyio/_backends/_asyncio.py", line 2706, in run_sync_in_worker_thread
    return await future
           ^^^^^^^^^^^^
  File "/scratch/si650f26_class_root/si650f26_class/savyo/synapse-bench/envs/gateway/lib/python3.12/site-packages/anyio/_backends/_asyncio.py", line 1100, in run
    result = context.run(func, *args)
             ^^^^^^^^^^^^^^^^^^^^^^^^
  File "/gpfs/accounts/si650f26_class_root/si650f26_class/savyo/synapse-bench/repo/backend/app/auth.py", line 35, in require_api_key
    api_key = db.query(ApiKey).filter(ApiKey.key_hash == key_hash, ApiKey.revoked.is_(False)).first()
              ^^^^^^^^^^^^^^^^^^^^^^^^^^^^^^^^^^^^^^^^^^^^^^^^^^^^^^^^^^^^^^^^^^^^^^^^^^^^^^^^^^^^^^^
  File "/scratch/si650f26_class_root/si650f26_class/savyo/synapse-bench/envs/gateway/lib/python3.12/site-packages/sqlalchemy/orm/query.py", line 2728, in first
    return self.limit(1)._iter().first()  # type: ignore
           ^^^^^^^^^^^^^^^^^^^^^
  File "/scratch/si650f26_class_root/si650f26_class/savyo/synapse-bench/envs/gateway/lib/python3.12/site-packages/sqlalchemy/orm/query.py", line 2827, in _iter
    result: Union[ScalarResult[_T], Result[_T]] = self.session.execute(
                                                  ^^^^^^^^^^^^^^^^^^^^^
  File "/scratch/si650f26_class_root/si650f26_class/savyo/synapse-bench/envs/gateway/lib/python3.12/site-packages/sqlalchemy/orm/session.py", line 2362, in execute
    return self._execute_internal(
           ^^^^^^^^^^^^^^^^^^^^^^^
  File "/scratch/si650f26_class_root/si650f26_class/savyo/synapse-bench/envs/gateway/lib/python3.12/site-packages/sqlalchemy/orm/session.py", line 2237, in _execute_internal
    conn = self._connection_for_bind(bind)
           ^^^^^^^^^^^^^^^^^^^^^^^^^^^^^^^
  File "/scratch/si650f26_class_root/si650f26_class/savyo/synapse-bench/envs/gateway/lib/python3.12/site-packages/sqlalchemy/orm/session.py", line 2106, in _connection_for_bind
    return trans._connection_for_bind(engine, execution_options)
           ^^^^^^^^^^^^^^^^^^^^^^^^^^^^^^^^^^^^^^^^^^^^^^^^^^^^^
  File "<string>", line 2, in _connection_for_bind
  File "/scratch/si650f26_class_root/si650f26_class/savyo/synapse-bench/envs/gateway/lib/python3.12/site-packages/sqlalchemy/orm/state_changes.py", line 139, in _go
    ret_value = fn(self, *arg, **kw)
                ^^^^^^^^^^^^^^^^^^^^
  File "/scratch/si650f26_class_root/si650f26_class/savyo/synapse-bench/envs/gateway/lib/python3.12/site-packages/sqlalchemy/orm/session.py", line 1189, in _connection_for_bind
    conn = bind.connect()
           ^^^^^^^^^^^^^^
  File "/scratch/si650f26_class_root/si650f26_class/savyo/synapse-bench/envs/gateway/lib/python3.12/site-packages/sqlalchemy/engine/base.py", line 3278, in connect
    return self._connection_cls(self)
           ^^^^^^^^^^^^^^^^^^^^^^^^^^
  File "/scratch/si650f26_class_root/si650f26_class/savyo/synapse-bench/envs/gateway/lib/python3.12/site-packages/sqlalchemy/engine/base.py", line 146, in __init__
    self._dbapi_connection = engine.raw_connection()
                             ^^^^^^^^^^^^^^^^^^^^^^^
  File "/scratch/si650f26_class_root/si650f26_class/savyo/synapse-bench/envs/gateway/lib/python3.12/site-packages/sqlalchemy/engine/base.py", line 3302, in raw_connection
    return self.pool.connect()
           ^^^^^^^^^^^^^^^^^^^
  File "/scratch/si650f26_class_root/si650f26_class/savyo/synapse-bench/envs/gateway/lib/python3.12/site-packages/sqlalchemy/pool/base.py", line 449, in connect
    return _ConnectionFairy._checkout(self)
           ^^^^^^^^^^^^^^^^^^^^^^^^^^^^^^^^
  File "/scratch/si650f26_class_root/si650f26_class/savyo/synapse-bench/envs/gateway/lib/python3.12/site-packages/sqlalchemy/pool/base.py", line 1263, in _checkout
    fairy = _ConnectionRecord.checkout(pool)
            ^^^^^^^^^^^^^^^^^^^^^^^^^^^^^^^^
  File "/scratch/si650f26_class_root/si650f26_class/savyo/synapse-bench/envs/gateway/lib/python3.12/site-packages/sqlalchemy/pool/base.py", line 712, in checkout
    rec = pool._do_get()
          ^^^^^^^^^^^^^^
  File "/scratch/si650f26_class_root/si650f26_class/savyo/synapse-bench/envs/gateway/lib/python3.12/site-packages/sqlalchemy/pool/impl.py", line 168, in _do_get
    raise exc.TimeoutError(
sqlalchemy.exc.TimeoutError: QueuePool limit of size 5 overflow 10 reached, connection timed out, timeout 30.00 (Background on this error at: https://sqlalche.me/e/20/3o7r)
ERROR:    Exception in ASGI application
Traceback (most recent call last):
  File "/scratch/si650f26_class_root/si650f26_class/savyo/synapse-bench/envs/gateway/lib/python3.12/site-packages/uvicorn/protocols/http/httptools_impl.py", line 401, in run_asgi
    result = await app(  # type: ignore[func-returns-value]
             ^^^^^^^^^^^^^^^^^^^^^^^^^^^^^^^^^^^^^^^^^^^^^^
  File "/scratch/si650f26_class_root/si650f26_class/savyo/synapse-bench/envs/gateway/lib/python3.12/site-packages/uvicorn/middleware/proxy_headers.py", line 70, in __call__
    return await self.app(scope, receive, send)
           ^^^^^^^^^^^^^^^^^^^^^^^^^^^^^^^^^^^^
  File "/scratch/si650f26_class_root/si650f26_class/savyo/synapse-bench/envs/gateway/lib/python3.12/site-packages/fastapi/applications.py", line 1054, in __call__
    await super().__call__(scope, receive, send)
  File "/scratch/si650f26_class_root/si650f26_class/savyo/synapse-bench/envs/gateway/lib/python3.12/site-packages/starlette/applications.py", line 113, in __call__
    await self.middleware_stack(scope, receive, send)
  File "/scratch/si650f26_class_root/si650f26_class/savyo/synapse-bench/envs/gateway/lib/python3.12/site-packages/starlette/middleware/errors.py", line 187, in __call__
    raise exc
  File "/scratch/si650f26_class_root/si650f26_class/savyo/synapse-bench/envs/gateway/lib/python3.12/site-packages/starlette/middleware/errors.py", line 165, in __call__
    await self.app(scope, receive, _send)
  File "/scratch/si650f26_class_root/si650f26_class/savyo/synapse-bench/envs/gateway/lib/python3.12/site-packages/starlette/middleware/cors.py", line 85, in __call__
    await self.app(scope, receive, send)
  File "/scratch/si650f26_class_root/si650f26_class/savyo/synapse-bench/envs/gateway/lib/python3.12/site-packages/starlette/middleware/exceptions.py", line 62, in __call__
    await wrap_app_handling_exceptions(self.app, conn)(scope, receive, send)
  File "/scratch/si650f26_class_root/si650f26_class/savyo/synapse-bench/envs/gateway/lib/python3.12/site-packages/starlette/_exception_handler.py", line 62, in wrapped_app
    raise exc
  File "/scratch/si650f26_class_root/si650f26_class/savyo/synapse-bench/envs/gateway/lib/python3.12/site-packages/starlette/_exception_handler.py", line 51, in wrapped_app
    await app(scope, receive, sender)
  File "/scratch/si650f26_class_root/si650f26_class/savyo/synapse-bench/envs/gateway/lib/python3.12/site-packages/starlette/routing.py", line 715, in __call__
    await self.middleware_stack(scope, receive, send)
  File "/scratch/si650f26_class_root/si650f26_class/savyo/synapse-bench/envs/gateway/lib/python3.12/site-packages/starlette/routing.py", line 735, in app
    await route.handle(scope, receive, send)
  File "/scratch/si650f26_class_root/si650f26_class/savyo/synapse-bench/envs/gateway/lib/python3.12/site-packages/starlette/routing.py", line 288, in handle
    await self.app(scope, receive, send)
  File "/scratch/si650f26_class_root/si650f26_class/savyo/synapse-bench/envs/gateway/lib/python3.12/site-packages/starlette/routing.py", line 76, in app
    await wrap_app_handling_exceptions(app, request)(scope, receive, send)
  File "/scratch/si650f26_class_root/si650f26_class/savyo/synapse-bench/envs/gateway/lib/python3.12/site-packages/starlette/_exception_handler.py", line 62, in wrapped_app
    raise exc
  File "/scratch/si650f26_class_root/si650f26_class/savyo/synapse-bench/envs/gateway/lib/python3.12/site-packages/starlette/_exception_handler.py", line 51, in wrapped_app
    await app(scope, receive, sender)
  File "/scratch/si650f26_class_root/si650f26_class/savyo/synapse-bench/envs/gateway/lib/python3.12/site-packages/starlette/routing.py", line 73, in app
    response = await f(request)
               ^^^^^^^^^^^^^^^^
  File "/scratch/si650f26_class_root/si650f26_class/savyo/synapse-bench/envs/gateway/lib/python3.12/site-packages/fastapi/routing.py", line 291, in app
    solved_result = await solve_dependencies(
                    ^^^^^^^^^^^^^^^^^^^^^^^^^
  File "/scratch/si650f26_class_root/si650f26_class/savyo/synapse-bench/envs/gateway/lib/python3.12/site-packages/fastapi/dependencies/utils.py", line 630, in solve_dependencies
    solved = await run_in_threadpool(call, **solved_result.values)
             ^^^^^^^^^^^^^^^^^^^^^^^^^^^^^^^^^^^^^^^^^^^^^^^^^^^^^
  File "/scratch/si650f26_class_root/si650f26_class/savyo/synapse-bench/envs/gateway/lib/python3.12/site-packages/starlette/concurrency.py", line 39, in run_in_threadpool
    return await anyio.to_thread.run_sync(func, *args)
           ^^^^^^^^^^^^^^^^^^^^^^^^^^^^^^^^^^^^^^^^^^^
  File "/scratch/si650f26_class_root/si650f26_class/savyo/synapse-bench/envs/gateway/lib/python3.12/site-packages/anyio/to_thread.py", line 65, in run_sync
    return await get_async_backend().run_sync_in_worker_thread(
           ^^^^^^^^^^^^^^^^^^^^^^^^^^^^^^^^^^^^^^^^^^^^^^^^^^^^
  File "/scratch/si650f26_class_root/si650f26_class/savyo/synapse-bench/envs/gateway/lib/python3.12/site-packages/anyio/_backends/_asyncio.py", line 2706, in run_sync_in_worker_thread
    return await future
           ^^^^^^^^^^^^
  File "/scratch/si650f26_class_root/si650f26_class/savyo/synapse-bench/envs/gateway/lib/python3.12/site-packages/anyio/_backends/_asyncio.py", line 1100, in run
    result = context.run(func, *args)
             ^^^^^^^^^^^^^^^^^^^^^^^^
  File "/gpfs/accounts/si650f26_class_root/si650f26_class/savyo/synapse-bench/repo/backend/app/auth.py", line 35, in require_api_key
    api_key = db.query(ApiKey).filter(ApiKey.key_hash == key_hash, ApiKey.revoked.is_(False)).first()
              ^^^^^^^^^^^^^^^^^^^^^^^^^^^^^^^^^^^^^^^^^^^^^^^^^^^^^^^^^^^^^^^^^^^^^^^^^^^^^^^^^^^^^^^
  File "/scratch/si650f26_class_root/si650f26_class/savyo/synapse-bench/envs/gateway/lib/python3.12/site-packages/sqlalchemy/orm/query.py", line 2728, in first
    return self.limit(1)._iter().first()  # type: ignore
           ^^^^^^^^^^^^^^^^^^^^^
  File "/scratch/si650f26_class_root/si650f26_class/savyo/synapse-bench/envs/gateway/lib/python3.12/site-packages/sqlalchemy/orm/query.py", line 2827, in _iter
    result: Union[ScalarResult[_T], Result[_T]] = self.session.execute(
                                                  ^^^^^^^^^^^^^^^^^^^^^
  File "/scratch/si650f26_class_root/si650f26_class/savyo/synapse-bench/envs/gateway/lib/python3.12/site-packages/sqlalchemy/orm/session.py", line 2362, in execute
    return self._execute_internal(
           ^^^^^^^^^^^^^^^^^^^^^^^
  File "/scratch/si650f26_class_root/si650f26_class/savyo/synapse-bench/envs/gateway/lib/python3.12/site-packages/sqlalchemy/orm/session.py", line 2237, in _execute_internal
    conn = self._connection_for_bind(bind)
           ^^^^^^^^^^^^^^^^^^^^^^^^^^^^^^^
  File "/scratch/si650f26_class_root/si650f26_class/savyo/synapse-bench/envs/gateway/lib/python3.12/site-packages/sqlalchemy/orm/session.py", line 2106, in _connection_for_bind
    return trans._connection_for_bind(engine, execution_options)
           ^^^^^^^^^^^^^^^^^^^^^^^^^^^^^^^^^^^^^^^^^^^^^^^^^^^^^
  File "<string>", line 2, in _connection_for_bind
  File "/scratch/si650f26_class_root/si650f26_class/savyo/synapse-bench/envs/gateway/lib/python3.12/site-packages/sqlalchemy/orm/state_changes.py", line 139, in _go
    ret_value = fn(self, *arg, **kw)
                ^^^^^^^^^^^^^^^^^^^^
  File "/scratch/si650f26_class_root/si650f26_class/savyo/synapse-bench/envs/gateway/lib/python3.12/site-packages/sqlalchemy/orm/session.py", line 1189, in _connection_for_bind
    conn = bind.connect()
           ^^^^^^^^^^^^^^
  File "/scratch/si650f26_class_root/si650f26_class/savyo/synapse-bench/envs/gateway/lib/python3.12/site-packages/sqlalchemy/engine/base.py", line 3278, in connect
    return self._connection_cls(self)
           ^^^^^^^^^^^^^^^^^^^^^^^^^^
  File "/scratch/si650f26_class_root/si650f26_class/savyo/synapse-bench/envs/gateway/lib/python3.12/site-packages/sqlalchemy/engine/base.py", line 146, in __init__
    self._dbapi_connection = engine.raw_connection()
                             ^^^^^^^^^^^^^^^^^^^^^^^
  File "/scratch/si650f26_class_root/si650f26_class/savyo/synapse-bench/envs/gateway/lib/python3.12/site-packages/sqlalchemy/engine/base.py", line 3302, in raw_connection
    return self.pool.connect()
           ^^^^^^^^^^^^^^^^^^^
  File "/scratch/si650f26_class_root/si650f26_class/savyo/synapse-bench/envs/gateway/lib/python3.12/site-packages/sqlalchemy/pool/base.py", line 449, in connect
    return _ConnectionFairy._checkout(self)
           ^^^^^^^^^^^^^^^^^^^^^^^^^^^^^^^^
  File "/scratch/si650f26_class_root/si650f26_class/savyo/synapse-bench/envs/gateway/lib/python3.12/site-packages/sqlalchemy/pool/base.py", line 1263, in _checkout
    fairy = _ConnectionRecord.checkout(pool)
            ^^^^^^^^^^^^^^^^^^^^^^^^^^^^^^^^
  File "/scratch/si650f26_class_root/si650f26_class/savyo/synapse-bench/envs/gateway/lib/python3.12/site-packages/sqlalchemy/pool/base.py", line 712, in checkout
    rec = pool._do_get()
          ^^^^^^^^^^^^^^
  File "/scratch/si650f26_class_root/si650f26_class/savyo/synapse-bench/envs/gateway/lib/python3.12/site-packages/sqlalchemy/pool/impl.py", line 168, in _do_get
    raise exc.TimeoutError(
sqlalchemy.exc.TimeoutError: QueuePool limit of size 5 overflow 10 reached, connection timed out, timeout 30.00 (Background on this error at: https://sqlalche.me/e/20/3o7r)
ERROR:    Exception in ASGI application
Traceback (most recent call last):
  File "/scratch/si650f26_class_root/si650f26_class/savyo/synapse-bench/envs/gateway/lib/python3.12/site-packages/uvicorn/protocols/http/httptools_impl.py", line 401, in run_asgi
    result = await app(  # type: ignore[func-returns-value]
             ^^^^^^^^^^^^^^^^^^^^^^^^^^^^^^^^^^^^^^^^^^^^^^
  File "/scratch/si650f26_class_root/si650f26_class/savyo/synapse-bench/envs/gateway/lib/python3.12/site-packages/uvicorn/middleware/proxy_headers.py", line 70, in __call__
    return await self.app(scope, receive, send)
           ^^^^^^^^^^^^^^^^^^^^^^^^^^^^^^^^^^^^
  File "/scratch/si650f26_class_root/si650f26_class/savyo/synapse-bench/envs/gateway/lib/python3.12/site-packages/fastapi/applications.py", line 1054, in __call__
    await super().__call__(scope, receive, send)
  File "/scratch/si650f26_class_root/si650f26_class/savyo/synapse-bench/envs/gateway/lib/python3.12/site-packages/starlette/applications.py", line 113, in __call__
    await self.middleware_stack(scope, receive, send)
  File "/scratch/si650f26_class_root/si650f26_class/savyo/synapse-bench/envs/gateway/lib/python3.12/site-packages/starlette/middleware/errors.py", line 187, in __call__
    raise exc
  File "/scratch/si650f26_class_root/si650f26_class/savyo/synapse-bench/envs/gateway/lib/python3.12/site-packages/starlette/middleware/errors.py", line 165, in __call__
    await self.app(scope, receive, _send)
  File "/scratch/si650f26_class_root/si650f26_class/savyo/synapse-bench/envs/gateway/lib/python3.12/site-packages/starlette/middleware/cors.py", line 85, in __call__
    await self.app(scope, receive, send)
  File "/scratch/si650f26_class_root/si650f26_class/savyo/synapse-bench/envs/gateway/lib/python3.12/site-packages/starlette/middleware/exceptions.py", line 62, in __call__
    await wrap_app_handling_exceptions(self.app, conn)(scope, receive, send)
  File "/scratch/si650f26_class_root/si650f26_class/savyo/synapse-bench/envs/gateway/lib/python3.12/site-packages/starlette/_exception_handler.py", line 62, in wrapped_app
    raise exc
  File "/scratch/si650f26_class_root/si650f26_class/savyo/synapse-bench/envs/gateway/lib/python3.12/site-packages/starlette/_exception_handler.py", line 51, in wrapped_app
    await app(scope, receive, sender)
  File "/scratch/si650f26_class_root/si650f26_class/savyo/synapse-bench/envs/gateway/lib/python3.12/site-packages/starlette/routing.py", line 715, in __call__
    await self.middleware_stack(scope, receive, send)
  File "/scratch/si650f26_class_root/si650f26_class/savyo/synapse-bench/envs/gateway/lib/python3.12/site-packages/starlette/routing.py", line 735, in app
    await route.handle(scope, receive, send)
  File "/scratch/si650f26_class_root/si650f26_class/savyo/synapse-bench/envs/gateway/lib/python3.12/site-packages/starlette/routing.py", line 288, in handle
    await self.app(scope, receive, send)
  File "/scratch/si650f26_class_root/si650f26_class/savyo/synapse-bench/envs/gateway/lib/python3.12/site-packages/starlette/routing.py", line 76, in app
    await wrap_app_handling_exceptions(app, request)(scope, receive, send)
  File "/scratch/si650f26_class_root/si650f26_class/savyo/synapse-bench/envs/gateway/lib/python3.12/site-packages/starlette/_exception_handler.py", line 62, in wrapped_app
    raise exc
  File "/scratch/si650f26_class_root/si650f26_class/savyo/synapse-bench/envs/gateway/lib/python3.12/site-packages/starlette/_exception_handler.py", line 51, in wrapped_app
    await app(scope, receive, sender)
  File "/scratch/si650f26_class_root/si650f26_class/savyo/synapse-bench/envs/gateway/lib/python3.12/site-packages/starlette/routing.py", line 73, in app
    response = await f(request)
               ^^^^^^^^^^^^^^^^
  File "/scratch/si650f26_class_root/si650f26_class/savyo/synapse-bench/envs/gateway/lib/python3.12/site-packages/fastapi/routing.py", line 291, in app
    solved_result = await solve_dependencies(
                    ^^^^^^^^^^^^^^^^^^^^^^^^^
  File "/scratch/si650f26_class_root/si650f26_class/savyo/synapse-bench/envs/gateway/lib/python3.12/site-packages/fastapi/dependencies/utils.py", line 630, in solve_dependencies
    solved = await run_in_threadpool(call, **solved_result.values)
             ^^^^^^^^^^^^^^^^^^^^^^^^^^^^^^^^^^^^^^^^^^^^^^^^^^^^^
  File "/scratch/si650f26_class_root/si650f26_class/savyo/synapse-bench/envs/gateway/lib/python3.12/site-packages/starlette/concurrency.py", line 39, in run_in_threadpool
    return await anyio.to_thread.run_sync(func, *args)
           ^^^^^^^^^^^^^^^^^^^^^^^^^^^^^^^^^^^^^^^^^^^
  File "/scratch/si650f26_class_root/si650f26_class/savyo/synapse-bench/envs/gateway/lib/python3.12/site-packages/anyio/to_thread.py", line 65, in run_sync
    return await get_async_backend().run_sync_in_worker_thread(
           ^^^^^^^^^^^^^^^^^^^^^^^^^^^^^^^^^^^^^^^^^^^^^^^^^^^^
  File "/scratch/si650f26_class_root/si650f26_class/savyo/synapse-bench/envs/gateway/lib/python3.12/site-packages/anyio/_backends/_asyncio.py", line 2706, in run_sync_in_worker_thread
    return await future
           ^^^^^^^^^^^^
  File "/scratch/si650f26_class_root/si650f26_class/savyo/synapse-bench/envs/gateway/lib/python3.12/site-packages/anyio/_backends/_asyncio.py", line 1100, in run
    result = context.run(func, *args)
             ^^^^^^^^^^^^^^^^^^^^^^^^
  File "/gpfs/accounts/si650f26_class_root/si650f26_class/savyo/synapse-bench/repo/backend/app/auth.py", line 35, in require_api_key
    api_key = db.query(ApiKey).filter(ApiKey.key_hash == key_hash, ApiKey.revoked.is_(False)).first()
              ^^^^^^^^^^^^^^^^^^^^^^^^^^^^^^^^^^^^^^^^^^^^^^^^^^^^^^^^^^^^^^^^^^^^^^^^^^^^^^^^^^^^^^^
  File "/scratch/si650f26_class_root/si650f26_class/savyo/synapse-bench/envs/gateway/lib/python3.12/site-packages/sqlalchemy/orm/query.py", line 2728, in first
    return self.limit(1)._iter().first()  # type: ignore
           ^^^^^^^^^^^^^^^^^^^^^
  File "/scratch/si650f26_class_root/si650f26_class/savyo/synapse-bench/envs/gateway/lib/python3.12/site-packages/sqlalchemy/orm/query.py", line 2827, in _iter
    result: Union[ScalarResult[_T], Result[_T]] = self.session.execute(
                                                  ^^^^^^^^^^^^^^^^^^^^^
  File "/scratch/si650f26_class_root/si650f26_class/savyo/synapse-bench/envs/gateway/lib/python3.12/site-packages/sqlalchemy/orm/session.py", line 2362, in execute
    return self._execute_internal(
           ^^^^^^^^^^^^^^^^^^^^^^^
  File "/scratch/si650f26_class_root/si650f26_class/savyo/synapse-bench/envs/gateway/lib/python3.12/site-packages/sqlalchemy/orm/session.py", line 2237, in _execute_internal
    conn = self._connection_for_bind(bind)
           ^^^^^^^^^^^^^^^^^^^^^^^^^^^^^^^
  File "/scratch/si650f26_class_root/si650f26_class/savyo/synapse-bench/envs/gateway/lib/python3.12/site-packages/sqlalchemy/orm/session.py", line 2106, in _connection_for_bind
    return trans._connection_for_bind(engine, execution_options)
           ^^^^^^^^^^^^^^^^^^^^^^^^^^^^^^^^^^^^^^^^^^^^^^^^^^^^^
  File "<string>", line 2, in _connection_for_bind
  File "/scratch/si650f26_class_root/si650f26_class/savyo/synapse-bench/envs/gateway/lib/python3.12/site-packages/sqlalchemy/orm/state_changes.py", line 139, in _go
    ret_value = fn(self, *arg, **kw)
                ^^^^^^^^^^^^^^^^^^^^
  File "/scratch/si650f26_class_root/si650f26_class/savyo/synapse-bench/envs/gateway/lib/python3.12/site-packages/sqlalchemy/orm/session.py", line 1189, in _connection_for_bind
    conn = bind.connect()
           ^^^^^^^^^^^^^^
  File "/scratch/si650f26_class_root/si650f26_class/savyo/synapse-bench/envs/gateway/lib/python3.12/site-packages/sqlalchemy/engine/base.py", line 3278, in connect
    return self._connection_cls(self)
           ^^^^^^^^^^^^^^^^^^^^^^^^^^
  File "/scratch/si650f26_class_root/si650f26_class/savyo/synapse-bench/envs/gateway/lib/python3.12/site-packages/sqlalchemy/engine/base.py", line 146, in __init__
    self._dbapi_connection = engine.raw_connection()
                             ^^^^^^^^^^^^^^^^^^^^^^^
  File "/scratch/si650f26_class_root/si650f26_class/savyo/synapse-bench/envs/gateway/lib/python3.12/site-packages/sqlalchemy/engine/base.py", line 3302, in raw_connection
    return self.pool.connect()
           ^^^^^^^^^^^^^^^^^^^
  File "/scratch/si650f26_class_root/si650f26_class/savyo/synapse-bench/envs/gateway/lib/python3.12/site-packages/sqlalchemy/pool/base.py", line 449, in connect
    return _ConnectionFairy._checkout(self)
           ^^^^^^^^^^^^^^^^^^^^^^^^^^^^^^^^
  File "/scratch/si650f26_class_root/si650f26_class/savyo/synapse-bench/envs/gateway/lib/python3.12/site-packages/sqlalchemy/pool/base.py", line 1263, in _checkout
    fairy = _ConnectionRecord.checkout(pool)
            ^^^^^^^^^^^^^^^^^^^^^^^^^^^^^^^^
  File "/scratch/si650f26_class_root/si650f26_class/savyo/synapse-bench/envs/gateway/lib/python3.12/site-packages/sqlalchemy/pool/base.py", line 712, in checkout
    rec = pool._do_get()
          ^^^^^^^^^^^^^^
  File "/scratch/si650f26_class_root/si650f26_class/savyo/synapse-bench/envs/gateway/lib/python3.12/site-packages/sqlalchemy/pool/impl.py", line 168, in _do_get
    raise exc.TimeoutError(
sqlalchemy.exc.TimeoutError: QueuePool limit of size 5 overflow 10 reached, connection timed out, timeout 30.00 (Background on this error at: https://sqlalche.me/e/20/3o7r)
ERROR:    Exception in ASGI application
Traceback (most recent call last):
  File "/scratch/si650f26_class_root/si650f26_class/savyo/synapse-bench/envs/gateway/lib/python3.12/site-packages/uvicorn/protocols/http/httptools_impl.py", line 401, in run_asgi
    result = await app(  # type: ignore[func-returns-value]
             ^^^^^^^^^^^^^^^^^^^^^^^^^^^^^^^^^^^^^^^^^^^^^^
  File "/scratch/si650f26_class_root/si650f26_class/savyo/synapse-bench/envs/gateway/lib/python3.12/site-packages/uvicorn/middleware/proxy_headers.py", line 70, in __call__
    return await self.app(scope, receive, send)
           ^^^^^^^^^^^^^^^^^^^^^^^^^^^^^^^^^^^^
  File "/scratch/si650f26_class_root/si650f26_class/savyo/synapse-bench/envs/gateway/lib/python3.12/site-packages/fastapi/applications.py", line 1054, in __call__
    await super().__call__(scope, receive, send)
  File "/scratch/si650f26_class_root/si650f26_class/savyo/synapse-bench/envs/gateway/lib/python3.12/site-packages/starlette/applications.py", line 113, in __call__
    await self.middleware_stack(scope, receive, send)
  File "/scratch/si650f26_class_root/si650f26_class/savyo/synapse-bench/envs/gateway/lib/python3.12/site-packages/starlette/middleware/errors.py", line 187, in __call__
    raise exc
  File "/scratch/si650f26_class_root/si650f26_class/savyo/synapse-bench/envs/gateway/lib/python3.12/site-packages/starlette/middleware/errors.py", line 165, in __call__
    await self.app(scope, receive, _send)
  File "/scratch/si650f26_class_root/si650f26_class/savyo/synapse-bench/envs/gateway/lib/python3.12/site-packages/starlette/middleware/cors.py", line 85, in __call__
    await self.app(scope, receive, send)
  File "/scratch/si650f26_class_root/si650f26_class/savyo/synapse-bench/envs/gateway/lib/python3.12/site-packages/starlette/middleware/exceptions.py", line 62, in __call__
    await wrap_app_handling_exceptions(self.app, conn)(scope, receive, send)
  File "/scratch/si650f26_class_root/si650f26_class/savyo/synapse-bench/envs/gateway/lib/python3.12/site-packages/starlette/_exception_handler.py", line 62, in wrapped_app
    raise exc
  File "/scratch/si650f26_class_root/si650f26_class/savyo/synapse-bench/envs/gateway/lib/python3.12/site-packages/starlette/_exception_handler.py", line 51, in wrapped_app
    await app(scope, receive, sender)
  File "/scratch/si650f26_class_root/si650f26_class/savyo/synapse-bench/envs/gateway/lib/python3.12/site-packages/starlette/routing.py", line 715, in __call__
    await self.middleware_stack(scope, receive, send)
  File "/scratch/si650f26_class_root/si650f26_class/savyo/synapse-bench/envs/gateway/lib/python3.12/site-packages/starlette/routing.py", line 735, in app
    await route.handle(scope, receive, send)
  File "/scratch/si650f26_class_root/si650f26_class/savyo/synapse-bench/envs/gateway/lib/python3.12/site-packages/starlette/routing.py", line 288, in handle
    await self.app(scope, receive, send)
  File "/scratch/si650f26_class_root/si650f26_class/savyo/synapse-bench/envs/gateway/lib/python3.12/site-packages/starlette/routing.py", line 76, in app
    await wrap_app_handling_exceptions(app, request)(scope, receive, send)
  File "/scratch/si650f26_class_root/si650f26_class/savyo/synapse-bench/envs/gateway/lib/python3.12/site-packages/starlette/_exception_handler.py", line 62, in wrapped_app
    raise exc
  File "/scratch/si650f26_class_root/si650f26_class/savyo/synapse-bench/envs/gateway/lib/python3.12/site-packages/starlette/_exception_handler.py", line 51, in wrapped_app
    await app(scope, receive, sender)
  File "/scratch/si650f26_class_root/si650f26_class/savyo/synapse-bench/envs/gateway/lib/python3.12/site-packages/starlette/routing.py", line 73, in app
    response = await f(request)
               ^^^^^^^^^^^^^^^^
  File "/scratch/si650f26_class_root/si650f26_class/savyo/synapse-bench/envs/gateway/lib/python3.12/site-packages/fastapi/routing.py", line 291, in app
    solved_result = await solve_dependencies(
                    ^^^^^^^^^^^^^^^^^^^^^^^^^
  File "/scratch/si650f26_class_root/si650f26_class/savyo/synapse-bench/envs/gateway/lib/python3.12/site-packages/fastapi/dependencies/utils.py", line 630, in solve_dependencies
    solved = await run_in_threadpool(call, **solved_result.values)
             ^^^^^^^^^^^^^^^^^^^^^^^^^^^^^^^^^^^^^^^^^^^^^^^^^^^^^
  File "/scratch/si650f26_class_root/si650f26_class/savyo/synapse-bench/envs/gateway/lib/python3.12/site-packages/starlette/concurrency.py", line 39, in run_in_threadpool
    return await anyio.to_thread.run_sync(func, *args)
           ^^^^^^^^^^^^^^^^^^^^^^^^^^^^^^^^^^^^^^^^^^^
  File "/scratch/si650f26_class_root/si650f26_class/savyo/synapse-bench/envs/gateway/lib/python3.12/site-packages/anyio/to_thread.py", line 65, in run_sync
    return await get_async_backend().run_sync_in_worker_thread(
           ^^^^^^^^^^^^^^^^^^^^^^^^^^^^^^^^^^^^^^^^^^^^^^^^^^^^
  File "/scratch/si650f26_class_root/si650f26_class/savyo/synapse-bench/envs/gateway/lib/python3.12/site-packages/anyio/_backends/_asyncio.py", line 2706, in run_sync_in_worker_thread
    return await future
           ^^^^^^^^^^^^
  File "/scratch/si650f26_class_root/si650f26_class/savyo/synapse-bench/envs/gateway/lib/python3.12/site-packages/anyio/_backends/_asyncio.py", line 1100, in run
    result = context.run(func, *args)
             ^^^^^^^^^^^^^^^^^^^^^^^^
  File "/gpfs/accounts/si650f26_class_root/si650f26_class/savyo/synapse-bench/repo/backend/app/auth.py", line 35, in require_api_key
    api_key = db.query(ApiKey).filter(ApiKey.key_hash == key_hash, ApiKey.revoked.is_(False)).first()
              ^^^^^^^^^^^^^^^^^^^^^^^^^^^^^^^^^^^^^^^^^^^^^^^^^^^^^^^^^^^^^^^^^^^^^^^^^^^^^^^^^^^^^^^
  File "/scratch/si650f26_class_root/si650f26_class/savyo/synapse-bench/envs/gateway/lib/python3.12/site-packages/sqlalchemy/orm/query.py", line 2728, in first
    return self.limit(1)._iter().first()  # type: ignore
           ^^^^^^^^^^^^^^^^^^^^^
  File "/scratch/si650f26_class_root/si650f26_class/savyo/synapse-bench/envs/gateway/lib/python3.12/site-packages/sqlalchemy/orm/query.py", line 2827, in _iter
    result: Union[ScalarResult[_T], Result[_T]] = self.session.execute(
                                                  ^^^^^^^^^^^^^^^^^^^^^
  File "/scratch/si650f26_class_root/si650f26_class/savyo/synapse-bench/envs/gateway/lib/python3.12/site-packages/sqlalchemy/orm/session.py", line 2362, in execute
    return self._execute_internal(
           ^^^^^^^^^^^^^^^^^^^^^^^
  File "/scratch/si650f26_class_root/si650f26_class/savyo/synapse-bench/envs/gateway/lib/python3.12/site-packages/sqlalchemy/orm/session.py", line 2237, in _execute_internal
    conn = self._connection_for_bind(bind)
           ^^^^^^^^^^^^^^^^^^^^^^^^^^^^^^^
  File "/scratch/si650f26_class_root/si650f26_class/savyo/synapse-bench/envs/gateway/lib/python3.12/site-packages/sqlalchemy/orm/session.py", line 2106, in _connection_for_bind
    return trans._connection_for_bind(engine, execution_options)
           ^^^^^^^^^^^^^^^^^^^^^^^^^^^^^^^^^^^^^^^^^^^^^^^^^^^^^
  File "<string>", line 2, in _connection_for_bind
  File "/scratch/si650f26_class_root/si650f26_class/savyo/synapse-bench/envs/gateway/lib/python3.12/site-packages/sqlalchemy/orm/state_changes.py", line 139, in _go
    ret_value = fn(self, *arg, **kw)
                ^^^^^^^^^^^^^^^^^^^^
  File "/scratch/si650f26_class_root/si650f26_class/savyo/synapse-bench/envs/gateway/lib/python3.12/site-packages/sqlalchemy/orm/session.py", line 1189, in _connection_for_bind
    conn = bind.connect()
           ^^^^^^^^^^^^^^
  File "/scratch/si650f26_class_root/si650f26_class/savyo/synapse-bench/envs/gateway/lib/python3.12/site-packages/sqlalchemy/engine/base.py", line 3278, in connect
    return self._connection_cls(self)
           ^^^^^^^^^^^^^^^^^^^^^^^^^^
  File "/scratch/si650f26_class_root/si650f26_class/savyo/synapse-bench/envs/gateway/lib/python3.12/site-packages/sqlalchemy/engine/base.py", line 146, in __init__
    self._dbapi_connection = engine.raw_connection()
                             ^^^^^^^^^^^^^^^^^^^^^^^
  File "/scratch/si650f26_class_root/si650f26_class/savyo/synapse-bench/envs/gateway/lib/python3.12/site-packages/sqlalchemy/engine/base.py", line 3302, in raw_connection
    return self.pool.connect()
           ^^^^^^^^^^^^^^^^^^^
  File "/scratch/si650f26_class_root/si650f26_class/savyo/synapse-bench/envs/gateway/lib/python3.12/site-packages/sqlalchemy/pool/base.py", line 449, in connect
    return _ConnectionFairy._checkout(self)
           ^^^^^^^^^^^^^^^^^^^^^^^^^^^^^^^^
  File "/scratch/si650f26_class_root/si650f26_class/savyo/synapse-bench/envs/gateway/lib/python3.12/site-packages/sqlalchemy/pool/base.py", line 1263, in _checkout
    fairy = _ConnectionRecord.checkout(pool)
            ^^^^^^^^^^^^^^^^^^^^^^^^^^^^^^^^
  File "/scratch/si650f26_class_root/si650f26_class/savyo/synapse-bench/envs/gateway/lib/python3.12/site-packages/sqlalchemy/pool/base.py", line 712, in checkout
    rec = pool._do_get()
          ^^^^^^^^^^^^^^
  File "/scratch/si650f26_class_root/si650f26_class/savyo/synapse-bench/envs/gateway/lib/python3.12/site-packages/sqlalchemy/pool/impl.py", line 168, in _do_get
    raise exc.TimeoutError(
sqlalchemy.exc.TimeoutError: QueuePool limit of size 5 overflow 10 reached, connection timed out, timeout 30.00 (Background on this error at: https://sqlalche.me/e/20/3o7r)
ERROR:    Exception in ASGI application
Traceback (most recent call last):
  File "/scratch/si650f26_class_root/si650f26_class/savyo/synapse-bench/envs/gateway/lib/python3.12/site-packages/uvicorn/protocols/http/httptools_impl.py", line 401, in run_asgi
    result = await app(  # type: ignore[func-returns-value]
             ^^^^^^^^^^^^^^^^^^^^^^^^^^^^^^^^^^^^^^^^^^^^^^
  File "/scratch/si650f26_class_root/si650f26_class/savyo/synapse-bench/envs/gateway/lib/python3.12/site-packages/uvicorn/middleware/proxy_headers.py", line 70, in __call__
    return await self.app(scope, receive, send)
           ^^^^^^^^^^^^^^^^^^^^^^^^^^^^^^^^^^^^
  File "/scratch/si650f26_class_root/si650f26_class/savyo/synapse-bench/envs/gateway/lib/python3.12/site-packages/fastapi/applications.py", line 1054, in __call__
    await super().__call__(scope, receive, send)
  File "/scratch/si650f26_class_root/si650f26_class/savyo/synapse-bench/envs/gateway/lib/python3.12/site-packages/starlette/applications.py", line 113, in __call__
    await self.middleware_stack(scope, receive, send)
  File "/scratch/si650f26_class_root/si650f26_class/savyo/synapse-bench/envs/gateway/lib/python3.12/site-packages/starlette/middleware/errors.py", line 187, in __call__
    raise exc
  File "/scratch/si650f26_class_root/si650f26_class/savyo/synapse-bench/envs/gateway/lib/python3.12/site-packages/starlette/middleware/errors.py", line 165, in __call__
    await self.app(scope, receive, _send)
  File "/scratch/si650f26_class_root/si650f26_class/savyo/synapse-bench/envs/gateway/lib/python3.12/site-packages/starlette/middleware/cors.py", line 85, in __call__
    await self.app(scope, receive, send)
  File "/scratch/si650f26_class_root/si650f26_class/savyo/synapse-bench/envs/gateway/lib/python3.12/site-packages/starlette/middleware/exceptions.py", line 62, in __call__
    await wrap_app_handling_exceptions(self.app, conn)(scope, receive, send)
  File "/scratch/si650f26_class_root/si650f26_class/savyo/synapse-bench/envs/gateway/lib/python3.12/site-packages/starlette/_exception_handler.py", line 62, in wrapped_app
    raise exc
  File "/scratch/si650f26_class_root/si650f26_class/savyo/synapse-bench/envs/gateway/lib/python3.12/site-packages/starlette/_exception_handler.py", line 51, in wrapped_app
    await app(scope, receive, sender)
  File "/scratch/si650f26_class_root/si650f26_class/savyo/synapse-bench/envs/gateway/lib/python3.12/site-packages/starlette/routing.py", line 715, in __call__
    await self.middleware_stack(scope, receive, send)
  File "/scratch/si650f26_class_root/si650f26_class/savyo/synapse-bench/envs/gateway/lib/python3.12/site-packages/starlette/routing.py", line 735, in app
    await route.handle(scope, receive, send)
  File "/scratch/si650f26_class_root/si650f26_class/savyo/synapse-bench/envs/gateway/lib/python3.12/site-packages/starlette/routing.py", line 288, in handle
    await self.app(scope, receive, send)
  File "/scratch/si650f26_class_root/si650f26_class/savyo/synapse-bench/envs/gateway/lib/python3.12/site-packages/starlette/routing.py", line 76, in app
    await wrap_app_handling_exceptions(app, request)(scope, receive, send)
  File "/scratch/si650f26_class_root/si650f26_class/savyo/synapse-bench/envs/gateway/lib/python3.12/site-packages/starlette/_exception_handler.py", line 62, in wrapped_app
    raise exc
  File "/scratch/si650f26_class_root/si650f26_class/savyo/synapse-bench/envs/gateway/lib/python3.12/site-packages/starlette/_exception_handler.py", line 51, in wrapped_app
    await app(scope, receive, sender)
  File "/scratch/si650f26_class_root/si650f26_class/savyo/synapse-bench/envs/gateway/lib/python3.12/site-packages/starlette/routing.py", line 73, in app
    response = await f(request)
               ^^^^^^^^^^^^^^^^
  File "/scratch/si650f26_class_root/si650f26_class/savyo/synapse-bench/envs/gateway/lib/python3.12/site-packages/fastapi/routing.py", line 291, in app
    solved_result = await solve_dependencies(
                    ^^^^^^^^^^^^^^^^^^^^^^^^^
  File "/scratch/si650f26_class_root/si650f26_class/savyo/synapse-bench/envs/gateway/lib/python3.12/site-packages/fastapi/dependencies/utils.py", line 630, in solve_dependencies
    solved = await run_in_threadpool(call, **solved_result.values)
             ^^^^^^^^^^^^^^^^^^^^^^^^^^^^^^^^^^^^^^^^^^^^^^^^^^^^^
  File "/scratch/si650f26_class_root/si650f26_class/savyo/synapse-bench/envs/gateway/lib/python3.12/site-packages/starlette/concurrency.py", line 39, in run_in_threadpool
    return await anyio.to_thread.run_sync(func, *args)
           ^^^^^^^^^^^^^^^^^^^^^^^^^^^^^^^^^^^^^^^^^^^
  File "/scratch/si650f26_class_root/si650f26_class/savyo/synapse-bench/envs/gateway/lib/python3.12/site-packages/anyio/to_thread.py", line 65, in run_sync
    return await get_async_backend().run_sync_in_worker_thread(
           ^^^^^^^^^^^^^^^^^^^^^^^^^^^^^^^^^^^^^^^^^^^^^^^^^^^^
  File "/scratch/si650f26_class_root/si650f26_class/savyo/synapse-bench/envs/gateway/lib/python3.12/site-packages/anyio/_backends/_asyncio.py", line 2706, in run_sync_in_worker_thread
    return await future
           ^^^^^^^^^^^^
  File "/scratch/si650f26_class_root/si650f26_class/savyo/synapse-bench/envs/gateway/lib/python3.12/site-packages/anyio/_backends/_asyncio.py", line 1100, in run
    result = context.run(func, *args)
             ^^^^^^^^^^^^^^^^^^^^^^^^
  File "/gpfs/accounts/si650f26_class_root/si650f26_class/savyo/synapse-bench/repo/backend/app/auth.py", line 35, in require_api_key
    api_key = db.query(ApiKey).filter(ApiKey.key_hash == key_hash, ApiKey.revoked.is_(False)).first()
              ^^^^^^^^^^^^^^^^^^^^^^^^^^^^^^^^^^^^^^^^^^^^^^^^^^^^^^^^^^^^^^^^^^^^^^^^^^^^^^^^^^^^^^^
  File "/scratch/si650f26_class_root/si650f26_class/savyo/synapse-bench/envs/gateway/lib/python3.12/site-packages/sqlalchemy/orm/query.py", line 2728, in first
    return self.limit(1)._iter().first()  # type: ignore
           ^^^^^^^^^^^^^^^^^^^^^
  File "/scratch/si650f26_class_root/si650f26_class/savyo/synapse-bench/envs/gateway/lib/python3.12/site-packages/sqlalchemy/orm/query.py", line 2827, in _iter
    result: Union[ScalarResult[_T], Result[_T]] = self.session.execute(
                                                  ^^^^^^^^^^^^^^^^^^^^^
  File "/scratch/si650f26_class_root/si650f26_class/savyo/synapse-bench/envs/gateway/lib/python3.12/site-packages/sqlalchemy/orm/session.py", line 2362, in execute
    return self._execute_internal(
           ^^^^^^^^^^^^^^^^^^^^^^^
  File "/scratch/si650f26_class_root/si650f26_class/savyo/synapse-bench/envs/gateway/lib/python3.12/site-packages/sqlalchemy/orm/session.py", line 2237, in _execute_internal
    conn = self._connection_for_bind(bind)
           ^^^^^^^^^^^^^^^^^^^^^^^^^^^^^^^
  File "/scratch/si650f26_class_root/si650f26_class/savyo/synapse-bench/envs/gateway/lib/python3.12/site-packages/sqlalchemy/orm/session.py", line 2106, in _connection_for_bind
    return trans._connection_for_bind(engine, execution_options)
           ^^^^^^^^^^^^^^^^^^^^^^^^^^^^^^^^^^^^^^^^^^^^^^^^^^^^^
  File "<string>", line 2, in _connection_for_bind
  File "/scratch/si650f26_class_root/si650f26_class/savyo/synapse-bench/envs/gateway/lib/python3.12/site-packages/sqlalchemy/orm/state_changes.py", line 139, in _go
    ret_value = fn(self, *arg, **kw)
                ^^^^^^^^^^^^^^^^^^^^
  File "/scratch/si650f26_class_root/si650f26_class/savyo/synapse-bench/envs/gateway/lib/python3.12/site-packages/sqlalchemy/orm/session.py", line 1189, in _connection_for_bind
    conn = bind.connect()
           ^^^^^^^^^^^^^^
  File "/scratch/si650f26_class_root/si650f26_class/savyo/synapse-bench/envs/gateway/lib/python3.12/site-packages/sqlalchemy/engine/base.py", line 3278, in connect
    return self._connection_cls(self)
           ^^^^^^^^^^^^^^^^^^^^^^^^^^
  File "/scratch/si650f26_class_root/si650f26_class/savyo/synapse-bench/envs/gateway/lib/python3.12/site-packages/sqlalchemy/engine/base.py", line 146, in __init__
    self._dbapi_connection = engine.raw_connection()
                             ^^^^^^^^^^^^^^^^^^^^^^^
  File "/scratch/si650f26_class_root/si650f26_class/savyo/synapse-bench/envs/gateway/lib/python3.12/site-packages/sqlalchemy/engine/base.py", line 3302, in raw_connection
    return self.pool.connect()
           ^^^^^^^^^^^^^^^^^^^
  File "/scratch/si650f26_class_root/si650f26_class/savyo/synapse-bench/envs/gateway/lib/python3.12/site-packages/sqlalchemy/pool/base.py", line 449, in connect
    return _ConnectionFairy._checkout(self)
           ^^^^^^^^^^^^^^^^^^^^^^^^^^^^^^^^
  File "/scratch/si650f26_class_root/si650f26_class/savyo/synapse-bench/envs/gateway/lib/python3.12/site-packages/sqlalchemy/pool/base.py", line 1263, in _checkout
    fairy = _ConnectionRecord.checkout(pool)
            ^^^^^^^^^^^^^^^^^^^^^^^^^^^^^^^^
  File "/scratch/si650f26_class_root/si650f26_class/savyo/synapse-bench/envs/gateway/lib/python3.12/site-packages/sqlalchemy/pool/base.py", line 712, in checkout
    rec = pool._do_get()
          ^^^^^^^^^^^^^^
  File "/scratch/si650f26_class_root/si650f26_class/savyo/synapse-bench/envs/gateway/lib/python3.12/site-packages/sqlalchemy/pool/impl.py", line 168, in _do_get
    raise exc.TimeoutError(
sqlalchemy.exc.TimeoutError: QueuePool limit of size 5 overflow 10 reached, connection timed out, timeout 30.00 (Background on this error at: https://sqlalche.me/e/20/3o7r)
ERROR:    Exception in ASGI application
Traceback (most recent call last):
  File "/scratch/si650f26_class_root/si650f26_class/savyo/synapse-bench/envs/gateway/lib/python3.12/site-packages/uvicorn/protocols/http/httptools_impl.py", line 401, in run_asgi
    result = await app(  # type: ignore[func-returns-value]
             ^^^^^^^^^^^^^^^^^^^^^^^^^^^^^^^^^^^^^^^^^^^^^^
  File "/scratch/si650f26_class_root/si650f26_class/savyo/synapse-bench/envs/gateway/lib/python3.12/site-packages/uvicorn/middleware/proxy_headers.py", line 70, in __call__
    return await self.app(scope, receive, send)
           ^^^^^^^^^^^^^^^^^^^^^^^^^^^^^^^^^^^^
  File "/scratch/si650f26_class_root/si650f26_class/savyo/synapse-bench/envs/gateway/lib/python3.12/site-packages/fastapi/applications.py", line 1054, in __call__
    await super().__call__(scope, receive, send)
  File "/scratch/si650f26_class_root/si650f26_class/savyo/synapse-bench/envs/gateway/lib/python3.12/site-packages/starlette/applications.py", line 113, in __call__
    await self.middleware_stack(scope, receive, send)
  File "/scratch/si650f26_class_root/si650f26_class/savyo/synapse-bench/envs/gateway/lib/python3.12/site-packages/starlette/middleware/errors.py", line 187, in __call__
    raise exc
  File "/scratch/si650f26_class_root/si650f26_class/savyo/synapse-bench/envs/gateway/lib/python3.12/site-packages/starlette/middleware/errors.py", line 165, in __call__
    await self.app(scope, receive, _send)
  File "/scratch/si650f26_class_root/si650f26_class/savyo/synapse-bench/envs/gateway/lib/python3.12/site-packages/starlette/middleware/cors.py", line 85, in __call__
    await self.app(scope, receive, send)
  File "/scratch/si650f26_class_root/si650f26_class/savyo/synapse-bench/envs/gateway/lib/python3.12/site-packages/starlette/middleware/exceptions.py", line 62, in __call__
    await wrap_app_handling_exceptions(self.app, conn)(scope, receive, send)
  File "/scratch/si650f26_class_root/si650f26_class/savyo/synapse-bench/envs/gateway/lib/python3.12/site-packages/starlette/_exception_handler.py", line 62, in wrapped_app
    raise exc
  File "/scratch/si650f26_class_root/si650f26_class/savyo/synapse-bench/envs/gateway/lib/python3.12/site-packages/starlette/_exception_handler.py", line 51, in wrapped_app
    await app(scope, receive, sender)
  File "/scratch/si650f26_class_root/si650f26_class/savyo/synapse-bench/envs/gateway/lib/python3.12/site-packages/starlette/routing.py", line 715, in __call__
    await self.middleware_stack(scope, receive, send)
  File "/scratch/si650f26_class_root/si650f26_class/savyo/synapse-bench/envs/gateway/lib/python3.12/site-packages/starlette/routing.py", line 735, in app
    await route.handle(scope, receive, send)
  File "/scratch/si650f26_class_root/si650f26_class/savyo/synapse-bench/envs/gateway/lib/python3.12/site-packages/starlette/routing.py", line 288, in handle
    await self.app(scope, receive, send)
  File "/scratch/si650f26_class_root/si650f26_class/savyo/synapse-bench/envs/gateway/lib/python3.12/site-packages/starlette/routing.py", line 76, in app
    await wrap_app_handling_exceptions(app, request)(scope, receive, send)
  File "/scratch/si650f26_class_root/si650f26_class/savyo/synapse-bench/envs/gateway/lib/python3.12/site-packages/starlette/_exception_handler.py", line 62, in wrapped_app
    raise exc
  File "/scratch/si650f26_class_root/si650f26_class/savyo/synapse-bench/envs/gateway/lib/python3.12/site-packages/starlette/_exception_handler.py", line 51, in wrapped_app
    await app(scope, receive, sender)
  File "/scratch/si650f26_class_root/si650f26_class/savyo/synapse-bench/envs/gateway/lib/python3.12/site-packages/starlette/routing.py", line 73, in app
    response = await f(request)
               ^^^^^^^^^^^^^^^^
  File "/scratch/si650f26_class_root/si650f26_class/savyo/synapse-bench/envs/gateway/lib/python3.12/site-packages/fastapi/routing.py", line 291, in app
    solved_result = await solve_dependencies(
                    ^^^^^^^^^^^^^^^^^^^^^^^^^
  File "/scratch/si650f26_class_root/si650f26_class/savyo/synapse-bench/envs/gateway/lib/python3.12/site-packages/fastapi/dependencies/utils.py", line 630, in solve_dependencies
    solved = await run_in_threadpool(call, **solved_result.values)
             ^^^^^^^^^^^^^^^^^^^^^^^^^^^^^^^^^^^^^^^^^^^^^^^^^^^^^
  File "/scratch/si650f26_class_root/si650f26_class/savyo/synapse-bench/envs/gateway/lib/python3.12/site-packages/starlette/concurrency.py", line 39, in run_in_threadpool
    return await anyio.to_thread.run_sync(func, *args)
           ^^^^^^^^^^^^^^^^^^^^^^^^^^^^^^^^^^^^^^^^^^^
  File "/scratch/si650f26_class_root/si650f26_class/savyo/synapse-bench/envs/gateway/lib/python3.12/site-packages/anyio/to_thread.py", line 65, in run_sync
    return await get_async_backend().run_sync_in_worker_thread(
           ^^^^^^^^^^^^^^^^^^^^^^^^^^^^^^^^^^^^^^^^^^^^^^^^^^^^
  File "/scratch/si650f26_class_root/si650f26_class/savyo/synapse-bench/envs/gateway/lib/python3.12/site-packages/anyio/_backends/_asyncio.py", line 2706, in run_sync_in_worker_thread
    return await future
           ^^^^^^^^^^^^
  File "/scratch/si650f26_class_root/si650f26_class/savyo/synapse-bench/envs/gateway/lib/python3.12/site-packages/anyio/_backends/_asyncio.py", line 1100, in run
    result = context.run(func, *args)
             ^^^^^^^^^^^^^^^^^^^^^^^^
  File "/gpfs/accounts/si650f26_class_root/si650f26_class/savyo/synapse-bench/repo/backend/app/auth.py", line 35, in require_api_key
    api_key = db.query(ApiKey).filter(ApiKey.key_hash == key_hash, ApiKey.revoked.is_(False)).first()
              ^^^^^^^^^^^^^^^^^^^^^^^^^^^^^^^^^^^^^^^^^^^^^^^^^^^^^^^^^^^^^^^^^^^^^^^^^^^^^^^^^^^^^^^
  File "/scratch/si650f26_class_root/si650f26_class/savyo/synapse-bench/envs/gateway/lib/python3.12/site-packages/sqlalchemy/orm/query.py", line 2728, in first
    return self.limit(1)._iter().first()  # type: ignore
           ^^^^^^^^^^^^^^^^^^^^^
  File "/scratch/si650f26_class_root/si650f26_class/savyo/synapse-bench/envs/gateway/lib/python3.12/site-packages/sqlalchemy/orm/query.py", line 2827, in _iter
    result: Union[ScalarResult[_T], Result[_T]] = self.session.execute(
                                                  ^^^^^^^^^^^^^^^^^^^^^
  File "/scratch/si650f26_class_root/si650f26_class/savyo/synapse-bench/envs/gateway/lib/python3.12/site-packages/sqlalchemy/orm/session.py", line 2362, in execute
    return self._execute_internal(
           ^^^^^^^^^^^^^^^^^^^^^^^
  File "/scratch/si650f26_class_root/si650f26_class/savyo/synapse-bench/envs/gateway/lib/python3.12/site-packages/sqlalchemy/orm/session.py", line 2237, in _execute_internal
    conn = self._connection_for_bind(bind)
           ^^^^^^^^^^^^^^^^^^^^^^^^^^^^^^^
  File "/scratch/si650f26_class_root/si650f26_class/savyo/synapse-bench/envs/gateway/lib/python3.12/site-packages/sqlalchemy/orm/session.py", line 2106, in _connection_for_bind
    return trans._connection_for_bind(engine, execution_options)
           ^^^^^^^^^^^^^^^^^^^^^^^^^^^^^^^^^^^^^^^^^^^^^^^^^^^^^
  File "<string>", line 2, in _connection_for_bind
  File "/scratch/si650f26_class_root/si650f26_class/savyo/synapse-bench/envs/gateway/lib/python3.12/site-packages/sqlalchemy/orm/state_changes.py", line 139, in _go
    ret_value = fn(self, *arg, **kw)
                ^^^^^^^^^^^^^^^^^^^^
  File "/scratch/si650f26_class_root/si650f26_class/savyo/synapse-bench/envs/gateway/lib/python3.12/site-packages/sqlalchemy/orm/session.py", line 1189, in _connection_for_bind
    conn = bind.connect()
           ^^^^^^^^^^^^^^
  File "/scratch/si650f26_class_root/si650f26_class/savyo/synapse-bench/envs/gateway/lib/python3.12/site-packages/sqlalchemy/engine/base.py", line 3278, in connect
    return self._connection_cls(self)
           ^^^^^^^^^^^^^^^^^^^^^^^^^^
  File "/scratch/si650f26_class_root/si650f26_class/savyo/synapse-bench/envs/gateway/lib/python3.12/site-packages/sqlalchemy/engine/base.py", line 146, in __init__
    self._dbapi_connection = engine.raw_connection()
                             ^^^^^^^^^^^^^^^^^^^^^^^
  File "/scratch/si650f26_class_root/si650f26_class/savyo/synapse-bench/envs/gateway/lib/python3.12/site-packages/sqlalchemy/engine/base.py", line 3302, in raw_connection
    return self.pool.connect()
           ^^^^^^^^^^^^^^^^^^^
  File "/scratch/si650f26_class_root/si650f26_class/savyo/synapse-bench/envs/gateway/lib/python3.12/site-packages/sqlalchemy/pool/base.py", line 449, in connect
    return _ConnectionFairy._checkout(self)
           ^^^^^^^^^^^^^^^^^^^^^^^^^^^^^^^^
  File "/scratch/si650f26_class_root/si650f26_class/savyo/synapse-bench/envs/gateway/lib/python3.12/site-packages/sqlalchemy/pool/base.py", line 1263, in _checkout
    fairy = _ConnectionRecord.checkout(pool)
            ^^^^^^^^^^^^^^^^^^^^^^^^^^^^^^^^
  File "/scratch/si650f26_class_root/si650f26_class/savyo/synapse-bench/envs/gateway/lib/python3.12/site-packages/sqlalchemy/pool/base.py", line 712, in checkout
    rec = pool._do_get()
          ^^^^^^^^^^^^^^
  File "/scratch/si650f26_class_root/si650f26_class/savyo/synapse-bench/envs/gateway/lib/python3.12/site-packages/sqlalchemy/pool/impl.py", line 168, in _do_get
    raise exc.TimeoutError(
sqlalchemy.exc.TimeoutError: QueuePool limit of size 5 overflow 10 reached, connection timed out, timeout 30.00 (Background on this error at: https://sqlalche.me/e/20/3o7r)
ERROR:    Exception in ASGI application
Traceback (most recent call last):
  File "/scratch/si650f26_class_root/si650f26_class/savyo/synapse-bench/envs/gateway/lib/python3.12/site-packages/uvicorn/protocols/http/httptools_impl.py", line 401, in run_asgi
    result = await app(  # type: ignore[func-returns-value]
             ^^^^^^^^^^^^^^^^^^^^^^^^^^^^^^^^^^^^^^^^^^^^^^
  File "/scratch/si650f26_class_root/si650f26_class/savyo/synapse-bench/envs/gateway/lib/python3.12/site-packages/uvicorn/middleware/proxy_headers.py", line 70, in __call__
    return await self.app(scope, receive, send)
           ^^^^^^^^^^^^^^^^^^^^^^^^^^^^^^^^^^^^
  File "/scratch/si650f26_class_root/si650f26_class/savyo/synapse-bench/envs/gateway/lib/python3.12/site-packages/fastapi/applications.py", line 1054, in __call__
    await super().__call__(scope, receive, send)
  File "/scratch/si650f26_class_root/si650f26_class/savyo/synapse-bench/envs/gateway/lib/python3.12/site-packages/starlette/applications.py", line 113, in __call__
    await self.middleware_stack(scope, receive, send)
  File "/scratch/si650f26_class_root/si650f26_class/savyo/synapse-bench/envs/gateway/lib/python3.12/site-packages/starlette/middleware/errors.py", line 187, in __call__
    raise exc
  File "/scratch/si650f26_class_root/si650f26_class/savyo/synapse-bench/envs/gateway/lib/python3.12/site-packages/starlette/middleware/errors.py", line 165, in __call__
    await self.app(scope, receive, _send)
  File "/scratch/si650f26_class_root/si650f26_class/savyo/synapse-bench/envs/gateway/lib/python3.12/site-packages/starlette/middleware/cors.py", line 85, in __call__
    await self.app(scope, receive, send)
  File "/scratch/si650f26_class_root/si650f26_class/savyo/synapse-bench/envs/gateway/lib/python3.12/site-packages/starlette/middleware/exceptions.py", line 62, in __call__
    await wrap_app_handling_exceptions(self.app, conn)(scope, receive, send)
  File "/scratch/si650f26_class_root/si650f26_class/savyo/synapse-bench/envs/gateway/lib/python3.12/site-packages/starlette/_exception_handler.py", line 62, in wrapped_app
    raise exc
  File "/scratch/si650f26_class_root/si650f26_class/savyo/synapse-bench/envs/gateway/lib/python3.12/site-packages/starlette/_exception_handler.py", line 51, in wrapped_app
    await app(scope, receive, sender)
  File "/scratch/si650f26_class_root/si650f26_class/savyo/synapse-bench/envs/gateway/lib/python3.12/site-packages/starlette/routing.py", line 715, in __call__
    await self.middleware_stack(scope, receive, send)
  File "/scratch/si650f26_class_root/si650f26_class/savyo/synapse-bench/envs/gateway/lib/python3.12/site-packages/starlette/routing.py", line 735, in app
    await route.handle(scope, receive, send)
  File "/scratch/si650f26_class_root/si650f26_class/savyo/synapse-bench/envs/gateway/lib/python3.12/site-packages/starlette/routing.py", line 288, in handle
    await self.app(scope, receive, send)
  File "/scratch/si650f26_class_root/si650f26_class/savyo/synapse-bench/envs/gateway/lib/python3.12/site-packages/starlette/routing.py", line 76, in app
    await wrap_app_handling_exceptions(app, request)(scope, receive, send)
  File "/scratch/si650f26_class_root/si650f26_class/savyo/synapse-bench/envs/gateway/lib/python3.12/site-packages/starlette/_exception_handler.py", line 62, in wrapped_app
    raise exc
  File "/scratch/si650f26_class_root/si650f26_class/savyo/synapse-bench/envs/gateway/lib/python3.12/site-packages/starlette/_exception_handler.py", line 51, in wrapped_app
    await app(scope, receive, sender)
  File "/scratch/si650f26_class_root/si650f26_class/savyo/synapse-bench/envs/gateway/lib/python3.12/site-packages/starlette/routing.py", line 73, in app
    response = await f(request)
               ^^^^^^^^^^^^^^^^
  File "/scratch/si650f26_class_root/si650f26_class/savyo/synapse-bench/envs/gateway/lib/python3.12/site-packages/fastapi/routing.py", line 291, in app
    solved_result = await solve_dependencies(
                    ^^^^^^^^^^^^^^^^^^^^^^^^^
  File "/scratch/si650f26_class_root/si650f26_class/savyo/synapse-bench/envs/gateway/lib/python3.12/site-packages/fastapi/dependencies/utils.py", line 630, in solve_dependencies
    solved = await run_in_threadpool(call, **solved_result.values)
             ^^^^^^^^^^^^^^^^^^^^^^^^^^^^^^^^^^^^^^^^^^^^^^^^^^^^^
  File "/scratch/si650f26_class_root/si650f26_class/savyo/synapse-bench/envs/gateway/lib/python3.12/site-packages/starlette/concurrency.py", line 39, in run_in_threadpool
    return await anyio.to_thread.run_sync(func, *args)
           ^^^^^^^^^^^^^^^^^^^^^^^^^^^^^^^^^^^^^^^^^^^
  File "/scratch/si650f26_class_root/si650f26_class/savyo/synapse-bench/envs/gateway/lib/python3.12/site-packages/anyio/to_thread.py", line 65, in run_sync
    return await get_async_backend().run_sync_in_worker_thread(
           ^^^^^^^^^^^^^^^^^^^^^^^^^^^^^^^^^^^^^^^^^^^^^^^^^^^^
  File "/scratch/si650f26_class_root/si650f26_class/savyo/synapse-bench/envs/gateway/lib/python3.12/site-packages/anyio/_backends/_asyncio.py", line 2706, in run_sync_in_worker_thread
    return await future
           ^^^^^^^^^^^^
  File "/scratch/si650f26_class_root/si650f26_class/savyo/synapse-bench/envs/gateway/lib/python3.12/site-packages/anyio/_backends/_asyncio.py", line 1100, in run
    result = context.run(func, *args)
             ^^^^^^^^^^^^^^^^^^^^^^^^
  File "/gpfs/accounts/si650f26_class_root/si650f26_class/savyo/synapse-bench/repo/backend/app/auth.py", line 35, in require_api_key
    api_key = db.query(ApiKey).filter(ApiKey.key_hash == key_hash, ApiKey.revoked.is_(False)).first()
              ^^^^^^^^^^^^^^^^^^^^^^^^^^^^^^^^^^^^^^^^^^^^^^^^^^^^^^^^^^^^^^^^^^^^^^^^^^^^^^^^^^^^^^^
  File "/scratch/si650f26_class_root/si650f26_class/savyo/synapse-bench/envs/gateway/lib/python3.12/site-packages/sqlalchemy/orm/query.py", line 2728, in first
    return self.limit(1)._iter().first()  # type: ignore
           ^^^^^^^^^^^^^^^^^^^^^
  File "/scratch/si650f26_class_root/si650f26_class/savyo/synapse-bench/envs/gateway/lib/python3.12/site-packages/sqlalchemy/orm/query.py", line 2827, in _iter
    result: Union[ScalarResult[_T], Result[_T]] = self.session.execute(
                                                  ^^^^^^^^^^^^^^^^^^^^^
  File "/scratch/si650f26_class_root/si650f26_class/savyo/synapse-bench/envs/gateway/lib/python3.12/site-packages/sqlalchemy/orm/session.py", line 2362, in execute
    return self._execute_internal(
           ^^^^^^^^^^^^^^^^^^^^^^^
  File "/scratch/si650f26_class_root/si650f26_class/savyo/synapse-bench/envs/gateway/lib/python3.12/site-packages/sqlalchemy/orm/session.py", line 2237, in _execute_internal
    conn = self._connection_for_bind(bind)
           ^^^^^^^^^^^^^^^^^^^^^^^^^^^^^^^
  File "/scratch/si650f26_class_root/si650f26_class/savyo/synapse-bench/envs/gateway/lib/python3.12/site-packages/sqlalchemy/orm/session.py", line 2106, in _connection_for_bind
    return trans._connection_for_bind(engine, execution_options)
           ^^^^^^^^^^^^^^^^^^^^^^^^^^^^^^^^^^^^^^^^^^^^^^^^^^^^^
  File "<string>", line 2, in _connection_for_bind
  File "/scratch/si650f26_class_root/si650f26_class/savyo/synapse-bench/envs/gateway/lib/python3.12/site-packages/sqlalchemy/orm/state_changes.py", line 139, in _go
    ret_value = fn(self, *arg, **kw)
                ^^^^^^^^^^^^^^^^^^^^
  File "/scratch/si650f26_class_root/si650f26_class/savyo/synapse-bench/envs/gateway/lib/python3.12/site-packages/sqlalchemy/orm/session.py", line 1189, in _connection_for_bind
    conn = bind.connect()
           ^^^^^^^^^^^^^^
  File "/scratch/si650f26_class_root/si650f26_class/savyo/synapse-bench/envs/gateway/lib/python3.12/site-packages/sqlalchemy/engine/base.py", line 3278, in connect
    return self._connection_cls(self)
           ^^^^^^^^^^^^^^^^^^^^^^^^^^
  File "/scratch/si650f26_class_root/si650f26_class/savyo/synapse-bench/envs/gateway/lib/python3.12/site-packages/sqlalchemy/engine/base.py", line 146, in __init__
    self._dbapi_connection = engine.raw_connection()
                             ^^^^^^^^^^^^^^^^^^^^^^^
  File "/scratch/si650f26_class_root/si650f26_class/savyo/synapse-bench/envs/gateway/lib/python3.12/site-packages/sqlalchemy/engine/base.py", line 3302, in raw_connection
    return self.pool.connect()
           ^^^^^^^^^^^^^^^^^^^
  File "/scratch/si650f26_class_root/si650f26_class/savyo/synapse-bench/envs/gateway/lib/python3.12/site-packages/sqlalchemy/pool/base.py", line 449, in connect
    return _ConnectionFairy._checkout(self)
           ^^^^^^^^^^^^^^^^^^^^^^^^^^^^^^^^
  File "/scratch/si650f26_class_root/si650f26_class/savyo/synapse-bench/envs/gateway/lib/python3.12/site-packages/sqlalchemy/pool/base.py", line 1263, in _checkout
    fairy = _ConnectionRecord.checkout(pool)
            ^^^^^^^^^^^^^^^^^^^^^^^^^^^^^^^^
  File "/scratch/si650f26_class_root/si650f26_class/savyo/synapse-bench/envs/gateway/lib/python3.12/site-packages/sqlalchemy/pool/base.py", line 712, in checkout
    rec = pool._do_get()
          ^^^^^^^^^^^^^^
  File "/scratch/si650f26_class_root/si650f26_class/savyo/synapse-bench/envs/gateway/lib/python3.12/site-packages/sqlalchemy/pool/impl.py", line 168, in _do_get
    raise exc.TimeoutError(
sqlalchemy.exc.TimeoutError: QueuePool limit of size 5 overflow 10 reached, connection timed out, timeout 30.00 (Background on this error at: https://sqlalche.me/e/20/3o7r)
ERROR:    Exception in ASGI application
Traceback (most recent call last):
  File "/scratch/si650f26_class_root/si650f26_class/savyo/synapse-bench/envs/gateway/lib/python3.12/site-packages/uvicorn/protocols/http/httptools_impl.py", line 401, in run_asgi
    result = await app(  # type: ignore[func-returns-value]
             ^^^^^^^^^^^^^^^^^^^^^^^^^^^^^^^^^^^^^^^^^^^^^^
  File "/scratch/si650f26_class_root/si650f26_class/savyo/synapse-bench/envs/gateway/lib/python3.12/site-packages/uvicorn/middleware/proxy_headers.py", line 70, in __call__
    return await self.app(scope, receive, send)
           ^^^^^^^^^^^^^^^^^^^^^^^^^^^^^^^^^^^^
  File "/scratch/si650f26_class_root/si650f26_class/savyo/synapse-bench/envs/gateway/lib/python3.12/site-packages/fastapi/applications.py", line 1054, in __call__
    await super().__call__(scope, receive, send)
  File "/scratch/si650f26_class_root/si650f26_class/savyo/synapse-bench/envs/gateway/lib/python3.12/site-packages/starlette/applications.py", line 113, in __call__
    await self.middleware_stack(scope, receive, send)
  File "/scratch/si650f26_class_root/si650f26_class/savyo/synapse-bench/envs/gateway/lib/python3.12/site-packages/starlette/middleware/errors.py", line 187, in __call__
    raise exc
  File "/scratch/si650f26_class_root/si650f26_class/savyo/synapse-bench/envs/gateway/lib/python3.12/site-packages/starlette/middleware/errors.py", line 165, in __call__
    await self.app(scope, receive, _send)
  File "/scratch/si650f26_class_root/si650f26_class/savyo/synapse-bench/envs/gateway/lib/python3.12/site-packages/starlette/middleware/cors.py", line 85, in __call__
    await self.app(scope, receive, send)
  File "/scratch/si650f26_class_root/si650f26_class/savyo/synapse-bench/envs/gateway/lib/python3.12/site-packages/starlette/middleware/exceptions.py", line 62, in __call__
    await wrap_app_handling_exceptions(self.app, conn)(scope, receive, send)
  File "/scratch/si650f26_class_root/si650f26_class/savyo/synapse-bench/envs/gateway/lib/python3.12/site-packages/starlette/_exception_handler.py", line 62, in wrapped_app
    raise exc
  File "/scratch/si650f26_class_root/si650f26_class/savyo/synapse-bench/envs/gateway/lib/python3.12/site-packages/starlette/_exception_handler.py", line 51, in wrapped_app
    await app(scope, receive, sender)
  File "/scratch/si650f26_class_root/si650f26_class/savyo/synapse-bench/envs/gateway/lib/python3.12/site-packages/starlette/routing.py", line 715, in __call__
    await self.middleware_stack(scope, receive, send)
  File "/scratch/si650f26_class_root/si650f26_class/savyo/synapse-bench/envs/gateway/lib/python3.12/site-packages/starlette/routing.py", line 735, in app
    await route.handle(scope, receive, send)
  File "/scratch/si650f26_class_root/si650f26_class/savyo/synapse-bench/envs/gateway/lib/python3.12/site-packages/starlette/routing.py", line 288, in handle
    await self.app(scope, receive, send)
  File "/scratch/si650f26_class_root/si650f26_class/savyo/synapse-bench/envs/gateway/lib/python3.12/site-packages/starlette/routing.py", line 76, in app
    await wrap_app_handling_exceptions(app, request)(scope, receive, send)
  File "/scratch/si650f26_class_root/si650f26_class/savyo/synapse-bench/envs/gateway/lib/python3.12/site-packages/starlette/_exception_handler.py", line 62, in wrapped_app
    raise exc
  File "/scratch/si650f26_class_root/si650f26_class/savyo/synapse-bench/envs/gateway/lib/python3.12/site-packages/starlette/_exception_handler.py", line 51, in wrapped_app
    await app(scope, receive, sender)
  File "/scratch/si650f26_class_root/si650f26_class/savyo/synapse-bench/envs/gateway/lib/python3.12/site-packages/starlette/routing.py", line 73, in app
    response = await f(request)
               ^^^^^^^^^^^^^^^^
  File "/scratch/si650f26_class_root/si650f26_class/savyo/synapse-bench/envs/gateway/lib/python3.12/site-packages/fastapi/routing.py", line 291, in app
    solved_result = await solve_dependencies(
                    ^^^^^^^^^^^^^^^^^^^^^^^^^
  File "/scratch/si650f26_class_root/si650f26_class/savyo/synapse-bench/envs/gateway/lib/python3.12/site-packages/fastapi/dependencies/utils.py", line 630, in solve_dependencies
    solved = await run_in_threadpool(call, **solved_result.values)
             ^^^^^^^^^^^^^^^^^^^^^^^^^^^^^^^^^^^^^^^^^^^^^^^^^^^^^
  File "/scratch/si650f26_class_root/si650f26_class/savyo/synapse-bench/envs/gateway/lib/python3.12/site-packages/starlette/concurrency.py", line 39, in run_in_threadpool
    return await anyio.to_thread.run_sync(func, *args)
           ^^^^^^^^^^^^^^^^^^^^^^^^^^^^^^^^^^^^^^^^^^^
  File "/scratch/si650f26_class_root/si650f26_class/savyo/synapse-bench/envs/gateway/lib/python3.12/site-packages/anyio/to_thread.py", line 65, in run_sync
    return await get_async_backend().run_sync_in_worker_thread(
           ^^^^^^^^^^^^^^^^^^^^^^^^^^^^^^^^^^^^^^^^^^^^^^^^^^^^
  File "/scratch/si650f26_class_root/si650f26_class/savyo/synapse-bench/envs/gateway/lib/python3.12/site-packages/anyio/_backends/_asyncio.py", line 2706, in run_sync_in_worker_thread
    return await future
           ^^^^^^^^^^^^
  File "/scratch/si650f26_class_root/si650f26_class/savyo/synapse-bench/envs/gateway/lib/python3.12/site-packages/anyio/_backends/_asyncio.py", line 1100, in run
    result = context.run(func, *args)
             ^^^^^^^^^^^^^^^^^^^^^^^^
  File "/gpfs/accounts/si650f26_class_root/si650f26_class/savyo/synapse-bench/repo/backend/app/auth.py", line 35, in require_api_key
    api_key = db.query(ApiKey).filter(ApiKey.key_hash == key_hash, ApiKey.revoked.is_(False)).first()
              ^^^^^^^^^^^^^^^^^^^^^^^^^^^^^^^^^^^^^^^^^^^^^^^^^^^^^^^^^^^^^^^^^^^^^^^^^^^^^^^^^^^^^^^
  File "/scratch/si650f26_class_root/si650f26_class/savyo/synapse-bench/envs/gateway/lib/python3.12/site-packages/sqlalchemy/orm/query.py", line 2728, in first
    return self.limit(1)._iter().first()  # type: ignore
           ^^^^^^^^^^^^^^^^^^^^^
  File "/scratch/si650f26_class_root/si650f26_class/savyo/synapse-bench/envs/gateway/lib/python3.12/site-packages/sqlalchemy/orm/query.py", line 2827, in _iter
    result: Union[ScalarResult[_T], Result[_T]] = self.session.execute(
                                                  ^^^^^^^^^^^^^^^^^^^^^
  File "/scratch/si650f26_class_root/si650f26_class/savyo/synapse-bench/envs/gateway/lib/python3.12/site-packages/sqlalchemy/orm/session.py", line 2362, in execute
    return self._execute_internal(
           ^^^^^^^^^^^^^^^^^^^^^^^
  File "/scratch/si650f26_class_root/si650f26_class/savyo/synapse-bench/envs/gateway/lib/python3.12/site-packages/sqlalchemy/orm/session.py", line 2237, in _execute_internal
    conn = self._connection_for_bind(bind)
           ^^^^^^^^^^^^^^^^^^^^^^^^^^^^^^^
  File "/scratch/si650f26_class_root/si650f26_class/savyo/synapse-bench/envs/gateway/lib/python3.12/site-packages/sqlalchemy/orm/session.py", line 2106, in _connection_for_bind
    return trans._connection_for_bind(engine, execution_options)
           ^^^^^^^^^^^^^^^^^^^^^^^^^^^^^^^^^^^^^^^^^^^^^^^^^^^^^
  File "<string>", line 2, in _connection_for_bind
  File "/scratch/si650f26_class_root/si650f26_class/savyo/synapse-bench/envs/gateway/lib/python3.12/site-packages/sqlalchemy/orm/state_changes.py", line 139, in _go
    ret_value = fn(self, *arg, **kw)
                ^^^^^^^^^^^^^^^^^^^^
  File "/scratch/si650f26_class_root/si650f26_class/savyo/synapse-bench/envs/gateway/lib/python3.12/site-packages/sqlalchemy/orm/session.py", line 1189, in _connection_for_bind
    conn = bind.connect()
           ^^^^^^^^^^^^^^
  File "/scratch/si650f26_class_root/si650f26_class/savyo/synapse-bench/envs/gateway/lib/python3.12/site-packages/sqlalchemy/engine/base.py", line 3278, in connect
    return self._connection_cls(self)
           ^^^^^^^^^^^^^^^^^^^^^^^^^^
  File "/scratch/si650f26_class_root/si650f26_class/savyo/synapse-bench/envs/gateway/lib/python3.12/site-packages/sqlalchemy/engine/base.py", line 146, in __init__
    self._dbapi_connection = engine.raw_connection()
                             ^^^^^^^^^^^^^^^^^^^^^^^
  File "/scratch/si650f26_class_root/si650f26_class/savyo/synapse-bench/envs/gateway/lib/python3.12/site-packages/sqlalchemy/engine/base.py", line 3302, in raw_connection
    return self.pool.connect()
           ^^^^^^^^^^^^^^^^^^^
  File "/scratch/si650f26_class_root/si650f26_class/savyo/synapse-bench/envs/gateway/lib/python3.12/site-packages/sqlalchemy/pool/base.py", line 449, in connect
    return _ConnectionFairy._checkout(self)
           ^^^^^^^^^^^^^^^^^^^^^^^^^^^^^^^^
  File "/scratch/si650f26_class_root/si650f26_class/savyo/synapse-bench/envs/gateway/lib/python3.12/site-packages/sqlalchemy/pool/base.py", line 1263, in _checkout
    fairy = _ConnectionRecord.checkout(pool)
            ^^^^^^^^^^^^^^^^^^^^^^^^^^^^^^^^
  File "/scratch/si650f26_class_root/si650f26_class/savyo/synapse-bench/envs/gateway/lib/python3.12/site-packages/sqlalchemy/pool/base.py", line 712, in checkout
    rec = pool._do_get()
          ^^^^^^^^^^^^^^
  File "/scratch/si650f26_class_root/si650f26_class/savyo/synapse-bench/envs/gateway/lib/python3.12/site-packages/sqlalchemy/pool/impl.py", line 168, in _do_get
    raise exc.TimeoutError(
sqlalchemy.exc.TimeoutError: QueuePool limit of size 5 overflow 10 reached, connection timed out, timeout 30.00 (Background on this error at: https://sqlalche.me/e/20/3o7r)
ERROR:    Exception in ASGI application
Traceback (most recent call last):
  File "/scratch/si650f26_class_root/si650f26_class/savyo/synapse-bench/envs/gateway/lib/python3.12/site-packages/uvicorn/protocols/http/httptools_impl.py", line 401, in run_asgi
    result = await app(  # type: ignore[func-returns-value]
             ^^^^^^^^^^^^^^^^^^^^^^^^^^^^^^^^^^^^^^^^^^^^^^
  File "/scratch/si650f26_class_root/si650f26_class/savyo/synapse-bench/envs/gateway/lib/python3.12/site-packages/uvicorn/middleware/proxy_headers.py", line 70, in __call__
    return await self.app(scope, receive, send)
           ^^^^^^^^^^^^^^^^^^^^^^^^^^^^^^^^^^^^
  File "/scratch/si650f26_class_root/si650f26_class/savyo/synapse-bench/envs/gateway/lib/python3.12/site-packages/fastapi/applications.py", line 1054, in __call__
    await super().__call__(scope, receive, send)
  File "/scratch/si650f26_class_root/si650f26_class/savyo/synapse-bench/envs/gateway/lib/python3.12/site-packages/starlette/applications.py", line 113, in __call__
    await self.middleware_stack(scope, receive, send)
  File "/scratch/si650f26_class_root/si650f26_class/savyo/synapse-bench/envs/gateway/lib/python3.12/site-packages/starlette/middleware/errors.py", line 187, in __call__
    raise exc
  File "/scratch/si650f26_class_root/si650f26_class/savyo/synapse-bench/envs/gateway/lib/python3.12/site-packages/starlette/middleware/errors.py", line 165, in __call__
    await self.app(scope, receive, _send)
  File "/scratch/si650f26_class_root/si650f26_class/savyo/synapse-bench/envs/gateway/lib/python3.12/site-packages/starlette/middleware/cors.py", line 85, in __call__
    await self.app(scope, receive, send)
  File "/scratch/si650f26_class_root/si650f26_class/savyo/synapse-bench/envs/gateway/lib/python3.12/site-packages/starlette/middleware/exceptions.py", line 62, in __call__
    await wrap_app_handling_exceptions(self.app, conn)(scope, receive, send)
  File "/scratch/si650f26_class_root/si650f26_class/savyo/synapse-bench/envs/gateway/lib/python3.12/site-packages/starlette/_exception_handler.py", line 62, in wrapped_app
    raise exc
  File "/scratch/si650f26_class_root/si650f26_class/savyo/synapse-bench/envs/gateway/lib/python3.12/site-packages/starlette/_exception_handler.py", line 51, in wrapped_app
    await app(scope, receive, sender)
  File "/scratch/si650f26_class_root/si650f26_class/savyo/synapse-bench/envs/gateway/lib/python3.12/site-packages/starlette/routing.py", line 715, in __call__
    await self.middleware_stack(scope, receive, send)
  File "/scratch/si650f26_class_root/si650f26_class/savyo/synapse-bench/envs/gateway/lib/python3.12/site-packages/starlette/routing.py", line 735, in app
    await route.handle(scope, receive, send)
  File "/scratch/si650f26_class_root/si650f26_class/savyo/synapse-bench/envs/gateway/lib/python3.12/site-packages/starlette/routing.py", line 288, in handle
    await self.app(scope, receive, send)
  File "/scratch/si650f26_class_root/si650f26_class/savyo/synapse-bench/envs/gateway/lib/python3.12/site-packages/starlette/routing.py", line 76, in app
    await wrap_app_handling_exceptions(app, request)(scope, receive, send)
  File "/scratch/si650f26_class_root/si650f26_class/savyo/synapse-bench/envs/gateway/lib/python3.12/site-packages/starlette/_exception_handler.py", line 62, in wrapped_app
    raise exc
  File "/scratch/si650f26_class_root/si650f26_class/savyo/synapse-bench/envs/gateway/lib/python3.12/site-packages/starlette/_exception_handler.py", line 51, in wrapped_app
    await app(scope, receive, sender)
  File "/scratch/si650f26_class_root/si650f26_class/savyo/synapse-bench/envs/gateway/lib/python3.12/site-packages/starlette/routing.py", line 73, in app
    response = await f(request)
               ^^^^^^^^^^^^^^^^
  File "/scratch/si650f26_class_root/si650f26_class/savyo/synapse-bench/envs/gateway/lib/python3.12/site-packages/fastapi/routing.py", line 291, in app
    solved_result = await solve_dependencies(
                    ^^^^^^^^^^^^^^^^^^^^^^^^^
  File "/scratch/si650f26_class_root/si650f26_class/savyo/synapse-bench/envs/gateway/lib/python3.12/site-packages/fastapi/dependencies/utils.py", line 630, in solve_dependencies
    solved = await run_in_threadpool(call, **solved_result.values)
             ^^^^^^^^^^^^^^^^^^^^^^^^^^^^^^^^^^^^^^^^^^^^^^^^^^^^^
  File "/scratch/si650f26_class_root/si650f26_class/savyo/synapse-bench/envs/gateway/lib/python3.12/site-packages/starlette/concurrency.py", line 39, in run_in_threadpool
    return await anyio.to_thread.run_sync(func, *args)
           ^^^^^^^^^^^^^^^^^^^^^^^^^^^^^^^^^^^^^^^^^^^
  File "/scratch/si650f26_class_root/si650f26_class/savyo/synapse-bench/envs/gateway/lib/python3.12/site-packages/anyio/to_thread.py", line 65, in run_sync
    return await get_async_backend().run_sync_in_worker_thread(
           ^^^^^^^^^^^^^^^^^^^^^^^^^^^^^^^^^^^^^^^^^^^^^^^^^^^^
  File "/scratch/si650f26_class_root/si650f26_class/savyo/synapse-bench/envs/gateway/lib/python3.12/site-packages/anyio/_backends/_asyncio.py", line 2706, in run_sync_in_worker_thread
    return await future
           ^^^^^^^^^^^^
  File "/scratch/si650f26_class_root/si650f26_class/savyo/synapse-bench/envs/gateway/lib/python3.12/site-packages/anyio/_backends/_asyncio.py", line 1100, in run
    result = context.run(func, *args)
             ^^^^^^^^^^^^^^^^^^^^^^^^
  File "/gpfs/accounts/si650f26_class_root/si650f26_class/savyo/synapse-bench/repo/backend/app/auth.py", line 35, in require_api_key
    api_key = db.query(ApiKey).filter(ApiKey.key_hash == key_hash, ApiKey.revoked.is_(False)).first()
              ^^^^^^^^^^^^^^^^^^^^^^^^^^^^^^^^^^^^^^^^^^^^^^^^^^^^^^^^^^^^^^^^^^^^^^^^^^^^^^^^^^^^^^^
  File "/scratch/si650f26_class_root/si650f26_class/savyo/synapse-bench/envs/gateway/lib/python3.12/site-packages/sqlalchemy/orm/query.py", line 2728, in first
    return self.limit(1)._iter().first()  # type: ignore
           ^^^^^^^^^^^^^^^^^^^^^
  File "/scratch/si650f26_class_root/si650f26_class/savyo/synapse-bench/envs/gateway/lib/python3.12/site-packages/sqlalchemy/orm/query.py", line 2827, in _iter
    result: Union[ScalarResult[_T], Result[_T]] = self.session.execute(
                                                  ^^^^^^^^^^^^^^^^^^^^^
  File "/scratch/si650f26_class_root/si650f26_class/savyo/synapse-bench/envs/gateway/lib/python3.12/site-packages/sqlalchemy/orm/session.py", line 2362, in execute
    return self._execute_internal(
           ^^^^^^^^^^^^^^^^^^^^^^^
  File "/scratch/si650f26_class_root/si650f26_class/savyo/synapse-bench/envs/gateway/lib/python3.12/site-packages/sqlalchemy/orm/session.py", line 2237, in _execute_internal
    conn = self._connection_for_bind(bind)
           ^^^^^^^^^^^^^^^^^^^^^^^^^^^^^^^
  File "/scratch/si650f26_class_root/si650f26_class/savyo/synapse-bench/envs/gateway/lib/python3.12/site-packages/sqlalchemy/orm/session.py", line 2106, in _connection_for_bind
    return trans._connection_for_bind(engine, execution_options)
           ^^^^^^^^^^^^^^^^^^^^^^^^^^^^^^^^^^^^^^^^^^^^^^^^^^^^^
  File "<string>", line 2, in _connection_for_bind
  File "/scratch/si650f26_class_root/si650f26_class/savyo/synapse-bench/envs/gateway/lib/python3.12/site-packages/sqlalchemy/orm/state_changes.py", line 139, in _go
    ret_value = fn(self, *arg, **kw)
                ^^^^^^^^^^^^^^^^^^^^
  File "/scratch/si650f26_class_root/si650f26_class/savyo/synapse-bench/envs/gateway/lib/python3.12/site-packages/sqlalchemy/orm/session.py", line 1189, in _connection_for_bind
    conn = bind.connect()
           ^^^^^^^^^^^^^^
  File "/scratch/si650f26_class_root/si650f26_class/savyo/synapse-bench/envs/gateway/lib/python3.12/site-packages/sqlalchemy/engine/base.py", line 3278, in connect
    return self._connection_cls(self)
           ^^^^^^^^^^^^^^^^^^^^^^^^^^
  File "/scratch/si650f26_class_root/si650f26_class/savyo/synapse-bench/envs/gateway/lib/python3.12/site-packages/sqlalchemy/engine/base.py", line 146, in __init__
    self._dbapi_connection = engine.raw_connection()
                             ^^^^^^^^^^^^^^^^^^^^^^^
  File "/scratch/si650f26_class_root/si650f26_class/savyo/synapse-bench/envs/gateway/lib/python3.12/site-packages/sqlalchemy/engine/base.py", line 3302, in raw_connection
    return self.pool.connect()
           ^^^^^^^^^^^^^^^^^^^
  File "/scratch/si650f26_class_root/si650f26_class/savyo/synapse-bench/envs/gateway/lib/python3.12/site-packages/sqlalchemy/pool/base.py", line 449, in connect
    return _ConnectionFairy._checkout(self)
           ^^^^^^^^^^^^^^^^^^^^^^^^^^^^^^^^
  File "/scratch/si650f26_class_root/si650f26_class/savyo/synapse-bench/envs/gateway/lib/python3.12/site-packages/sqlalchemy/pool/base.py", line 1263, in _checkout
    fairy = _ConnectionRecord.checkout(pool)
            ^^^^^^^^^^^^^^^^^^^^^^^^^^^^^^^^
  File "/scratch/si650f26_class_root/si650f26_class/savyo/synapse-bench/envs/gateway/lib/python3.12/site-packages/sqlalchemy/pool/base.py", line 712, in checkout
    rec = pool._do_get()
          ^^^^^^^^^^^^^^
  File "/scratch/si650f26_class_root/si650f26_class/savyo/synapse-bench/envs/gateway/lib/python3.12/site-packages/sqlalchemy/pool/impl.py", line 168, in _do_get
    raise exc.TimeoutError(
sqlalchemy.exc.TimeoutError: QueuePool limit of size 5 overflow 10 reached, connection timed out, timeout 30.00 (Background on this error at: https://sqlalche.me/e/20/3o7r)
ERROR:    Exception in ASGI application
Traceback (most recent call last):
  File "/scratch/si650f26_class_root/si650f26_class/savyo/synapse-bench/envs/gateway/lib/python3.12/site-packages/uvicorn/protocols/http/httptools_impl.py", line 401, in run_asgi
    result = await app(  # type: ignore[func-returns-value]
             ^^^^^^^^^^^^^^^^^^^^^^^^^^^^^^^^^^^^^^^^^^^^^^
  File "/scratch/si650f26_class_root/si650f26_class/savyo/synapse-bench/envs/gateway/lib/python3.12/site-packages/uvicorn/middleware/proxy_headers.py", line 70, in __call__
    return await self.app(scope, receive, send)
           ^^^^^^^^^^^^^^^^^^^^^^^^^^^^^^^^^^^^
  File "/scratch/si650f26_class_root/si650f26_class/savyo/synapse-bench/envs/gateway/lib/python3.12/site-packages/fastapi/applications.py", line 1054, in __call__
    await super().__call__(scope, receive, send)
  File "/scratch/si650f26_class_root/si650f26_class/savyo/synapse-bench/envs/gateway/lib/python3.12/site-packages/starlette/applications.py", line 113, in __call__
    await self.middleware_stack(scope, receive, send)
  File "/scratch/si650f26_class_root/si650f26_class/savyo/synapse-bench/envs/gateway/lib/python3.12/site-packages/starlette/middleware/errors.py", line 187, in __call__
    raise exc
  File "/scratch/si650f26_class_root/si650f26_class/savyo/synapse-bench/envs/gateway/lib/python3.12/site-packages/starlette/middleware/errors.py", line 165, in __call__
    await self.app(scope, receive, _send)
  File "/scratch/si650f26_class_root/si650f26_class/savyo/synapse-bench/envs/gateway/lib/python3.12/site-packages/starlette/middleware/cors.py", line 85, in __call__
    await self.app(scope, receive, send)
  File "/scratch/si650f26_class_root/si650f26_class/savyo/synapse-bench/envs/gateway/lib/python3.12/site-packages/starlette/middleware/exceptions.py", line 62, in __call__
    await wrap_app_handling_exceptions(self.app, conn)(scope, receive, send)
  File "/scratch/si650f26_class_root/si650f26_class/savyo/synapse-bench/envs/gateway/lib/python3.12/site-packages/starlette/_exception_handler.py", line 62, in wrapped_app
    raise exc
  File "/scratch/si650f26_class_root/si650f26_class/savyo/synapse-bench/envs/gateway/lib/python3.12/site-packages/starlette/_exception_handler.py", line 51, in wrapped_app
    await app(scope, receive, sender)
  File "/scratch/si650f26_class_root/si650f26_class/savyo/synapse-bench/envs/gateway/lib/python3.12/site-packages/starlette/routing.py", line 715, in __call__
    await self.middleware_stack(scope, receive, send)
  File "/scratch/si650f26_class_root/si650f26_class/savyo/synapse-bench/envs/gateway/lib/python3.12/site-packages/starlette/routing.py", line 735, in app
    await route.handle(scope, receive, send)
  File "/scratch/si650f26_class_root/si650f26_class/savyo/synapse-bench/envs/gateway/lib/python3.12/site-packages/starlette/routing.py", line 288, in handle
    await self.app(scope, receive, send)
  File "/scratch/si650f26_class_root/si650f26_class/savyo/synapse-bench/envs/gateway/lib/python3.12/site-packages/starlette/routing.py", line 76, in app
    await wrap_app_handling_exceptions(app, request)(scope, receive, send)
  File "/scratch/si650f26_class_root/si650f26_class/savyo/synapse-bench/envs/gateway/lib/python3.12/site-packages/starlette/_exception_handler.py", line 62, in wrapped_app
    raise exc
  File "/scratch/si650f26_class_root/si650f26_class/savyo/synapse-bench/envs/gateway/lib/python3.12/site-packages/starlette/_exception_handler.py", line 51, in wrapped_app
    await app(scope, receive, sender)
  File "/scratch/si650f26_class_root/si650f26_class/savyo/synapse-bench/envs/gateway/lib/python3.12/site-packages/starlette/routing.py", line 73, in app
    response = await f(request)
               ^^^^^^^^^^^^^^^^
  File "/scratch/si650f26_class_root/si650f26_class/savyo/synapse-bench/envs/gateway/lib/python3.12/site-packages/fastapi/routing.py", line 291, in app
    solved_result = await solve_dependencies(
                    ^^^^^^^^^^^^^^^^^^^^^^^^^
  File "/scratch/si650f26_class_root/si650f26_class/savyo/synapse-bench/envs/gateway/lib/python3.12/site-packages/fastapi/dependencies/utils.py", line 630, in solve_dependencies
    solved = await run_in_threadpool(call, **solved_result.values)
             ^^^^^^^^^^^^^^^^^^^^^^^^^^^^^^^^^^^^^^^^^^^^^^^^^^^^^
  File "/scratch/si650f26_class_root/si650f26_class/savyo/synapse-bench/envs/gateway/lib/python3.12/site-packages/starlette/concurrency.py", line 39, in run_in_threadpool
    return await anyio.to_thread.run_sync(func, *args)
           ^^^^^^^^^^^^^^^^^^^^^^^^^^^^^^^^^^^^^^^^^^^
  File "/scratch/si650f26_class_root/si650f26_class/savyo/synapse-bench/envs/gateway/lib/python3.12/site-packages/anyio/to_thread.py", line 65, in run_sync
    return await get_async_backend().run_sync_in_worker_thread(
           ^^^^^^^^^^^^^^^^^^^^^^^^^^^^^^^^^^^^^^^^^^^^^^^^^^^^
  File "/scratch/si650f26_class_root/si650f26_class/savyo/synapse-bench/envs/gateway/lib/python3.12/site-packages/anyio/_backends/_asyncio.py", line 2706, in run_sync_in_worker_thread
    return await future
           ^^^^^^^^^^^^
  File "/scratch/si650f26_class_root/si650f26_class/savyo/synapse-bench/envs/gateway/lib/python3.12/site-packages/anyio/_backends/_asyncio.py", line 1100, in run
    result = context.run(func, *args)
             ^^^^^^^^^^^^^^^^^^^^^^^^
  File "/gpfs/accounts/si650f26_class_root/si650f26_class/savyo/synapse-bench/repo/backend/app/auth.py", line 35, in require_api_key
    api_key = db.query(ApiKey).filter(ApiKey.key_hash == key_hash, ApiKey.revoked.is_(False)).first()
              ^^^^^^^^^^^^^^^^^^^^^^^^^^^^^^^^^^^^^^^^^^^^^^^^^^^^^^^^^^^^^^^^^^^^^^^^^^^^^^^^^^^^^^^
  File "/scratch/si650f26_class_root/si650f26_class/savyo/synapse-bench/envs/gateway/lib/python3.12/site-packages/sqlalchemy/orm/query.py", line 2728, in first
    return self.limit(1)._iter().first()  # type: ignore
           ^^^^^^^^^^^^^^^^^^^^^
  File "/scratch/si650f26_class_root/si650f26_class/savyo/synapse-bench/envs/gateway/lib/python3.12/site-packages/sqlalchemy/orm/query.py", line 2827, in _iter
    result: Union[ScalarResult[_T], Result[_T]] = self.session.execute(
                                                  ^^^^^^^^^^^^^^^^^^^^^
  File "/scratch/si650f26_class_root/si650f26_class/savyo/synapse-bench/envs/gateway/lib/python3.12/site-packages/sqlalchemy/orm/session.py", line 2362, in execute
    return self._execute_internal(
           ^^^^^^^^^^^^^^^^^^^^^^^
  File "/scratch/si650f26_class_root/si650f26_class/savyo/synapse-bench/envs/gateway/lib/python3.12/site-packages/sqlalchemy/orm/session.py", line 2237, in _execute_internal
    conn = self._connection_for_bind(bind)
           ^^^^^^^^^^^^^^^^^^^^^^^^^^^^^^^
  File "/scratch/si650f26_class_root/si650f26_class/savyo/synapse-bench/envs/gateway/lib/python3.12/site-packages/sqlalchemy/orm/session.py", line 2106, in _connection_for_bind
    return trans._connection_for_bind(engine, execution_options)
           ^^^^^^^^^^^^^^^^^^^^^^^^^^^^^^^^^^^^^^^^^^^^^^^^^^^^^
  File "<string>", line 2, in _connection_for_bind
  File "/scratch/si650f26_class_root/si650f26_class/savyo/synapse-bench/envs/gateway/lib/python3.12/site-packages/sqlalchemy/orm/state_changes.py", line 139, in _go
    ret_value = fn(self, *arg, **kw)
                ^^^^^^^^^^^^^^^^^^^^
  File "/scratch/si650f26_class_root/si650f26_class/savyo/synapse-bench/envs/gateway/lib/python3.12/site-packages/sqlalchemy/orm/session.py", line 1189, in _connection_for_bind
    conn = bind.connect()
           ^^^^^^^^^^^^^^
  File "/scratch/si650f26_class_root/si650f26_class/savyo/synapse-bench/envs/gateway/lib/python3.12/site-packages/sqlalchemy/engine/base.py", line 3278, in connect
    return self._connection_cls(self)
           ^^^^^^^^^^^^^^^^^^^^^^^^^^
  File "/scratch/si650f26_class_root/si650f26_class/savyo/synapse-bench/envs/gateway/lib/python3.12/site-packages/sqlalchemy/engine/base.py", line 146, in __init__
    self._dbapi_connection = engine.raw_connection()
                             ^^^^^^^^^^^^^^^^^^^^^^^
  File "/scratch/si650f26_class_root/si650f26_class/savyo/synapse-bench/envs/gateway/lib/python3.12/site-packages/sqlalchemy/engine/base.py", line 3302, in raw_connection
    return self.pool.connect()
           ^^^^^^^^^^^^^^^^^^^
  File "/scratch/si650f26_class_root/si650f26_class/savyo/synapse-bench/envs/gateway/lib/python3.12/site-packages/sqlalchemy/pool/base.py", line 449, in connect
    return _ConnectionFairy._checkout(self)
           ^^^^^^^^^^^^^^^^^^^^^^^^^^^^^^^^
  File "/scratch/si650f26_class_root/si650f26_class/savyo/synapse-bench/envs/gateway/lib/python3.12/site-packages/sqlalchemy/pool/base.py", line 1263, in _checkout
    fairy = _ConnectionRecord.checkout(pool)
            ^^^^^^^^^^^^^^^^^^^^^^^^^^^^^^^^
  File "/scratch/si650f26_class_root/si650f26_class/savyo/synapse-bench/envs/gateway/lib/python3.12/site-packages/sqlalchemy/pool/base.py", line 712, in checkout
    rec = pool._do_get()
          ^^^^^^^^^^^^^^
  File "/scratch/si650f26_class_root/si650f26_class/savyo/synapse-bench/envs/gateway/lib/python3.12/site-packages/sqlalchemy/pool/impl.py", line 168, in _do_get
    raise exc.TimeoutError(
sqlalchemy.exc.TimeoutError: QueuePool limit of size 5 overflow 10 reached, connection timed out, timeout 30.00 (Background on this error at: https://sqlalche.me/e/20/3o7r)
ERROR:    Exception in ASGI application
Traceback (most recent call last):
  File "/scratch/si650f26_class_root/si650f26_class/savyo/synapse-bench/envs/gateway/lib/python3.12/site-packages/uvicorn/protocols/http/httptools_impl.py", line 401, in run_asgi
    result = await app(  # type: ignore[func-returns-value]
             ^^^^^^^^^^^^^^^^^^^^^^^^^^^^^^^^^^^^^^^^^^^^^^
  File "/scratch/si650f26_class_root/si650f26_class/savyo/synapse-bench/envs/gateway/lib/python3.12/site-packages/uvicorn/middleware/proxy_headers.py", line 70, in __call__
    return await self.app(scope, receive, send)
           ^^^^^^^^^^^^^^^^^^^^^^^^^^^^^^^^^^^^
  File "/scratch/si650f26_class_root/si650f26_class/savyo/synapse-bench/envs/gateway/lib/python3.12/site-packages/fastapi/applications.py", line 1054, in __call__
    await super().__call__(scope, receive, send)
  File "/scratch/si650f26_class_root/si650f26_class/savyo/synapse-bench/envs/gateway/lib/python3.12/site-packages/starlette/applications.py", line 113, in __call__
    await self.middleware_stack(scope, receive, send)
  File "/scratch/si650f26_class_root/si650f26_class/savyo/synapse-bench/envs/gateway/lib/python3.12/site-packages/starlette/middleware/errors.py", line 187, in __call__
    raise exc
  File "/scratch/si650f26_class_root/si650f26_class/savyo/synapse-bench/envs/gateway/lib/python3.12/site-packages/starlette/middleware/errors.py", line 165, in __call__
    await self.app(scope, receive, _send)
  File "/scratch/si650f26_class_root/si650f26_class/savyo/synapse-bench/envs/gateway/lib/python3.12/site-packages/starlette/middleware/cors.py", line 85, in __call__
    await self.app(scope, receive, send)
  File "/scratch/si650f26_class_root/si650f26_class/savyo/synapse-bench/envs/gateway/lib/python3.12/site-packages/starlette/middleware/exceptions.py", line 62, in __call__
    await wrap_app_handling_exceptions(self.app, conn)(scope, receive, send)
  File "/scratch/si650f26_class_root/si650f26_class/savyo/synapse-bench/envs/gateway/lib/python3.12/site-packages/starlette/_exception_handler.py", line 62, in wrapped_app
    raise exc
  File "/scratch/si650f26_class_root/si650f26_class/savyo/synapse-bench/envs/gateway/lib/python3.12/site-packages/starlette/_exception_handler.py", line 51, in wrapped_app
    await app(scope, receive, sender)
  File "/scratch/si650f26_class_root/si650f26_class/savyo/synapse-bench/envs/gateway/lib/python3.12/site-packages/starlette/routing.py", line 715, in __call__
    await self.middleware_stack(scope, receive, send)
  File "/scratch/si650f26_class_root/si650f26_class/savyo/synapse-bench/envs/gateway/lib/python3.12/site-packages/starlette/routing.py", line 735, in app
    await route.handle(scope, receive, send)
  File "/scratch/si650f26_class_root/si650f26_class/savyo/synapse-bench/envs/gateway/lib/python3.12/site-packages/starlette/routing.py", line 288, in handle
    await self.app(scope, receive, send)
  File "/scratch/si650f26_class_root/si650f26_class/savyo/synapse-bench/envs/gateway/lib/python3.12/site-packages/starlette/routing.py", line 76, in app
    await wrap_app_handling_exceptions(app, request)(scope, receive, send)
  File "/scratch/si650f26_class_root/si650f26_class/savyo/synapse-bench/envs/gateway/lib/python3.12/site-packages/starlette/_exception_handler.py", line 62, in wrapped_app
    raise exc
  File "/scratch/si650f26_class_root/si650f26_class/savyo/synapse-bench/envs/gateway/lib/python3.12/site-packages/starlette/_exception_handler.py", line 51, in wrapped_app
    await app(scope, receive, sender)
  File "/scratch/si650f26_class_root/si650f26_class/savyo/synapse-bench/envs/gateway/lib/python3.12/site-packages/starlette/routing.py", line 73, in app
    response = await f(request)
               ^^^^^^^^^^^^^^^^
  File "/scratch/si650f26_class_root/si650f26_class/savyo/synapse-bench/envs/gateway/lib/python3.12/site-packages/fastapi/routing.py", line 291, in app
    solved_result = await solve_dependencies(
                    ^^^^^^^^^^^^^^^^^^^^^^^^^
  File "/scratch/si650f26_class_root/si650f26_class/savyo/synapse-bench/envs/gateway/lib/python3.12/site-packages/fastapi/dependencies/utils.py", line 630, in solve_dependencies
    solved = await run_in_threadpool(call, **solved_result.values)
             ^^^^^^^^^^^^^^^^^^^^^^^^^^^^^^^^^^^^^^^^^^^^^^^^^^^^^
  File "/scratch/si650f26_class_root/si650f26_class/savyo/synapse-bench/envs/gateway/lib/python3.12/site-packages/starlette/concurrency.py", line 39, in run_in_threadpool
    return await anyio.to_thread.run_sync(func, *args)
           ^^^^^^^^^^^^^^^^^^^^^^^^^^^^^^^^^^^^^^^^^^^
  File "/scratch/si650f26_class_root/si650f26_class/savyo/synapse-bench/envs/gateway/lib/python3.12/site-packages/anyio/to_thread.py", line 65, in run_sync
    return await get_async_backend().run_sync_in_worker_thread(
           ^^^^^^^^^^^^^^^^^^^^^^^^^^^^^^^^^^^^^^^^^^^^^^^^^^^^
  File "/scratch/si650f26_class_root/si650f26_class/savyo/synapse-bench/envs/gateway/lib/python3.12/site-packages/anyio/_backends/_asyncio.py", line 2706, in run_sync_in_worker_thread
    return await future
           ^^^^^^^^^^^^
  File "/scratch/si650f26_class_root/si650f26_class/savyo/synapse-bench/envs/gateway/lib/python3.12/site-packages/anyio/_backends/_asyncio.py", line 1100, in run
    result = context.run(func, *args)
             ^^^^^^^^^^^^^^^^^^^^^^^^
  File "/gpfs/accounts/si650f26_class_root/si650f26_class/savyo/synapse-bench/repo/backend/app/auth.py", line 35, in require_api_key
    api_key = db.query(ApiKey).filter(ApiKey.key_hash == key_hash, ApiKey.revoked.is_(False)).first()
              ^^^^^^^^^^^^^^^^^^^^^^^^^^^^^^^^^^^^^^^^^^^^^^^^^^^^^^^^^^^^^^^^^^^^^^^^^^^^^^^^^^^^^^^
  File "/scratch/si650f26_class_root/si650f26_class/savyo/synapse-bench/envs/gateway/lib/python3.12/site-packages/sqlalchemy/orm/query.py", line 2728, in first
    return self.limit(1)._iter().first()  # type: ignore
           ^^^^^^^^^^^^^^^^^^^^^
  File "/scratch/si650f26_class_root/si650f26_class/savyo/synapse-bench/envs/gateway/lib/python3.12/site-packages/sqlalchemy/orm/query.py", line 2827, in _iter
    result: Union[ScalarResult[_T], Result[_T]] = self.session.execute(
                                                  ^^^^^^^^^^^^^^^^^^^^^
  File "/scratch/si650f26_class_root/si650f26_class/savyo/synapse-bench/envs/gateway/lib/python3.12/site-packages/sqlalchemy/orm/session.py", line 2362, in execute
    return self._execute_internal(
           ^^^^^^^^^^^^^^^^^^^^^^^
  File "/scratch/si650f26_class_root/si650f26_class/savyo/synapse-bench/envs/gateway/lib/python3.12/site-packages/sqlalchemy/orm/session.py", line 2237, in _execute_internal
    conn = self._connection_for_bind(bind)
           ^^^^^^^^^^^^^^^^^^^^^^^^^^^^^^^
  File "/scratch/si650f26_class_root/si650f26_class/savyo/synapse-bench/envs/gateway/lib/python3.12/site-packages/sqlalchemy/orm/session.py", line 2106, in _connection_for_bind
    return trans._connection_for_bind(engine, execution_options)
           ^^^^^^^^^^^^^^^^^^^^^^^^^^^^^^^^^^^^^^^^^^^^^^^^^^^^^
  File "<string>", line 2, in _connection_for_bind
  File "/scratch/si650f26_class_root/si650f26_class/savyo/synapse-bench/envs/gateway/lib/python3.12/site-packages/sqlalchemy/orm/state_changes.py", line 139, in _go
    ret_value = fn(self, *arg, **kw)
                ^^^^^^^^^^^^^^^^^^^^
  File "/scratch/si650f26_class_root/si650f26_class/savyo/synapse-bench/envs/gateway/lib/python3.12/site-packages/sqlalchemy/orm/session.py", line 1189, in _connection_for_bind
    conn = bind.connect()
           ^^^^^^^^^^^^^^
  File "/scratch/si650f26_class_root/si650f26_class/savyo/synapse-bench/envs/gateway/lib/python3.12/site-packages/sqlalchemy/engine/base.py", line 3278, in connect
    return self._connection_cls(self)
           ^^^^^^^^^^^^^^^^^^^^^^^^^^
  File "/scratch/si650f26_class_root/si650f26_class/savyo/synapse-bench/envs/gateway/lib/python3.12/site-packages/sqlalchemy/engine/base.py", line 146, in __init__
    self._dbapi_connection = engine.raw_connection()
                             ^^^^^^^^^^^^^^^^^^^^^^^
  File "/scratch/si650f26_class_root/si650f26_class/savyo/synapse-bench/envs/gateway/lib/python3.12/site-packages/sqlalchemy/engine/base.py", line 3302, in raw_connection
    return self.pool.connect()
           ^^^^^^^^^^^^^^^^^^^
  File "/scratch/si650f26_class_root/si650f26_class/savyo/synapse-bench/envs/gateway/lib/python3.12/site-packages/sqlalchemy/pool/base.py", line 449, in connect
    return _ConnectionFairy._checkout(self)
           ^^^^^^^^^^^^^^^^^^^^^^^^^^^^^^^^
  File "/scratch/si650f26_class_root/si650f26_class/savyo/synapse-bench/envs/gateway/lib/python3.12/site-packages/sqlalchemy/pool/base.py", line 1263, in _checkout
    fairy = _ConnectionRecord.checkout(pool)
            ^^^^^^^^^^^^^^^^^^^^^^^^^^^^^^^^
  File "/scratch/si650f26_class_root/si650f26_class/savyo/synapse-bench/envs/gateway/lib/python3.12/site-packages/sqlalchemy/pool/base.py", line 712, in checkout
    rec = pool._do_get()
          ^^^^^^^^^^^^^^
  File "/scratch/si650f26_class_root/si650f26_class/savyo/synapse-bench/envs/gateway/lib/python3.12/site-packages/sqlalchemy/pool/impl.py", line 168, in _do_get
    raise exc.TimeoutError(
sqlalchemy.exc.TimeoutError: QueuePool limit of size 5 overflow 10 reached, connection timed out, timeout 30.00 (Background on this error at: https://sqlalche.me/e/20/3o7r)
ERROR:    Exception in ASGI application
Traceback (most recent call last):
  File "/scratch/si650f26_class_root/si650f26_class/savyo/synapse-bench/envs/gateway/lib/python3.12/site-packages/uvicorn/protocols/http/httptools_impl.py", line 401, in run_asgi
    result = await app(  # type: ignore[func-returns-value]
             ^^^^^^^^^^^^^^^^^^^^^^^^^^^^^^^^^^^^^^^^^^^^^^
  File "/scratch/si650f26_class_root/si650f26_class/savyo/synapse-bench/envs/gateway/lib/python3.12/site-packages/uvicorn/middleware/proxy_headers.py", line 70, in __call__
    return await self.app(scope, receive, send)
           ^^^^^^^^^^^^^^^^^^^^^^^^^^^^^^^^^^^^
  File "/scratch/si650f26_class_root/si650f26_class/savyo/synapse-bench/envs/gateway/lib/python3.12/site-packages/fastapi/applications.py", line 1054, in __call__
    await super().__call__(scope, receive, send)
  File "/scratch/si650f26_class_root/si650f26_class/savyo/synapse-bench/envs/gateway/lib/python3.12/site-packages/starlette/applications.py", line 113, in __call__
    await self.middleware_stack(scope, receive, send)
  File "/scratch/si650f26_class_root/si650f26_class/savyo/synapse-bench/envs/gateway/lib/python3.12/site-packages/starlette/middleware/errors.py", line 187, in __call__
    raise exc
  File "/scratch/si650f26_class_root/si650f26_class/savyo/synapse-bench/envs/gateway/lib/python3.12/site-packages/starlette/middleware/errors.py", line 165, in __call__
    await self.app(scope, receive, _send)
  File "/scratch/si650f26_class_root/si650f26_class/savyo/synapse-bench/envs/gateway/lib/python3.12/site-packages/starlette/middleware/cors.py", line 85, in __call__
    await self.app(scope, receive, send)
  File "/scratch/si650f26_class_root/si650f26_class/savyo/synapse-bench/envs/gateway/lib/python3.12/site-packages/starlette/middleware/exceptions.py", line 62, in __call__
    await wrap_app_handling_exceptions(self.app, conn)(scope, receive, send)
  File "/scratch/si650f26_class_root/si650f26_class/savyo/synapse-bench/envs/gateway/lib/python3.12/site-packages/starlette/_exception_handler.py", line 62, in wrapped_app
    raise exc
  File "/scratch/si650f26_class_root/si650f26_class/savyo/synapse-bench/envs/gateway/lib/python3.12/site-packages/starlette/_exception_handler.py", line 51, in wrapped_app
    await app(scope, receive, sender)
  File "/scratch/si650f26_class_root/si650f26_class/savyo/synapse-bench/envs/gateway/lib/python3.12/site-packages/starlette/routing.py", line 715, in __call__
    await self.middleware_stack(scope, receive, send)
  File "/scratch/si650f26_class_root/si650f26_class/savyo/synapse-bench/envs/gateway/lib/python3.12/site-packages/starlette/routing.py", line 735, in app
    await route.handle(scope, receive, send)
  File "/scratch/si650f26_class_root/si650f26_class/savyo/synapse-bench/envs/gateway/lib/python3.12/site-packages/starlette/routing.py", line 288, in handle
    await self.app(scope, receive, send)
  File "/scratch/si650f26_class_root/si650f26_class/savyo/synapse-bench/envs/gateway/lib/python3.12/site-packages/starlette/routing.py", line 76, in app
    await wrap_app_handling_exceptions(app, request)(scope, receive, send)
  File "/scratch/si650f26_class_root/si650f26_class/savyo/synapse-bench/envs/gateway/lib/python3.12/site-packages/starlette/_exception_handler.py", line 62, in wrapped_app
    raise exc
  File "/scratch/si650f26_class_root/si650f26_class/savyo/synapse-bench/envs/gateway/lib/python3.12/site-packages/starlette/_exception_handler.py", line 51, in wrapped_app
    await app(scope, receive, sender)
  File "/scratch/si650f26_class_root/si650f26_class/savyo/synapse-bench/envs/gateway/lib/python3.12/site-packages/starlette/routing.py", line 73, in app
    response = await f(request)
               ^^^^^^^^^^^^^^^^
  File "/scratch/si650f26_class_root/si650f26_class/savyo/synapse-bench/envs/gateway/lib/python3.12/site-packages/fastapi/routing.py", line 291, in app
    solved_result = await solve_dependencies(
                    ^^^^^^^^^^^^^^^^^^^^^^^^^
  File "/scratch/si650f26_class_root/si650f26_class/savyo/synapse-bench/envs/gateway/lib/python3.12/site-packages/fastapi/dependencies/utils.py", line 630, in solve_dependencies
    solved = await run_in_threadpool(call, **solved_result.values)
             ^^^^^^^^^^^^^^^^^^^^^^^^^^^^^^^^^^^^^^^^^^^^^^^^^^^^^
  File "/scratch/si650f26_class_root/si650f26_class/savyo/synapse-bench/envs/gateway/lib/python3.12/site-packages/starlette/concurrency.py", line 39, in run_in_threadpool
    return await anyio.to_thread.run_sync(func, *args)
           ^^^^^^^^^^^^^^^^^^^^^^^^^^^^^^^^^^^^^^^^^^^
  File "/scratch/si650f26_class_root/si650f26_class/savyo/synapse-bench/envs/gateway/lib/python3.12/site-packages/anyio/to_thread.py", line 65, in run_sync
    return await get_async_backend().run_sync_in_worker_thread(
           ^^^^^^^^^^^^^^^^^^^^^^^^^^^^^^^^^^^^^^^^^^^^^^^^^^^^
  File "/scratch/si650f26_class_root/si650f26_class/savyo/synapse-bench/envs/gateway/lib/python3.12/site-packages/anyio/_backends/_asyncio.py", line 2706, in run_sync_in_worker_thread
    return await future
           ^^^^^^^^^^^^
  File "/scratch/si650f26_class_root/si650f26_class/savyo/synapse-bench/envs/gateway/lib/python3.12/site-packages/anyio/_backends/_asyncio.py", line 1100, in run
    result = context.run(func, *args)
             ^^^^^^^^^^^^^^^^^^^^^^^^
  File "/gpfs/accounts/si650f26_class_root/si650f26_class/savyo/synapse-bench/repo/backend/app/auth.py", line 35, in require_api_key
    api_key = db.query(ApiKey).filter(ApiKey.key_hash == key_hash, ApiKey.revoked.is_(False)).first()
              ^^^^^^^^^^^^^^^^^^^^^^^^^^^^^^^^^^^^^^^^^^^^^^^^^^^^^^^^^^^^^^^^^^^^^^^^^^^^^^^^^^^^^^^
  File "/scratch/si650f26_class_root/si650f26_class/savyo/synapse-bench/envs/gateway/lib/python3.12/site-packages/sqlalchemy/orm/query.py", line 2728, in first
    return self.limit(1)._iter().first()  # type: ignore
           ^^^^^^^^^^^^^^^^^^^^^
  File "/scratch/si650f26_class_root/si650f26_class/savyo/synapse-bench/envs/gateway/lib/python3.12/site-packages/sqlalchemy/orm/query.py", line 2827, in _iter
    result: Union[ScalarResult[_T], Result[_T]] = self.session.execute(
                                                  ^^^^^^^^^^^^^^^^^^^^^
  File "/scratch/si650f26_class_root/si650f26_class/savyo/synapse-bench/envs/gateway/lib/python3.12/site-packages/sqlalchemy/orm/session.py", line 2362, in execute
    return self._execute_internal(
           ^^^^^^^^^^^^^^^^^^^^^^^
  File "/scratch/si650f26_class_root/si650f26_class/savyo/synapse-bench/envs/gateway/lib/python3.12/site-packages/sqlalchemy/orm/session.py", line 2237, in _execute_internal
    conn = self._connection_for_bind(bind)
           ^^^^^^^^^^^^^^^^^^^^^^^^^^^^^^^
  File "/scratch/si650f26_class_root/si650f26_class/savyo/synapse-bench/envs/gateway/lib/python3.12/site-packages/sqlalchemy/orm/session.py", line 2106, in _connection_for_bind
    return trans._connection_for_bind(engine, execution_options)
           ^^^^^^^^^^^^^^^^^^^^^^^^^^^^^^^^^^^^^^^^^^^^^^^^^^^^^
  File "<string>", line 2, in _connection_for_bind
  File "/scratch/si650f26_class_root/si650f26_class/savyo/synapse-bench/envs/gateway/lib/python3.12/site-packages/sqlalchemy/orm/state_changes.py", line 139, in _go
    ret_value = fn(self, *arg, **kw)
                ^^^^^^^^^^^^^^^^^^^^
  File "/scratch/si650f26_class_root/si650f26_class/savyo/synapse-bench/envs/gateway/lib/python3.12/site-packages/sqlalchemy/orm/session.py", line 1189, in _connection_for_bind
    conn = bind.connect()
           ^^^^^^^^^^^^^^
  File "/scratch/si650f26_class_root/si650f26_class/savyo/synapse-bench/envs/gateway/lib/python3.12/site-packages/sqlalchemy/engine/base.py", line 3278, in connect
    return self._connection_cls(self)
           ^^^^^^^^^^^^^^^^^^^^^^^^^^
  File "/scratch/si650f26_class_root/si650f26_class/savyo/synapse-bench/envs/gateway/lib/python3.12/site-packages/sqlalchemy/engine/base.py", line 146, in __init__
    self._dbapi_connection = engine.raw_connection()
                             ^^^^^^^^^^^^^^^^^^^^^^^
  File "/scratch/si650f26_class_root/si650f26_class/savyo/synapse-bench/envs/gateway/lib/python3.12/site-packages/sqlalchemy/engine/base.py", line 3302, in raw_connection
    return self.pool.connect()
           ^^^^^^^^^^^^^^^^^^^
  File "/scratch/si650f26_class_root/si650f26_class/savyo/synapse-bench/envs/gateway/lib/python3.12/site-packages/sqlalchemy/pool/base.py", line 449, in connect
    return _ConnectionFairy._checkout(self)
           ^^^^^^^^^^^^^^^^^^^^^^^^^^^^^^^^
  File "/scratch/si650f26_class_root/si650f26_class/savyo/synapse-bench/envs/gateway/lib/python3.12/site-packages/sqlalchemy/pool/base.py", line 1263, in _checkout
    fairy = _ConnectionRecord.checkout(pool)
            ^^^^^^^^^^^^^^^^^^^^^^^^^^^^^^^^
  File "/scratch/si650f26_class_root/si650f26_class/savyo/synapse-bench/envs/gateway/lib/python3.12/site-packages/sqlalchemy/pool/base.py", line 712, in checkout
    rec = pool._do_get()
          ^^^^^^^^^^^^^^
  File "/scratch/si650f26_class_root/si650f26_class/savyo/synapse-bench/envs/gateway/lib/python3.12/site-packages/sqlalchemy/pool/impl.py", line 168, in _do_get
    raise exc.TimeoutError(
sqlalchemy.exc.TimeoutError: QueuePool limit of size 5 overflow 10 reached, connection timed out, timeout 30.00 (Background on this error at: https://sqlalche.me/e/20/3o7r)
ERROR:    Exception in ASGI application
Traceback (most recent call last):
  File "/scratch/si650f26_class_root/si650f26_class/savyo/synapse-bench/envs/gateway/lib/python3.12/site-packages/uvicorn/protocols/http/httptools_impl.py", line 401, in run_asgi
    result = await app(  # type: ignore[func-returns-value]
             ^^^^^^^^^^^^^^^^^^^^^^^^^^^^^^^^^^^^^^^^^^^^^^
  File "/scratch/si650f26_class_root/si650f26_class/savyo/synapse-bench/envs/gateway/lib/python3.12/site-packages/uvicorn/middleware/proxy_headers.py", line 70, in __call__
    return await self.app(scope, receive, send)
           ^^^^^^^^^^^^^^^^^^^^^^^^^^^^^^^^^^^^
  File "/scratch/si650f26_class_root/si650f26_class/savyo/synapse-bench/envs/gateway/lib/python3.12/site-packages/fastapi/applications.py", line 1054, in __call__
    await super().__call__(scope, receive, send)
  File "/scratch/si650f26_class_root/si650f26_class/savyo/synapse-bench/envs/gateway/lib/python3.12/site-packages/starlette/applications.py", line 113, in __call__
    await self.middleware_stack(scope, receive, send)
  File "/scratch/si650f26_class_root/si650f26_class/savyo/synapse-bench/envs/gateway/lib/python3.12/site-packages/starlette/middleware/errors.py", line 187, in __call__
    raise exc
  File "/scratch/si650f26_class_root/si650f26_class/savyo/synapse-bench/envs/gateway/lib/python3.12/site-packages/starlette/middleware/errors.py", line 165, in __call__
    await self.app(scope, receive, _send)
  File "/scratch/si650f26_class_root/si650f26_class/savyo/synapse-bench/envs/gateway/lib/python3.12/site-packages/starlette/middleware/cors.py", line 85, in __call__
    await self.app(scope, receive, send)
  File "/scratch/si650f26_class_root/si650f26_class/savyo/synapse-bench/envs/gateway/lib/python3.12/site-packages/starlette/middleware/exceptions.py", line 62, in __call__
    await wrap_app_handling_exceptions(self.app, conn)(scope, receive, send)
  File "/scratch/si650f26_class_root/si650f26_class/savyo/synapse-bench/envs/gateway/lib/python3.12/site-packages/starlette/_exception_handler.py", line 62, in wrapped_app
    raise exc
  File "/scratch/si650f26_class_root/si650f26_class/savyo/synapse-bench/envs/gateway/lib/python3.12/site-packages/starlette/_exception_handler.py", line 51, in wrapped_app
    await app(scope, receive, sender)
  File "/scratch/si650f26_class_root/si650f26_class/savyo/synapse-bench/envs/gateway/lib/python3.12/site-packages/starlette/routing.py", line 715, in __call__
    await self.middleware_stack(scope, receive, send)
  File "/scratch/si650f26_class_root/si650f26_class/savyo/synapse-bench/envs/gateway/lib/python3.12/site-packages/starlette/routing.py", line 735, in app
    await route.handle(scope, receive, send)
  File "/scratch/si650f26_class_root/si650f26_class/savyo/synapse-bench/envs/gateway/lib/python3.12/site-packages/starlette/routing.py", line 288, in handle
    await self.app(scope, receive, send)
  File "/scratch/si650f26_class_root/si650f26_class/savyo/synapse-bench/envs/gateway/lib/python3.12/site-packages/starlette/routing.py", line 76, in app
    await wrap_app_handling_exceptions(app, request)(scope, receive, send)
  File "/scratch/si650f26_class_root/si650f26_class/savyo/synapse-bench/envs/gateway/lib/python3.12/site-packages/starlette/_exception_handler.py", line 62, in wrapped_app
    raise exc
  File "/scratch/si650f26_class_root/si650f26_class/savyo/synapse-bench/envs/gateway/lib/python3.12/site-packages/starlette/_exception_handler.py", line 51, in wrapped_app
    await app(scope, receive, sender)
  File "/scratch/si650f26_class_root/si650f26_class/savyo/synapse-bench/envs/gateway/lib/python3.12/site-packages/starlette/routing.py", line 73, in app
    response = await f(request)
               ^^^^^^^^^^^^^^^^
  File "/scratch/si650f26_class_root/si650f26_class/savyo/synapse-bench/envs/gateway/lib/python3.12/site-packages/fastapi/routing.py", line 291, in app
    solved_result = await solve_dependencies(
                    ^^^^^^^^^^^^^^^^^^^^^^^^^
  File "/scratch/si650f26_class_root/si650f26_class/savyo/synapse-bench/envs/gateway/lib/python3.12/site-packages/fastapi/dependencies/utils.py", line 630, in solve_dependencies
    solved = await run_in_threadpool(call, **solved_result.values)
             ^^^^^^^^^^^^^^^^^^^^^^^^^^^^^^^^^^^^^^^^^^^^^^^^^^^^^
  File "/scratch/si650f26_class_root/si650f26_class/savyo/synapse-bench/envs/gateway/lib/python3.12/site-packages/starlette/concurrency.py", line 39, in run_in_threadpool
    return await anyio.to_thread.run_sync(func, *args)
           ^^^^^^^^^^^^^^^^^^^^^^^^^^^^^^^^^^^^^^^^^^^
  File "/scratch/si650f26_class_root/si650f26_class/savyo/synapse-bench/envs/gateway/lib/python3.12/site-packages/anyio/to_thread.py", line 65, in run_sync
    return await get_async_backend().run_sync_in_worker_thread(
           ^^^^^^^^^^^^^^^^^^^^^^^^^^^^^^^^^^^^^^^^^^^^^^^^^^^^
  File "/scratch/si650f26_class_root/si650f26_class/savyo/synapse-bench/envs/gateway/lib/python3.12/site-packages/anyio/_backends/_asyncio.py", line 2706, in run_sync_in_worker_thread
    return await future
           ^^^^^^^^^^^^
  File "/scratch/si650f26_class_root/si650f26_class/savyo/synapse-bench/envs/gateway/lib/python3.12/site-packages/anyio/_backends/_asyncio.py", line 1100, in run
    result = context.run(func, *args)
             ^^^^^^^^^^^^^^^^^^^^^^^^
  File "/gpfs/accounts/si650f26_class_root/si650f26_class/savyo/synapse-bench/repo/backend/app/auth.py", line 35, in require_api_key
    api_key = db.query(ApiKey).filter(ApiKey.key_hash == key_hash, ApiKey.revoked.is_(False)).first()
              ^^^^^^^^^^^^^^^^^^^^^^^^^^^^^^^^^^^^^^^^^^^^^^^^^^^^^^^^^^^^^^^^^^^^^^^^^^^^^^^^^^^^^^^
  File "/scratch/si650f26_class_root/si650f26_class/savyo/synapse-bench/envs/gateway/lib/python3.12/site-packages/sqlalchemy/orm/query.py", line 2728, in first
    return self.limit(1)._iter().first()  # type: ignore
           ^^^^^^^^^^^^^^^^^^^^^
  File "/scratch/si650f26_class_root/si650f26_class/savyo/synapse-bench/envs/gateway/lib/python3.12/site-packages/sqlalchemy/orm/query.py", line 2827, in _iter
    result: Union[ScalarResult[_T], Result[_T]] = self.session.execute(
                                                  ^^^^^^^^^^^^^^^^^^^^^
  File "/scratch/si650f26_class_root/si650f26_class/savyo/synapse-bench/envs/gateway/lib/python3.12/site-packages/sqlalchemy/orm/session.py", line 2362, in execute
    return self._execute_internal(
           ^^^^^^^^^^^^^^^^^^^^^^^
  File "/scratch/si650f26_class_root/si650f26_class/savyo/synapse-bench/envs/gateway/lib/python3.12/site-packages/sqlalchemy/orm/session.py", line 2237, in _execute_internal
    conn = self._connection_for_bind(bind)
           ^^^^^^^^^^^^^^^^^^^^^^^^^^^^^^^
  File "/scratch/si650f26_class_root/si650f26_class/savyo/synapse-bench/envs/gateway/lib/python3.12/site-packages/sqlalchemy/orm/session.py", line 2106, in _connection_for_bind
    return trans._connection_for_bind(engine, execution_options)
           ^^^^^^^^^^^^^^^^^^^^^^^^^^^^^^^^^^^^^^^^^^^^^^^^^^^^^
  File "<string>", line 2, in _connection_for_bind
  File "/scratch/si650f26_class_root/si650f26_class/savyo/synapse-bench/envs/gateway/lib/python3.12/site-packages/sqlalchemy/orm/state_changes.py", line 139, in _go
    ret_value = fn(self, *arg, **kw)
                ^^^^^^^^^^^^^^^^^^^^
  File "/scratch/si650f26_class_root/si650f26_class/savyo/synapse-bench/envs/gateway/lib/python3.12/site-packages/sqlalchemy/orm/session.py", line 1189, in _connection_for_bind
    conn = bind.connect()
           ^^^^^^^^^^^^^^
  File "/scratch/si650f26_class_root/si650f26_class/savyo/synapse-bench/envs/gateway/lib/python3.12/site-packages/sqlalchemy/engine/base.py", line 3278, in connect
    return self._connection_cls(self)
           ^^^^^^^^^^^^^^^^^^^^^^^^^^
  File "/scratch/si650f26_class_root/si650f26_class/savyo/synapse-bench/envs/gateway/lib/python3.12/site-packages/sqlalchemy/engine/base.py", line 146, in __init__
    self._dbapi_connection = engine.raw_connection()
                             ^^^^^^^^^^^^^^^^^^^^^^^
  File "/scratch/si650f26_class_root/si650f26_class/savyo/synapse-bench/envs/gateway/lib/python3.12/site-packages/sqlalchemy/engine/base.py", line 3302, in raw_connection
    return self.pool.connect()
           ^^^^^^^^^^^^^^^^^^^
  File "/scratch/si650f26_class_root/si650f26_class/savyo/synapse-bench/envs/gateway/lib/python3.12/site-packages/sqlalchemy/pool/base.py", line 449, in connect
    return _ConnectionFairy._checkout(self)
           ^^^^^^^^^^^^^^^^^^^^^^^^^^^^^^^^
  File "/scratch/si650f26_class_root/si650f26_class/savyo/synapse-bench/envs/gateway/lib/python3.12/site-packages/sqlalchemy/pool/base.py", line 1263, in _checkout
    fairy = _ConnectionRecord.checkout(pool)
            ^^^^^^^^^^^^^^^^^^^^^^^^^^^^^^^^
  File "/scratch/si650f26_class_root/si650f26_class/savyo/synapse-bench/envs/gateway/lib/python3.12/site-packages/sqlalchemy/pool/base.py", line 712, in checkout
    rec = pool._do_get()
          ^^^^^^^^^^^^^^
  File "/scratch/si650f26_class_root/si650f26_class/savyo/synapse-bench/envs/gateway/lib/python3.12/site-packages/sqlalchemy/pool/impl.py", line 168, in _do_get
    raise exc.TimeoutError(
sqlalchemy.exc.TimeoutError: QueuePool limit of size 5 overflow 10 reached, connection timed out, timeout 30.00 (Background on this error at: https://sqlalche.me/e/20/3o7r)
ERROR:    Exception in ASGI application
Traceback (most recent call last):
  File "/scratch/si650f26_class_root/si650f26_class/savyo/synapse-bench/envs/gateway/lib/python3.12/site-packages/uvicorn/protocols/http/httptools_impl.py", line 401, in run_asgi
    result = await app(  # type: ignore[func-returns-value]
             ^^^^^^^^^^^^^^^^^^^^^^^^^^^^^^^^^^^^^^^^^^^^^^
  File "/scratch/si650f26_class_root/si650f26_class/savyo/synapse-bench/envs/gateway/lib/python3.12/site-packages/uvicorn/middleware/proxy_headers.py", line 70, in __call__
    return await self.app(scope, receive, send)
           ^^^^^^^^^^^^^^^^^^^^^^^^^^^^^^^^^^^^
  File "/scratch/si650f26_class_root/si650f26_class/savyo/synapse-bench/envs/gateway/lib/python3.12/site-packages/fastapi/applications.py", line 1054, in __call__
    await super().__call__(scope, receive, send)
  File "/scratch/si650f26_class_root/si650f26_class/savyo/synapse-bench/envs/gateway/lib/python3.12/site-packages/starlette/applications.py", line 113, in __call__
    await self.middleware_stack(scope, receive, send)
  File "/scratch/si650f26_class_root/si650f26_class/savyo/synapse-bench/envs/gateway/lib/python3.12/site-packages/starlette/middleware/errors.py", line 187, in __call__
    raise exc
  File "/scratch/si650f26_class_root/si650f26_class/savyo/synapse-bench/envs/gateway/lib/python3.12/site-packages/starlette/middleware/errors.py", line 165, in __call__
    await self.app(scope, receive, _send)
  File "/scratch/si650f26_class_root/si650f26_class/savyo/synapse-bench/envs/gateway/lib/python3.12/site-packages/starlette/middleware/cors.py", line 85, in __call__
    await self.app(scope, receive, send)
  File "/scratch/si650f26_class_root/si650f26_class/savyo/synapse-bench/envs/gateway/lib/python3.12/site-packages/starlette/middleware/exceptions.py", line 62, in __call__
    await wrap_app_handling_exceptions(self.app, conn)(scope, receive, send)
  File "/scratch/si650f26_class_root/si650f26_class/savyo/synapse-bench/envs/gateway/lib/python3.12/site-packages/starlette/_exception_handler.py", line 62, in wrapped_app
    raise exc
  File "/scratch/si650f26_class_root/si650f26_class/savyo/synapse-bench/envs/gateway/lib/python3.12/site-packages/starlette/_exception_handler.py", line 51, in wrapped_app
    await app(scope, receive, sender)
  File "/scratch/si650f26_class_root/si650f26_class/savyo/synapse-bench/envs/gateway/lib/python3.12/site-packages/starlette/routing.py", line 715, in __call__
    await self.middleware_stack(scope, receive, send)
  File "/scratch/si650f26_class_root/si650f26_class/savyo/synapse-bench/envs/gateway/lib/python3.12/site-packages/starlette/routing.py", line 735, in app
    await route.handle(scope, receive, send)
  File "/scratch/si650f26_class_root/si650f26_class/savyo/synapse-bench/envs/gateway/lib/python3.12/site-packages/starlette/routing.py", line 288, in handle
    await self.app(scope, receive, send)
  File "/scratch/si650f26_class_root/si650f26_class/savyo/synapse-bench/envs/gateway/lib/python3.12/site-packages/starlette/routing.py", line 76, in app
    await wrap_app_handling_exceptions(app, request)(scope, receive, send)
  File "/scratch/si650f26_class_root/si650f26_class/savyo/synapse-bench/envs/gateway/lib/python3.12/site-packages/starlette/_exception_handler.py", line 62, in wrapped_app
    raise exc
  File "/scratch/si650f26_class_root/si650f26_class/savyo/synapse-bench/envs/gateway/lib/python3.12/site-packages/starlette/_exception_handler.py", line 51, in wrapped_app
    await app(scope, receive, sender)
  File "/scratch/si650f26_class_root/si650f26_class/savyo/synapse-bench/envs/gateway/lib/python3.12/site-packages/starlette/routing.py", line 73, in app
    response = await f(request)
               ^^^^^^^^^^^^^^^^
  File "/scratch/si650f26_class_root/si650f26_class/savyo/synapse-bench/envs/gateway/lib/python3.12/site-packages/fastapi/routing.py", line 291, in app
    solved_result = await solve_dependencies(
                    ^^^^^^^^^^^^^^^^^^^^^^^^^
  File "/scratch/si650f26_class_root/si650f26_class/savyo/synapse-bench/envs/gateway/lib/python3.12/site-packages/fastapi/dependencies/utils.py", line 630, in solve_dependencies
    solved = await run_in_threadpool(call, **solved_result.values)
             ^^^^^^^^^^^^^^^^^^^^^^^^^^^^^^^^^^^^^^^^^^^^^^^^^^^^^
  File "/scratch/si650f26_class_root/si650f26_class/savyo/synapse-bench/envs/gateway/lib/python3.12/site-packages/starlette/concurrency.py", line 39, in run_in_threadpool
    return await anyio.to_thread.run_sync(func, *args)
           ^^^^^^^^^^^^^^^^^^^^^^^^^^^^^^^^^^^^^^^^^^^
  File "/scratch/si650f26_class_root/si650f26_class/savyo/synapse-bench/envs/gateway/lib/python3.12/site-packages/anyio/to_thread.py", line 65, in run_sync
    return await get_async_backend().run_sync_in_worker_thread(
           ^^^^^^^^^^^^^^^^^^^^^^^^^^^^^^^^^^^^^^^^^^^^^^^^^^^^
  File "/scratch/si650f26_class_root/si650f26_class/savyo/synapse-bench/envs/gateway/lib/python3.12/site-packages/anyio/_backends/_asyncio.py", line 2706, in run_sync_in_worker_thread
    return await future
           ^^^^^^^^^^^^
  File "/scratch/si650f26_class_root/si650f26_class/savyo/synapse-bench/envs/gateway/lib/python3.12/site-packages/anyio/_backends/_asyncio.py", line 1100, in run
    result = context.run(func, *args)
             ^^^^^^^^^^^^^^^^^^^^^^^^
  File "/gpfs/accounts/si650f26_class_root/si650f26_class/savyo/synapse-bench/repo/backend/app/auth.py", line 35, in require_api_key
    api_key = db.query(ApiKey).filter(ApiKey.key_hash == key_hash, ApiKey.revoked.is_(False)).first()
              ^^^^^^^^^^^^^^^^^^^^^^^^^^^^^^^^^^^^^^^^^^^^^^^^^^^^^^^^^^^^^^^^^^^^^^^^^^^^^^^^^^^^^^^
  File "/scratch/si650f26_class_root/si650f26_class/savyo/synapse-bench/envs/gateway/lib/python3.12/site-packages/sqlalchemy/orm/query.py", line 2728, in first
    return self.limit(1)._iter().first()  # type: ignore
           ^^^^^^^^^^^^^^^^^^^^^
  File "/scratch/si650f26_class_root/si650f26_class/savyo/synapse-bench/envs/gateway/lib/python3.12/site-packages/sqlalchemy/orm/query.py", line 2827, in _iter
    result: Union[ScalarResult[_T], Result[_T]] = self.session.execute(
                                                  ^^^^^^^^^^^^^^^^^^^^^
  File "/scratch/si650f26_class_root/si650f26_class/savyo/synapse-bench/envs/gateway/lib/python3.12/site-packages/sqlalchemy/orm/session.py", line 2362, in execute
    return self._execute_internal(
           ^^^^^^^^^^^^^^^^^^^^^^^
  File "/scratch/si650f26_class_root/si650f26_class/savyo/synapse-bench/envs/gateway/lib/python3.12/site-packages/sqlalchemy/orm/session.py", line 2237, in _execute_internal
    conn = self._connection_for_bind(bind)
           ^^^^^^^^^^^^^^^^^^^^^^^^^^^^^^^
  File "/scratch/si650f26_class_root/si650f26_class/savyo/synapse-bench/envs/gateway/lib/python3.12/site-packages/sqlalchemy/orm/session.py", line 2106, in _connection_for_bind
    return trans._connection_for_bind(engine, execution_options)
           ^^^^^^^^^^^^^^^^^^^^^^^^^^^^^^^^^^^^^^^^^^^^^^^^^^^^^
  File "<string>", line 2, in _connection_for_bind
  File "/scratch/si650f26_class_root/si650f26_class/savyo/synapse-bench/envs/gateway/lib/python3.12/site-packages/sqlalchemy/orm/state_changes.py", line 139, in _go
    ret_value = fn(self, *arg, **kw)
                ^^^^^^^^^^^^^^^^^^^^
  File "/scratch/si650f26_class_root/si650f26_class/savyo/synapse-bench/envs/gateway/lib/python3.12/site-packages/sqlalchemy/orm/session.py", line 1189, in _connection_for_bind
    conn = bind.connect()
           ^^^^^^^^^^^^^^
  File "/scratch/si650f26_class_root/si650f26_class/savyo/synapse-bench/envs/gateway/lib/python3.12/site-packages/sqlalchemy/engine/base.py", line 3278, in connect
    return self._connection_cls(self)
           ^^^^^^^^^^^^^^^^^^^^^^^^^^
  File "/scratch/si650f26_class_root/si650f26_class/savyo/synapse-bench/envs/gateway/lib/python3.12/site-packages/sqlalchemy/engine/base.py", line 146, in __init__
    self._dbapi_connection = engine.raw_connection()
                             ^^^^^^^^^^^^^^^^^^^^^^^
  File "/scratch/si650f26_class_root/si650f26_class/savyo/synapse-bench/envs/gateway/lib/python3.12/site-packages/sqlalchemy/engine/base.py", line 3302, in raw_connection
    return self.pool.connect()
           ^^^^^^^^^^^^^^^^^^^
  File "/scratch/si650f26_class_root/si650f26_class/savyo/synapse-bench/envs/gateway/lib/python3.12/site-packages/sqlalchemy/pool/base.py", line 449, in connect
    return _ConnectionFairy._checkout(self)
           ^^^^^^^^^^^^^^^^^^^^^^^^^^^^^^^^
  File "/scratch/si650f26_class_root/si650f26_class/savyo/synapse-bench/envs/gateway/lib/python3.12/site-packages/sqlalchemy/pool/base.py", line 1263, in _checkout
    fairy = _ConnectionRecord.checkout(pool)
            ^^^^^^^^^^^^^^^^^^^^^^^^^^^^^^^^
  File "/scratch/si650f26_class_root/si650f26_class/savyo/synapse-bench/envs/gateway/lib/python3.12/site-packages/sqlalchemy/pool/base.py", line 712, in checkout
    rec = pool._do_get()
          ^^^^^^^^^^^^^^
  File "/scratch/si650f26_class_root/si650f26_class/savyo/synapse-bench/envs/gateway/lib/python3.12/site-packages/sqlalchemy/pool/impl.py", line 168, in _do_get
    raise exc.TimeoutError(
sqlalchemy.exc.TimeoutError: QueuePool limit of size 5 overflow 10 reached, connection timed out, timeout 30.00 (Background on this error at: https://sqlalche.me/e/20/3o7r)
ERROR:    Exception in ASGI application
Traceback (most recent call last):
  File "/scratch/si650f26_class_root/si650f26_class/savyo/synapse-bench/envs/gateway/lib/python3.12/site-packages/uvicorn/protocols/http/httptools_impl.py", line 401, in run_asgi
    result = await app(  # type: ignore[func-returns-value]
             ^^^^^^^^^^^^^^^^^^^^^^^^^^^^^^^^^^^^^^^^^^^^^^
  File "/scratch/si650f26_class_root/si650f26_class/savyo/synapse-bench/envs/gateway/lib/python3.12/site-packages/uvicorn/middleware/proxy_headers.py", line 70, in __call__
    return await self.app(scope, receive, send)
           ^^^^^^^^^^^^^^^^^^^^^^^^^^^^^^^^^^^^
  File "/scratch/si650f26_class_root/si650f26_class/savyo/synapse-bench/envs/gateway/lib/python3.12/site-packages/fastapi/applications.py", line 1054, in __call__
    await super().__call__(scope, receive, send)
  File "/scratch/si650f26_class_root/si650f26_class/savyo/synapse-bench/envs/gateway/lib/python3.12/site-packages/starlette/applications.py", line 113, in __call__
    await self.middleware_stack(scope, receive, send)
  File "/scratch/si650f26_class_root/si650f26_class/savyo/synapse-bench/envs/gateway/lib/python3.12/site-packages/starlette/middleware/errors.py", line 187, in __call__
    raise exc
  File "/scratch/si650f26_class_root/si650f26_class/savyo/synapse-bench/envs/gateway/lib/python3.12/site-packages/starlette/middleware/errors.py", line 165, in __call__
    await self.app(scope, receive, _send)
  File "/scratch/si650f26_class_root/si650f26_class/savyo/synapse-bench/envs/gateway/lib/python3.12/site-packages/starlette/middleware/cors.py", line 85, in __call__
    await self.app(scope, receive, send)
  File "/scratch/si650f26_class_root/si650f26_class/savyo/synapse-bench/envs/gateway/lib/python3.12/site-packages/starlette/middleware/exceptions.py", line 62, in __call__
    await wrap_app_handling_exceptions(self.app, conn)(scope, receive, send)
  File "/scratch/si650f26_class_root/si650f26_class/savyo/synapse-bench/envs/gateway/lib/python3.12/site-packages/starlette/_exception_handler.py", line 62, in wrapped_app
    raise exc
  File "/scratch/si650f26_class_root/si650f26_class/savyo/synapse-bench/envs/gateway/lib/python3.12/site-packages/starlette/_exception_handler.py", line 51, in wrapped_app
    await app(scope, receive, sender)
  File "/scratch/si650f26_class_root/si650f26_class/savyo/synapse-bench/envs/gateway/lib/python3.12/site-packages/starlette/routing.py", line 715, in __call__
    await self.middleware_stack(scope, receive, send)
  File "/scratch/si650f26_class_root/si650f26_class/savyo/synapse-bench/envs/gateway/lib/python3.12/site-packages/starlette/routing.py", line 735, in app
    await route.handle(scope, receive, send)
  File "/scratch/si650f26_class_root/si650f26_class/savyo/synapse-bench/envs/gateway/lib/python3.12/site-packages/starlette/routing.py", line 288, in handle
    await self.app(scope, receive, send)
  File "/scratch/si650f26_class_root/si650f26_class/savyo/synapse-bench/envs/gateway/lib/python3.12/site-packages/starlette/routing.py", line 76, in app
    await wrap_app_handling_exceptions(app, request)(scope, receive, send)
  File "/scratch/si650f26_class_root/si650f26_class/savyo/synapse-bench/envs/gateway/lib/python3.12/site-packages/starlette/_exception_handler.py", line 62, in wrapped_app
    raise exc
  File "/scratch/si650f26_class_root/si650f26_class/savyo/synapse-bench/envs/gateway/lib/python3.12/site-packages/starlette/_exception_handler.py", line 51, in wrapped_app
    await app(scope, receive, sender)
  File "/scratch/si650f26_class_root/si650f26_class/savyo/synapse-bench/envs/gateway/lib/python3.12/site-packages/starlette/routing.py", line 73, in app
    response = await f(request)
               ^^^^^^^^^^^^^^^^
  File "/scratch/si650f26_class_root/si650f26_class/savyo/synapse-bench/envs/gateway/lib/python3.12/site-packages/fastapi/routing.py", line 291, in app
    solved_result = await solve_dependencies(
                    ^^^^^^^^^^^^^^^^^^^^^^^^^
  File "/scratch/si650f26_class_root/si650f26_class/savyo/synapse-bench/envs/gateway/lib/python3.12/site-packages/fastapi/dependencies/utils.py", line 630, in solve_dependencies
    solved = await run_in_threadpool(call, **solved_result.values)
             ^^^^^^^^^^^^^^^^^^^^^^^^^^^^^^^^^^^^^^^^^^^^^^^^^^^^^
  File "/scratch/si650f26_class_root/si650f26_class/savyo/synapse-bench/envs/gateway/lib/python3.12/site-packages/starlette/concurrency.py", line 39, in run_in_threadpool
    return await anyio.to_thread.run_sync(func, *args)
           ^^^^^^^^^^^^^^^^^^^^^^^^^^^^^^^^^^^^^^^^^^^
  File "/scratch/si650f26_class_root/si650f26_class/savyo/synapse-bench/envs/gateway/lib/python3.12/site-packages/anyio/to_thread.py", line 65, in run_sync
    return await get_async_backend().run_sync_in_worker_thread(
           ^^^^^^^^^^^^^^^^^^^^^^^^^^^^^^^^^^^^^^^^^^^^^^^^^^^^
  File "/scratch/si650f26_class_root/si650f26_class/savyo/synapse-bench/envs/gateway/lib/python3.12/site-packages/anyio/_backends/_asyncio.py", line 2706, in run_sync_in_worker_thread
    return await future
           ^^^^^^^^^^^^
  File "/scratch/si650f26_class_root/si650f26_class/savyo/synapse-bench/envs/gateway/lib/python3.12/site-packages/anyio/_backends/_asyncio.py", line 1100, in run
    result = context.run(func, *args)
             ^^^^^^^^^^^^^^^^^^^^^^^^
  File "/gpfs/accounts/si650f26_class_root/si650f26_class/savyo/synapse-bench/repo/backend/app/auth.py", line 35, in require_api_key
    api_key = db.query(ApiKey).filter(ApiKey.key_hash == key_hash, ApiKey.revoked.is_(False)).first()
              ^^^^^^^^^^^^^^^^^^^^^^^^^^^^^^^^^^^^^^^^^^^^^^^^^^^^^^^^^^^^^^^^^^^^^^^^^^^^^^^^^^^^^^^
  File "/scratch/si650f26_class_root/si650f26_class/savyo/synapse-bench/envs/gateway/lib/python3.12/site-packages/sqlalchemy/orm/query.py", line 2728, in first
    return self.limit(1)._iter().first()  # type: ignore
           ^^^^^^^^^^^^^^^^^^^^^
  File "/scratch/si650f26_class_root/si650f26_class/savyo/synapse-bench/envs/gateway/lib/python3.12/site-packages/sqlalchemy/orm/query.py", line 2827, in _iter
    result: Union[ScalarResult[_T], Result[_T]] = self.session.execute(
                                                  ^^^^^^^^^^^^^^^^^^^^^
  File "/scratch/si650f26_class_root/si650f26_class/savyo/synapse-bench/envs/gateway/lib/python3.12/site-packages/sqlalchemy/orm/session.py", line 2362, in execute
    return self._execute_internal(
           ^^^^^^^^^^^^^^^^^^^^^^^
  File "/scratch/si650f26_class_root/si650f26_class/savyo/synapse-bench/envs/gateway/lib/python3.12/site-packages/sqlalchemy/orm/session.py", line 2237, in _execute_internal
    conn = self._connection_for_bind(bind)
           ^^^^^^^^^^^^^^^^^^^^^^^^^^^^^^^
  File "/scratch/si650f26_class_root/si650f26_class/savyo/synapse-bench/envs/gateway/lib/python3.12/site-packages/sqlalchemy/orm/session.py", line 2106, in _connection_for_bind
    return trans._connection_for_bind(engine, execution_options)
           ^^^^^^^^^^^^^^^^^^^^^^^^^^^^^^^^^^^^^^^^^^^^^^^^^^^^^
  File "<string>", line 2, in _connection_for_bind
  File "/scratch/si650f26_class_root/si650f26_class/savyo/synapse-bench/envs/gateway/lib/python3.12/site-packages/sqlalchemy/orm/state_changes.py", line 139, in _go
    ret_value = fn(self, *arg, **kw)
                ^^^^^^^^^^^^^^^^^^^^
  File "/scratch/si650f26_class_root/si650f26_class/savyo/synapse-bench/envs/gateway/lib/python3.12/site-packages/sqlalchemy/orm/session.py", line 1189, in _connection_for_bind
    conn = bind.connect()
           ^^^^^^^^^^^^^^
  File "/scratch/si650f26_class_root/si650f26_class/savyo/synapse-bench/envs/gateway/lib/python3.12/site-packages/sqlalchemy/engine/base.py", line 3278, in connect
    return self._connection_cls(self)
           ^^^^^^^^^^^^^^^^^^^^^^^^^^
  File "/scratch/si650f26_class_root/si650f26_class/savyo/synapse-bench/envs/gateway/lib/python3.12/site-packages/sqlalchemy/engine/base.py", line 146, in __init__
    self._dbapi_connection = engine.raw_connection()
                             ^^^^^^^^^^^^^^^^^^^^^^^
  File "/scratch/si650f26_class_root/si650f26_class/savyo/synapse-bench/envs/gateway/lib/python3.12/site-packages/sqlalchemy/engine/base.py", line 3302, in raw_connection
    return self.pool.connect()
           ^^^^^^^^^^^^^^^^^^^
  File "/scratch/si650f26_class_root/si650f26_class/savyo/synapse-bench/envs/gateway/lib/python3.12/site-packages/sqlalchemy/pool/base.py", line 449, in connect
    return _ConnectionFairy._checkout(self)
           ^^^^^^^^^^^^^^^^^^^^^^^^^^^^^^^^
  File "/scratch/si650f26_class_root/si650f26_class/savyo/synapse-bench/envs/gateway/lib/python3.12/site-packages/sqlalchemy/pool/base.py", line 1263, in _checkout
    fairy = _ConnectionRecord.checkout(pool)
            ^^^^^^^^^^^^^^^^^^^^^^^^^^^^^^^^
  File "/scratch/si650f26_class_root/si650f26_class/savyo/synapse-bench/envs/gateway/lib/python3.12/site-packages/sqlalchemy/pool/base.py", line 712, in checkout
    rec = pool._do_get()
          ^^^^^^^^^^^^^^
  File "/scratch/si650f26_class_root/si650f26_class/savyo/synapse-bench/envs/gateway/lib/python3.12/site-packages/sqlalchemy/pool/impl.py", line 168, in _do_get
    raise exc.TimeoutError(
sqlalchemy.exc.TimeoutError: QueuePool limit of size 5 overflow 10 reached, connection timed out, timeout 30.00 (Background on this error at: https://sqlalche.me/e/20/3o7r)
ERROR:    Exception in ASGI application
Traceback (most recent call last):
  File "/scratch/si650f26_class_root/si650f26_class/savyo/synapse-bench/envs/gateway/lib/python3.12/site-packages/uvicorn/protocols/http/httptools_impl.py", line 401, in run_asgi
    result = await app(  # type: ignore[func-returns-value]
             ^^^^^^^^^^^^^^^^^^^^^^^^^^^^^^^^^^^^^^^^^^^^^^
  File "/scratch/si650f26_class_root/si650f26_class/savyo/synapse-bench/envs/gateway/lib/python3.12/site-packages/uvicorn/middleware/proxy_headers.py", line 70, in __call__
    return await self.app(scope, receive, send)
           ^^^^^^^^^^^^^^^^^^^^^^^^^^^^^^^^^^^^
  File "/scratch/si650f26_class_root/si650f26_class/savyo/synapse-bench/envs/gateway/lib/python3.12/site-packages/fastapi/applications.py", line 1054, in __call__
    await super().__call__(scope, receive, send)
  File "/scratch/si650f26_class_root/si650f26_class/savyo/synapse-bench/envs/gateway/lib/python3.12/site-packages/starlette/applications.py", line 113, in __call__
    await self.middleware_stack(scope, receive, send)
  File "/scratch/si650f26_class_root/si650f26_class/savyo/synapse-bench/envs/gateway/lib/python3.12/site-packages/starlette/middleware/errors.py", line 187, in __call__
    raise exc
  File "/scratch/si650f26_class_root/si650f26_class/savyo/synapse-bench/envs/gateway/lib/python3.12/site-packages/starlette/middleware/errors.py", line 165, in __call__
    await self.app(scope, receive, _send)
  File "/scratch/si650f26_class_root/si650f26_class/savyo/synapse-bench/envs/gateway/lib/python3.12/site-packages/starlette/middleware/cors.py", line 85, in __call__
    await self.app(scope, receive, send)
  File "/scratch/si650f26_class_root/si650f26_class/savyo/synapse-bench/envs/gateway/lib/python3.12/site-packages/starlette/middleware/exceptions.py", line 62, in __call__
    await wrap_app_handling_exceptions(self.app, conn)(scope, receive, send)
  File "/scratch/si650f26_class_root/si650f26_class/savyo/synapse-bench/envs/gateway/lib/python3.12/site-packages/starlette/_exception_handler.py", line 62, in wrapped_app
    raise exc
  File "/scratch/si650f26_class_root/si650f26_class/savyo/synapse-bench/envs/gateway/lib/python3.12/site-packages/starlette/_exception_handler.py", line 51, in wrapped_app
    await app(scope, receive, sender)
  File "/scratch/si650f26_class_root/si650f26_class/savyo/synapse-bench/envs/gateway/lib/python3.12/site-packages/starlette/routing.py", line 715, in __call__
    await self.middleware_stack(scope, receive, send)
  File "/scratch/si650f26_class_root/si650f26_class/savyo/synapse-bench/envs/gateway/lib/python3.12/site-packages/starlette/routing.py", line 735, in app
    await route.handle(scope, receive, send)
  File "/scratch/si650f26_class_root/si650f26_class/savyo/synapse-bench/envs/gateway/lib/python3.12/site-packages/starlette/routing.py", line 288, in handle
    await self.app(scope, receive, send)
  File "/scratch/si650f26_class_root/si650f26_class/savyo/synapse-bench/envs/gateway/lib/python3.12/site-packages/starlette/routing.py", line 76, in app
    await wrap_app_handling_exceptions(app, request)(scope, receive, send)
  File "/scratch/si650f26_class_root/si650f26_class/savyo/synapse-bench/envs/gateway/lib/python3.12/site-packages/starlette/_exception_handler.py", line 62, in wrapped_app
    raise exc
  File "/scratch/si650f26_class_root/si650f26_class/savyo/synapse-bench/envs/gateway/lib/python3.12/site-packages/starlette/_exception_handler.py", line 51, in wrapped_app
    await app(scope, receive, sender)
  File "/scratch/si650f26_class_root/si650f26_class/savyo/synapse-bench/envs/gateway/lib/python3.12/site-packages/starlette/routing.py", line 73, in app
    response = await f(request)
               ^^^^^^^^^^^^^^^^
  File "/scratch/si650f26_class_root/si650f26_class/savyo/synapse-bench/envs/gateway/lib/python3.12/site-packages/fastapi/routing.py", line 291, in app
    solved_result = await solve_dependencies(
                    ^^^^^^^^^^^^^^^^^^^^^^^^^
  File "/scratch/si650f26_class_root/si650f26_class/savyo/synapse-bench/envs/gateway/lib/python3.12/site-packages/fastapi/dependencies/utils.py", line 630, in solve_dependencies
    solved = await run_in_threadpool(call, **solved_result.values)
             ^^^^^^^^^^^^^^^^^^^^^^^^^^^^^^^^^^^^^^^^^^^^^^^^^^^^^
  File "/scratch/si650f26_class_root/si650f26_class/savyo/synapse-bench/envs/gateway/lib/python3.12/site-packages/starlette/concurrency.py", line 39, in run_in_threadpool
    return await anyio.to_thread.run_sync(func, *args)
           ^^^^^^^^^^^^^^^^^^^^^^^^^^^^^^^^^^^^^^^^^^^
  File "/scratch/si650f26_class_root/si650f26_class/savyo/synapse-bench/envs/gateway/lib/python3.12/site-packages/anyio/to_thread.py", line 65, in run_sync
    return await get_async_backend().run_sync_in_worker_thread(
           ^^^^^^^^^^^^^^^^^^^^^^^^^^^^^^^^^^^^^^^^^^^^^^^^^^^^
  File "/scratch/si650f26_class_root/si650f26_class/savyo/synapse-bench/envs/gateway/lib/python3.12/site-packages/anyio/_backends/_asyncio.py", line 2706, in run_sync_in_worker_thread
    return await future
           ^^^^^^^^^^^^
  File "/scratch/si650f26_class_root/si650f26_class/savyo/synapse-bench/envs/gateway/lib/python3.12/site-packages/anyio/_backends/_asyncio.py", line 1100, in run
    result = context.run(func, *args)
             ^^^^^^^^^^^^^^^^^^^^^^^^
  File "/gpfs/accounts/si650f26_class_root/si650f26_class/savyo/synapse-bench/repo/backend/app/auth.py", line 35, in require_api_key
    api_key = db.query(ApiKey).filter(ApiKey.key_hash == key_hash, ApiKey.revoked.is_(False)).first()
              ^^^^^^^^^^^^^^^^^^^^^^^^^^^^^^^^^^^^^^^^^^^^^^^^^^^^^^^^^^^^^^^^^^^^^^^^^^^^^^^^^^^^^^^
  File "/scratch/si650f26_class_root/si650f26_class/savyo/synapse-bench/envs/gateway/lib/python3.12/site-packages/sqlalchemy/orm/query.py", line 2728, in first
    return self.limit(1)._iter().first()  # type: ignore
           ^^^^^^^^^^^^^^^^^^^^^
  File "/scratch/si650f26_class_root/si650f26_class/savyo/synapse-bench/envs/gateway/lib/python3.12/site-packages/sqlalchemy/orm/query.py", line 2827, in _iter
    result: Union[ScalarResult[_T], Result[_T]] = self.session.execute(
                                                  ^^^^^^^^^^^^^^^^^^^^^
  File "/scratch/si650f26_class_root/si650f26_class/savyo/synapse-bench/envs/gateway/lib/python3.12/site-packages/sqlalchemy/orm/session.py", line 2362, in execute
    return self._execute_internal(
           ^^^^^^^^^^^^^^^^^^^^^^^
  File "/scratch/si650f26_class_root/si650f26_class/savyo/synapse-bench/envs/gateway/lib/python3.12/site-packages/sqlalchemy/orm/session.py", line 2237, in _execute_internal
    conn = self._connection_for_bind(bind)
           ^^^^^^^^^^^^^^^^^^^^^^^^^^^^^^^
  File "/scratch/si650f26_class_root/si650f26_class/savyo/synapse-bench/envs/gateway/lib/python3.12/site-packages/sqlalchemy/orm/session.py", line 2106, in _connection_for_bind
    return trans._connection_for_bind(engine, execution_options)
           ^^^^^^^^^^^^^^^^^^^^^^^^^^^^^^^^^^^^^^^^^^^^^^^^^^^^^
  File "<string>", line 2, in _connection_for_bind
  File "/scratch/si650f26_class_root/si650f26_class/savyo/synapse-bench/envs/gateway/lib/python3.12/site-packages/sqlalchemy/orm/state_changes.py", line 139, in _go
    ret_value = fn(self, *arg, **kw)
                ^^^^^^^^^^^^^^^^^^^^
  File "/scratch/si650f26_class_root/si650f26_class/savyo/synapse-bench/envs/gateway/lib/python3.12/site-packages/sqlalchemy/orm/session.py", line 1189, in _connection_for_bind
    conn = bind.connect()
           ^^^^^^^^^^^^^^
  File "/scratch/si650f26_class_root/si650f26_class/savyo/synapse-bench/envs/gateway/lib/python3.12/site-packages/sqlalchemy/engine/base.py", line 3278, in connect
    return self._connection_cls(self)
           ^^^^^^^^^^^^^^^^^^^^^^^^^^
  File "/scratch/si650f26_class_root/si650f26_class/savyo/synapse-bench/envs/gateway/lib/python3.12/site-packages/sqlalchemy/engine/base.py", line 146, in __init__
    self._dbapi_connection = engine.raw_connection()
                             ^^^^^^^^^^^^^^^^^^^^^^^
  File "/scratch/si650f26_class_root/si650f26_class/savyo/synapse-bench/envs/gateway/lib/python3.12/site-packages/sqlalchemy/engine/base.py", line 3302, in raw_connection
    return self.pool.connect()
           ^^^^^^^^^^^^^^^^^^^
  File "/scratch/si650f26_class_root/si650f26_class/savyo/synapse-bench/envs/gateway/lib/python3.12/site-packages/sqlalchemy/pool/base.py", line 449, in connect
    return _ConnectionFairy._checkout(self)
           ^^^^^^^^^^^^^^^^^^^^^^^^^^^^^^^^
  File "/scratch/si650f26_class_root/si650f26_class/savyo/synapse-bench/envs/gateway/lib/python3.12/site-packages/sqlalchemy/pool/base.py", line 1263, in _checkout
    fairy = _ConnectionRecord.checkout(pool)
            ^^^^^^^^^^^^^^^^^^^^^^^^^^^^^^^^
  File "/scratch/si650f26_class_root/si650f26_class/savyo/synapse-bench/envs/gateway/lib/python3.12/site-packages/sqlalchemy/pool/base.py", line 712, in checkout
    rec = pool._do_get()
          ^^^^^^^^^^^^^^
  File "/scratch/si650f26_class_root/si650f26_class/savyo/synapse-bench/envs/gateway/lib/python3.12/site-packages/sqlalchemy/pool/impl.py", line 168, in _do_get
    raise exc.TimeoutError(
sqlalchemy.exc.TimeoutError: QueuePool limit of size 5 overflow 10 reached, connection timed out, timeout 30.00 (Background on this error at: https://sqlalche.me/e/20/3o7r)
ERROR:    Exception in ASGI application
Traceback (most recent call last):
  File "/scratch/si650f26_class_root/si650f26_class/savyo/synapse-bench/envs/gateway/lib/python3.12/site-packages/uvicorn/protocols/http/httptools_impl.py", line 401, in run_asgi
    result = await app(  # type: ignore[func-returns-value]
             ^^^^^^^^^^^^^^^^^^^^^^^^^^^^^^^^^^^^^^^^^^^^^^
  File "/scratch/si650f26_class_root/si650f26_class/savyo/synapse-bench/envs/gateway/lib/python3.12/site-packages/uvicorn/middleware/proxy_headers.py", line 70, in __call__
    return await self.app(scope, receive, send)
           ^^^^^^^^^^^^^^^^^^^^^^^^^^^^^^^^^^^^
  File "/scratch/si650f26_class_root/si650f26_class/savyo/synapse-bench/envs/gateway/lib/python3.12/site-packages/fastapi/applications.py", line 1054, in __call__
    await super().__call__(scope, receive, send)
  File "/scratch/si650f26_class_root/si650f26_class/savyo/synapse-bench/envs/gateway/lib/python3.12/site-packages/starlette/applications.py", line 113, in __call__
    await self.middleware_stack(scope, receive, send)
  File "/scratch/si650f26_class_root/si650f26_class/savyo/synapse-bench/envs/gateway/lib/python3.12/site-packages/starlette/middleware/errors.py", line 187, in __call__
    raise exc
  File "/scratch/si650f26_class_root/si650f26_class/savyo/synapse-bench/envs/gateway/lib/python3.12/site-packages/starlette/middleware/errors.py", line 165, in __call__
    await self.app(scope, receive, _send)
  File "/scratch/si650f26_class_root/si650f26_class/savyo/synapse-bench/envs/gateway/lib/python3.12/site-packages/starlette/middleware/cors.py", line 85, in __call__
    await self.app(scope, receive, send)
  File "/scratch/si650f26_class_root/si650f26_class/savyo/synapse-bench/envs/gateway/lib/python3.12/site-packages/starlette/middleware/exceptions.py", line 62, in __call__
    await wrap_app_handling_exceptions(self.app, conn)(scope, receive, send)
  File "/scratch/si650f26_class_root/si650f26_class/savyo/synapse-bench/envs/gateway/lib/python3.12/site-packages/starlette/_exception_handler.py", line 62, in wrapped_app
    raise exc
  File "/scratch/si650f26_class_root/si650f26_class/savyo/synapse-bench/envs/gateway/lib/python3.12/site-packages/starlette/_exception_handler.py", line 51, in wrapped_app
    await app(scope, receive, sender)
  File "/scratch/si650f26_class_root/si650f26_class/savyo/synapse-bench/envs/gateway/lib/python3.12/site-packages/starlette/routing.py", line 715, in __call__
    await self.middleware_stack(scope, receive, send)
  File "/scratch/si650f26_class_root/si650f26_class/savyo/synapse-bench/envs/gateway/lib/python3.12/site-packages/starlette/routing.py", line 735, in app
    await route.handle(scope, receive, send)
  File "/scratch/si650f26_class_root/si650f26_class/savyo/synapse-bench/envs/gateway/lib/python3.12/site-packages/starlette/routing.py", line 288, in handle
    await self.app(scope, receive, send)
  File "/scratch/si650f26_class_root/si650f26_class/savyo/synapse-bench/envs/gateway/lib/python3.12/site-packages/starlette/routing.py", line 76, in app
    await wrap_app_handling_exceptions(app, request)(scope, receive, send)
  File "/scratch/si650f26_class_root/si650f26_class/savyo/synapse-bench/envs/gateway/lib/python3.12/site-packages/starlette/_exception_handler.py", line 62, in wrapped_app
    raise exc
  File "/scratch/si650f26_class_root/si650f26_class/savyo/synapse-bench/envs/gateway/lib/python3.12/site-packages/starlette/_exception_handler.py", line 51, in wrapped_app
    await app(scope, receive, sender)
  File "/scratch/si650f26_class_root/si650f26_class/savyo/synapse-bench/envs/gateway/lib/python3.12/site-packages/starlette/routing.py", line 73, in app
    response = await f(request)
               ^^^^^^^^^^^^^^^^
  File "/scratch/si650f26_class_root/si650f26_class/savyo/synapse-bench/envs/gateway/lib/python3.12/site-packages/fastapi/routing.py", line 291, in app
    solved_result = await solve_dependencies(
                    ^^^^^^^^^^^^^^^^^^^^^^^^^
  File "/scratch/si650f26_class_root/si650f26_class/savyo/synapse-bench/envs/gateway/lib/python3.12/site-packages/fastapi/dependencies/utils.py", line 630, in solve_dependencies
    solved = await run_in_threadpool(call, **solved_result.values)
             ^^^^^^^^^^^^^^^^^^^^^^^^^^^^^^^^^^^^^^^^^^^^^^^^^^^^^
  File "/scratch/si650f26_class_root/si650f26_class/savyo/synapse-bench/envs/gateway/lib/python3.12/site-packages/starlette/concurrency.py", line 39, in run_in_threadpool
    return await anyio.to_thread.run_sync(func, *args)
           ^^^^^^^^^^^^^^^^^^^^^^^^^^^^^^^^^^^^^^^^^^^
  File "/scratch/si650f26_class_root/si650f26_class/savyo/synapse-bench/envs/gateway/lib/python3.12/site-packages/anyio/to_thread.py", line 65, in run_sync
    return await get_async_backend().run_sync_in_worker_thread(
           ^^^^^^^^^^^^^^^^^^^^^^^^^^^^^^^^^^^^^^^^^^^^^^^^^^^^
  File "/scratch/si650f26_class_root/si650f26_class/savyo/synapse-bench/envs/gateway/lib/python3.12/site-packages/anyio/_backends/_asyncio.py", line 2706, in run_sync_in_worker_thread
    return await future
           ^^^^^^^^^^^^
  File "/scratch/si650f26_class_root/si650f26_class/savyo/synapse-bench/envs/gateway/lib/python3.12/site-packages/anyio/_backends/_asyncio.py", line 1100, in run
    result = context.run(func, *args)
             ^^^^^^^^^^^^^^^^^^^^^^^^
  File "/gpfs/accounts/si650f26_class_root/si650f26_class/savyo/synapse-bench/repo/backend/app/auth.py", line 35, in require_api_key
    api_key = db.query(ApiKey).filter(ApiKey.key_hash == key_hash, ApiKey.revoked.is_(False)).first()
              ^^^^^^^^^^^^^^^^^^^^^^^^^^^^^^^^^^^^^^^^^^^^^^^^^^^^^^^^^^^^^^^^^^^^^^^^^^^^^^^^^^^^^^^
  File "/scratch/si650f26_class_root/si650f26_class/savyo/synapse-bench/envs/gateway/lib/python3.12/site-packages/sqlalchemy/orm/query.py", line 2728, in first
    return self.limit(1)._iter().first()  # type: ignore
           ^^^^^^^^^^^^^^^^^^^^^
  File "/scratch/si650f26_class_root/si650f26_class/savyo/synapse-bench/envs/gateway/lib/python3.12/site-packages/sqlalchemy/orm/query.py", line 2827, in _iter
    result: Union[ScalarResult[_T], Result[_T]] = self.session.execute(
                                                  ^^^^^^^^^^^^^^^^^^^^^
  File "/scratch/si650f26_class_root/si650f26_class/savyo/synapse-bench/envs/gateway/lib/python3.12/site-packages/sqlalchemy/orm/session.py", line 2362, in execute
    return self._execute_internal(
           ^^^^^^^^^^^^^^^^^^^^^^^
  File "/scratch/si650f26_class_root/si650f26_class/savyo/synapse-bench/envs/gateway/lib/python3.12/site-packages/sqlalchemy/orm/session.py", line 2237, in _execute_internal
    conn = self._connection_for_bind(bind)
           ^^^^^^^^^^^^^^^^^^^^^^^^^^^^^^^
  File "/scratch/si650f26_class_root/si650f26_class/savyo/synapse-bench/envs/gateway/lib/python3.12/site-packages/sqlalchemy/orm/session.py", line 2106, in _connection_for_bind
    return trans._connection_for_bind(engine, execution_options)
           ^^^^^^^^^^^^^^^^^^^^^^^^^^^^^^^^^^^^^^^^^^^^^^^^^^^^^
  File "<string>", line 2, in _connection_for_bind
  File "/scratch/si650f26_class_root/si650f26_class/savyo/synapse-bench/envs/gateway/lib/python3.12/site-packages/sqlalchemy/orm/state_changes.py", line 139, in _go
    ret_value = fn(self, *arg, **kw)
                ^^^^^^^^^^^^^^^^^^^^
  File "/scratch/si650f26_class_root/si650f26_class/savyo/synapse-bench/envs/gateway/lib/python3.12/site-packages/sqlalchemy/orm/session.py", line 1189, in _connection_for_bind
    conn = bind.connect()
           ^^^^^^^^^^^^^^
  File "/scratch/si650f26_class_root/si650f26_class/savyo/synapse-bench/envs/gateway/lib/python3.12/site-packages/sqlalchemy/engine/base.py", line 3278, in connect
    return self._connection_cls(self)
           ^^^^^^^^^^^^^^^^^^^^^^^^^^
  File "/scratch/si650f26_class_root/si650f26_class/savyo/synapse-bench/envs/gateway/lib/python3.12/site-packages/sqlalchemy/engine/base.py", line 146, in __init__
    self._dbapi_connection = engine.raw_connection()
                             ^^^^^^^^^^^^^^^^^^^^^^^
  File "/scratch/si650f26_class_root/si650f26_class/savyo/synapse-bench/envs/gateway/lib/python3.12/site-packages/sqlalchemy/engine/base.py", line 3302, in raw_connection
    return self.pool.connect()
           ^^^^^^^^^^^^^^^^^^^
  File "/scratch/si650f26_class_root/si650f26_class/savyo/synapse-bench/envs/gateway/lib/python3.12/site-packages/sqlalchemy/pool/base.py", line 449, in connect
    return _ConnectionFairy._checkout(self)
           ^^^^^^^^^^^^^^^^^^^^^^^^^^^^^^^^
  File "/scratch/si650f26_class_root/si650f26_class/savyo/synapse-bench/envs/gateway/lib/python3.12/site-packages/sqlalchemy/pool/base.py", line 1263, in _checkout
    fairy = _ConnectionRecord.checkout(pool)
            ^^^^^^^^^^^^^^^^^^^^^^^^^^^^^^^^
  File "/scratch/si650f26_class_root/si650f26_class/savyo/synapse-bench/envs/gateway/lib/python3.12/site-packages/sqlalchemy/pool/base.py", line 712, in checkout
    rec = pool._do_get()
          ^^^^^^^^^^^^^^
  File "/scratch/si650f26_class_root/si650f26_class/savyo/synapse-bench/envs/gateway/lib/python3.12/site-packages/sqlalchemy/pool/impl.py", line 168, in _do_get
    raise exc.TimeoutError(
sqlalchemy.exc.TimeoutError: QueuePool limit of size 5 overflow 10 reached, connection timed out, timeout 30.00 (Background on this error at: https://sqlalche.me/e/20/3o7r)
ERROR:    Exception in ASGI application
Traceback (most recent call last):
  File "/scratch/si650f26_class_root/si650f26_class/savyo/synapse-bench/envs/gateway/lib/python3.12/site-packages/uvicorn/protocols/http/httptools_impl.py", line 401, in run_asgi
    result = await app(  # type: ignore[func-returns-value]
             ^^^^^^^^^^^^^^^^^^^^^^^^^^^^^^^^^^^^^^^^^^^^^^
  File "/scratch/si650f26_class_root/si650f26_class/savyo/synapse-bench/envs/gateway/lib/python3.12/site-packages/uvicorn/middleware/proxy_headers.py", line 70, in __call__
    return await self.app(scope, receive, send)
           ^^^^^^^^^^^^^^^^^^^^^^^^^^^^^^^^^^^^
  File "/scratch/si650f26_class_root/si650f26_class/savyo/synapse-bench/envs/gateway/lib/python3.12/site-packages/fastapi/applications.py", line 1054, in __call__
    await super().__call__(scope, receive, send)
  File "/scratch/si650f26_class_root/si650f26_class/savyo/synapse-bench/envs/gateway/lib/python3.12/site-packages/starlette/applications.py", line 113, in __call__
    await self.middleware_stack(scope, receive, send)
  File "/scratch/si650f26_class_root/si650f26_class/savyo/synapse-bench/envs/gateway/lib/python3.12/site-packages/starlette/middleware/errors.py", line 187, in __call__
    raise exc
  File "/scratch/si650f26_class_root/si650f26_class/savyo/synapse-bench/envs/gateway/lib/python3.12/site-packages/starlette/middleware/errors.py", line 165, in __call__
    await self.app(scope, receive, _send)
  File "/scratch/si650f26_class_root/si650f26_class/savyo/synapse-bench/envs/gateway/lib/python3.12/site-packages/starlette/middleware/cors.py", line 85, in __call__
    await self.app(scope, receive, send)
  File "/scratch/si650f26_class_root/si650f26_class/savyo/synapse-bench/envs/gateway/lib/python3.12/site-packages/starlette/middleware/exceptions.py", line 62, in __call__
    await wrap_app_handling_exceptions(self.app, conn)(scope, receive, send)
  File "/scratch/si650f26_class_root/si650f26_class/savyo/synapse-bench/envs/gateway/lib/python3.12/site-packages/starlette/_exception_handler.py", line 62, in wrapped_app
    raise exc
  File "/scratch/si650f26_class_root/si650f26_class/savyo/synapse-bench/envs/gateway/lib/python3.12/site-packages/starlette/_exception_handler.py", line 51, in wrapped_app
    await app(scope, receive, sender)
  File "/scratch/si650f26_class_root/si650f26_class/savyo/synapse-bench/envs/gateway/lib/python3.12/site-packages/starlette/routing.py", line 715, in __call__
    await self.middleware_stack(scope, receive, send)
  File "/scratch/si650f26_class_root/si650f26_class/savyo/synapse-bench/envs/gateway/lib/python3.12/site-packages/starlette/routing.py", line 735, in app
    await route.handle(scope, receive, send)
  File "/scratch/si650f26_class_root/si650f26_class/savyo/synapse-bench/envs/gateway/lib/python3.12/site-packages/starlette/routing.py", line 288, in handle
    await self.app(scope, receive, send)
  File "/scratch/si650f26_class_root/si650f26_class/savyo/synapse-bench/envs/gateway/lib/python3.12/site-packages/starlette/routing.py", line 76, in app
    await wrap_app_handling_exceptions(app, request)(scope, receive, send)
  File "/scratch/si650f26_class_root/si650f26_class/savyo/synapse-bench/envs/gateway/lib/python3.12/site-packages/starlette/_exception_handler.py", line 62, in wrapped_app
    raise exc
  File "/scratch/si650f26_class_root/si650f26_class/savyo/synapse-bench/envs/gateway/lib/python3.12/site-packages/starlette/_exception_handler.py", line 51, in wrapped_app
    await app(scope, receive, sender)
  File "/scratch/si650f26_class_root/si650f26_class/savyo/synapse-bench/envs/gateway/lib/python3.12/site-packages/starlette/routing.py", line 73, in app
    response = await f(request)
               ^^^^^^^^^^^^^^^^
  File "/scratch/si650f26_class_root/si650f26_class/savyo/synapse-bench/envs/gateway/lib/python3.12/site-packages/fastapi/routing.py", line 291, in app
    solved_result = await solve_dependencies(
                    ^^^^^^^^^^^^^^^^^^^^^^^^^
  File "/scratch/si650f26_class_root/si650f26_class/savyo/synapse-bench/envs/gateway/lib/python3.12/site-packages/fastapi/dependencies/utils.py", line 630, in solve_dependencies
    solved = await run_in_threadpool(call, **solved_result.values)
             ^^^^^^^^^^^^^^^^^^^^^^^^^^^^^^^^^^^^^^^^^^^^^^^^^^^^^
  File "/scratch/si650f26_class_root/si650f26_class/savyo/synapse-bench/envs/gateway/lib/python3.12/site-packages/starlette/concurrency.py", line 39, in run_in_threadpool
    return await anyio.to_thread.run_sync(func, *args)
           ^^^^^^^^^^^^^^^^^^^^^^^^^^^^^^^^^^^^^^^^^^^
  File "/scratch/si650f26_class_root/si650f26_class/savyo/synapse-bench/envs/gateway/lib/python3.12/site-packages/anyio/to_thread.py", line 65, in run_sync
    return await get_async_backend().run_sync_in_worker_thread(
           ^^^^^^^^^^^^^^^^^^^^^^^^^^^^^^^^^^^^^^^^^^^^^^^^^^^^
  File "/scratch/si650f26_class_root/si650f26_class/savyo/synapse-bench/envs/gateway/lib/python3.12/site-packages/anyio/_backends/_asyncio.py", line 2706, in run_sync_in_worker_thread
    return await future
           ^^^^^^^^^^^^
  File "/scratch/si650f26_class_root/si650f26_class/savyo/synapse-bench/envs/gateway/lib/python3.12/site-packages/anyio/_backends/_asyncio.py", line 1100, in run
    result = context.run(func, *args)
             ^^^^^^^^^^^^^^^^^^^^^^^^
  File "/gpfs/accounts/si650f26_class_root/si650f26_class/savyo/synapse-bench/repo/backend/app/auth.py", line 35, in require_api_key
    api_key = db.query(ApiKey).filter(ApiKey.key_hash == key_hash, ApiKey.revoked.is_(False)).first()
              ^^^^^^^^^^^^^^^^^^^^^^^^^^^^^^^^^^^^^^^^^^^^^^^^^^^^^^^^^^^^^^^^^^^^^^^^^^^^^^^^^^^^^^^
  File "/scratch/si650f26_class_root/si650f26_class/savyo/synapse-bench/envs/gateway/lib/python3.12/site-packages/sqlalchemy/orm/query.py", line 2728, in first
    return self.limit(1)._iter().first()  # type: ignore
           ^^^^^^^^^^^^^^^^^^^^^
  File "/scratch/si650f26_class_root/si650f26_class/savyo/synapse-bench/envs/gateway/lib/python3.12/site-packages/sqlalchemy/orm/query.py", line 2827, in _iter
    result: Union[ScalarResult[_T], Result[_T]] = self.session.execute(
                                                  ^^^^^^^^^^^^^^^^^^^^^
  File "/scratch/si650f26_class_root/si650f26_class/savyo/synapse-bench/envs/gateway/lib/python3.12/site-packages/sqlalchemy/orm/session.py", line 2362, in execute
    return self._execute_internal(
           ^^^^^^^^^^^^^^^^^^^^^^^
  File "/scratch/si650f26_class_root/si650f26_class/savyo/synapse-bench/envs/gateway/lib/python3.12/site-packages/sqlalchemy/orm/session.py", line 2237, in _execute_internal
    conn = self._connection_for_bind(bind)
           ^^^^^^^^^^^^^^^^^^^^^^^^^^^^^^^
  File "/scratch/si650f26_class_root/si650f26_class/savyo/synapse-bench/envs/gateway/lib/python3.12/site-packages/sqlalchemy/orm/session.py", line 2106, in _connection_for_bind
    return trans._connection_for_bind(engine, execution_options)
           ^^^^^^^^^^^^^^^^^^^^^^^^^^^^^^^^^^^^^^^^^^^^^^^^^^^^^
  File "<string>", line 2, in _connection_for_bind
  File "/scratch/si650f26_class_root/si650f26_class/savyo/synapse-bench/envs/gateway/lib/python3.12/site-packages/sqlalchemy/orm/state_changes.py", line 139, in _go
    ret_value = fn(self, *arg, **kw)
                ^^^^^^^^^^^^^^^^^^^^
  File "/scratch/si650f26_class_root/si650f26_class/savyo/synapse-bench/envs/gateway/lib/python3.12/site-packages/sqlalchemy/orm/session.py", line 1189, in _connection_for_bind
    conn = bind.connect()
           ^^^^^^^^^^^^^^
  File "/scratch/si650f26_class_root/si650f26_class/savyo/synapse-bench/envs/gateway/lib/python3.12/site-packages/sqlalchemy/engine/base.py", line 3278, in connect
    return self._connection_cls(self)
           ^^^^^^^^^^^^^^^^^^^^^^^^^^
  File "/scratch/si650f26_class_root/si650f26_class/savyo/synapse-bench/envs/gateway/lib/python3.12/site-packages/sqlalchemy/engine/base.py", line 146, in __init__
    self._dbapi_connection = engine.raw_connection()
                             ^^^^^^^^^^^^^^^^^^^^^^^
  File "/scratch/si650f26_class_root/si650f26_class/savyo/synapse-bench/envs/gateway/lib/python3.12/site-packages/sqlalchemy/engine/base.py", line 3302, in raw_connection
    return self.pool.connect()
           ^^^^^^^^^^^^^^^^^^^
  File "/scratch/si650f26_class_root/si650f26_class/savyo/synapse-bench/envs/gateway/lib/python3.12/site-packages/sqlalchemy/pool/base.py", line 449, in connect
    return _ConnectionFairy._checkout(self)
           ^^^^^^^^^^^^^^^^^^^^^^^^^^^^^^^^
  File "/scratch/si650f26_class_root/si650f26_class/savyo/synapse-bench/envs/gateway/lib/python3.12/site-packages/sqlalchemy/pool/base.py", line 1263, in _checkout
    fairy = _ConnectionRecord.checkout(pool)
            ^^^^^^^^^^^^^^^^^^^^^^^^^^^^^^^^
  File "/scratch/si650f26_class_root/si650f26_class/savyo/synapse-bench/envs/gateway/lib/python3.12/site-packages/sqlalchemy/pool/base.py", line 712, in checkout
    rec = pool._do_get()
          ^^^^^^^^^^^^^^
  File "/scratch/si650f26_class_root/si650f26_class/savyo/synapse-bench/envs/gateway/lib/python3.12/site-packages/sqlalchemy/pool/impl.py", line 168, in _do_get
    raise exc.TimeoutError(
sqlalchemy.exc.TimeoutError: QueuePool limit of size 5 overflow 10 reached, connection timed out, timeout 30.00 (Background on this error at: https://sqlalche.me/e/20/3o7r)
ERROR:    Exception in ASGI application
Traceback (most recent call last):
  File "/scratch/si650f26_class_root/si650f26_class/savyo/synapse-bench/envs/gateway/lib/python3.12/site-packages/uvicorn/protocols/http/httptools_impl.py", line 401, in run_asgi
    result = await app(  # type: ignore[func-returns-value]
             ^^^^^^^^^^^^^^^^^^^^^^^^^^^^^^^^^^^^^^^^^^^^^^
  File "/scratch/si650f26_class_root/si650f26_class/savyo/synapse-bench/envs/gateway/lib/python3.12/site-packages/uvicorn/middleware/proxy_headers.py", line 70, in __call__
    return await self.app(scope, receive, send)
           ^^^^^^^^^^^^^^^^^^^^^^^^^^^^^^^^^^^^
  File "/scratch/si650f26_class_root/si650f26_class/savyo/synapse-bench/envs/gateway/lib/python3.12/site-packages/fastapi/applications.py", line 1054, in __call__
    await super().__call__(scope, receive, send)
  File "/scratch/si650f26_class_root/si650f26_class/savyo/synapse-bench/envs/gateway/lib/python3.12/site-packages/starlette/applications.py", line 113, in __call__
    await self.middleware_stack(scope, receive, send)
  File "/scratch/si650f26_class_root/si650f26_class/savyo/synapse-bench/envs/gateway/lib/python3.12/site-packages/starlette/middleware/errors.py", line 187, in __call__
    raise exc
  File "/scratch/si650f26_class_root/si650f26_class/savyo/synapse-bench/envs/gateway/lib/python3.12/site-packages/starlette/middleware/errors.py", line 165, in __call__
    await self.app(scope, receive, _send)
  File "/scratch/si650f26_class_root/si650f26_class/savyo/synapse-bench/envs/gateway/lib/python3.12/site-packages/starlette/middleware/cors.py", line 85, in __call__
    await self.app(scope, receive, send)
  File "/scratch/si650f26_class_root/si650f26_class/savyo/synapse-bench/envs/gateway/lib/python3.12/site-packages/starlette/middleware/exceptions.py", line 62, in __call__
    await wrap_app_handling_exceptions(self.app, conn)(scope, receive, send)
  File "/scratch/si650f26_class_root/si650f26_class/savyo/synapse-bench/envs/gateway/lib/python3.12/site-packages/starlette/_exception_handler.py", line 62, in wrapped_app
    raise exc
  File "/scratch/si650f26_class_root/si650f26_class/savyo/synapse-bench/envs/gateway/lib/python3.12/site-packages/starlette/_exception_handler.py", line 51, in wrapped_app
    await app(scope, receive, sender)
  File "/scratch/si650f26_class_root/si650f26_class/savyo/synapse-bench/envs/gateway/lib/python3.12/site-packages/starlette/routing.py", line 715, in __call__
    await self.middleware_stack(scope, receive, send)
  File "/scratch/si650f26_class_root/si650f26_class/savyo/synapse-bench/envs/gateway/lib/python3.12/site-packages/starlette/routing.py", line 735, in app
    await route.handle(scope, receive, send)
  File "/scratch/si650f26_class_root/si650f26_class/savyo/synapse-bench/envs/gateway/lib/python3.12/site-packages/starlette/routing.py", line 288, in handle
    await self.app(scope, receive, send)
  File "/scratch/si650f26_class_root/si650f26_class/savyo/synapse-bench/envs/gateway/lib/python3.12/site-packages/starlette/routing.py", line 76, in app
    await wrap_app_handling_exceptions(app, request)(scope, receive, send)
  File "/scratch/si650f26_class_root/si650f26_class/savyo/synapse-bench/envs/gateway/lib/python3.12/site-packages/starlette/_exception_handler.py", line 62, in wrapped_app
    raise exc
  File "/scratch/si650f26_class_root/si650f26_class/savyo/synapse-bench/envs/gateway/lib/python3.12/site-packages/starlette/_exception_handler.py", line 51, in wrapped_app
    await app(scope, receive, sender)
  File "/scratch/si650f26_class_root/si650f26_class/savyo/synapse-bench/envs/gateway/lib/python3.12/site-packages/starlette/routing.py", line 73, in app
    response = await f(request)
               ^^^^^^^^^^^^^^^^
  File "/scratch/si650f26_class_root/si650f26_class/savyo/synapse-bench/envs/gateway/lib/python3.12/site-packages/fastapi/routing.py", line 291, in app
    solved_result = await solve_dependencies(
                    ^^^^^^^^^^^^^^^^^^^^^^^^^
  File "/scratch/si650f26_class_root/si650f26_class/savyo/synapse-bench/envs/gateway/lib/python3.12/site-packages/fastapi/dependencies/utils.py", line 630, in solve_dependencies
    solved = await run_in_threadpool(call, **solved_result.values)
             ^^^^^^^^^^^^^^^^^^^^^^^^^^^^^^^^^^^^^^^^^^^^^^^^^^^^^
  File "/scratch/si650f26_class_root/si650f26_class/savyo/synapse-bench/envs/gateway/lib/python3.12/site-packages/starlette/concurrency.py", line 39, in run_in_threadpool
    return await anyio.to_thread.run_sync(func, *args)
           ^^^^^^^^^^^^^^^^^^^^^^^^^^^^^^^^^^^^^^^^^^^
  File "/scratch/si650f26_class_root/si650f26_class/savyo/synapse-bench/envs/gateway/lib/python3.12/site-packages/anyio/to_thread.py", line 65, in run_sync
    return await get_async_backend().run_sync_in_worker_thread(
           ^^^^^^^^^^^^^^^^^^^^^^^^^^^^^^^^^^^^^^^^^^^^^^^^^^^^
  File "/scratch/si650f26_class_root/si650f26_class/savyo/synapse-bench/envs/gateway/lib/python3.12/site-packages/anyio/_backends/_asyncio.py", line 2706, in run_sync_in_worker_thread
    return await future
           ^^^^^^^^^^^^
  File "/scratch/si650f26_class_root/si650f26_class/savyo/synapse-bench/envs/gateway/lib/python3.12/site-packages/anyio/_backends/_asyncio.py", line 1100, in run
    result = context.run(func, *args)
             ^^^^^^^^^^^^^^^^^^^^^^^^
  File "/gpfs/accounts/si650f26_class_root/si650f26_class/savyo/synapse-bench/repo/backend/app/auth.py", line 35, in require_api_key
    api_key = db.query(ApiKey).filter(ApiKey.key_hash == key_hash, ApiKey.revoked.is_(False)).first()
              ^^^^^^^^^^^^^^^^^^^^^^^^^^^^^^^^^^^^^^^^^^^^^^^^^^^^^^^^^^^^^^^^^^^^^^^^^^^^^^^^^^^^^^^
  File "/scratch/si650f26_class_root/si650f26_class/savyo/synapse-bench/envs/gateway/lib/python3.12/site-packages/sqlalchemy/orm/query.py", line 2728, in first
    return self.limit(1)._iter().first()  # type: ignore
           ^^^^^^^^^^^^^^^^^^^^^
  File "/scratch/si650f26_class_root/si650f26_class/savyo/synapse-bench/envs/gateway/lib/python3.12/site-packages/sqlalchemy/orm/query.py", line 2827, in _iter
    result: Union[ScalarResult[_T], Result[_T]] = self.session.execute(
                                                  ^^^^^^^^^^^^^^^^^^^^^
  File "/scratch/si650f26_class_root/si650f26_class/savyo/synapse-bench/envs/gateway/lib/python3.12/site-packages/sqlalchemy/orm/session.py", line 2362, in execute
    return self._execute_internal(
           ^^^^^^^^^^^^^^^^^^^^^^^
  File "/scratch/si650f26_class_root/si650f26_class/savyo/synapse-bench/envs/gateway/lib/python3.12/site-packages/sqlalchemy/orm/session.py", line 2237, in _execute_internal
    conn = self._connection_for_bind(bind)
           ^^^^^^^^^^^^^^^^^^^^^^^^^^^^^^^
  File "/scratch/si650f26_class_root/si650f26_class/savyo/synapse-bench/envs/gateway/lib/python3.12/site-packages/sqlalchemy/orm/session.py", line 2106, in _connection_for_bind
    return trans._connection_for_bind(engine, execution_options)
           ^^^^^^^^^^^^^^^^^^^^^^^^^^^^^^^^^^^^^^^^^^^^^^^^^^^^^
  File "<string>", line 2, in _connection_for_bind
  File "/scratch/si650f26_class_root/si650f26_class/savyo/synapse-bench/envs/gateway/lib/python3.12/site-packages/sqlalchemy/orm/state_changes.py", line 139, in _go
    ret_value = fn(self, *arg, **kw)
                ^^^^^^^^^^^^^^^^^^^^
  File "/scratch/si650f26_class_root/si650f26_class/savyo/synapse-bench/envs/gateway/lib/python3.12/site-packages/sqlalchemy/orm/session.py", line 1189, in _connection_for_bind
    conn = bind.connect()
           ^^^^^^^^^^^^^^
  File "/scratch/si650f26_class_root/si650f26_class/savyo/synapse-bench/envs/gateway/lib/python3.12/site-packages/sqlalchemy/engine/base.py", line 3278, in connect
    return self._connection_cls(self)
           ^^^^^^^^^^^^^^^^^^^^^^^^^^
  File "/scratch/si650f26_class_root/si650f26_class/savyo/synapse-bench/envs/gateway/lib/python3.12/site-packages/sqlalchemy/engine/base.py", line 146, in __init__
    self._dbapi_connection = engine.raw_connection()
                             ^^^^^^^^^^^^^^^^^^^^^^^
  File "/scratch/si650f26_class_root/si650f26_class/savyo/synapse-bench/envs/gateway/lib/python3.12/site-packages/sqlalchemy/engine/base.py", line 3302, in raw_connection
    return self.pool.connect()
           ^^^^^^^^^^^^^^^^^^^
  File "/scratch/si650f26_class_root/si650f26_class/savyo/synapse-bench/envs/gateway/lib/python3.12/site-packages/sqlalchemy/pool/base.py", line 449, in connect
    return _ConnectionFairy._checkout(self)
           ^^^^^^^^^^^^^^^^^^^^^^^^^^^^^^^^
  File "/scratch/si650f26_class_root/si650f26_class/savyo/synapse-bench/envs/gateway/lib/python3.12/site-packages/sqlalchemy/pool/base.py", line 1263, in _checkout
    fairy = _ConnectionRecord.checkout(pool)
            ^^^^^^^^^^^^^^^^^^^^^^^^^^^^^^^^
  File "/scratch/si650f26_class_root/si650f26_class/savyo/synapse-bench/envs/gateway/lib/python3.12/site-packages/sqlalchemy/pool/base.py", line 712, in checkout
    rec = pool._do_get()
          ^^^^^^^^^^^^^^
  File "/scratch/si650f26_class_root/si650f26_class/savyo/synapse-bench/envs/gateway/lib/python3.12/site-packages/sqlalchemy/pool/impl.py", line 168, in _do_get
    raise exc.TimeoutError(
sqlalchemy.exc.TimeoutError: QueuePool limit of size 5 overflow 10 reached, connection timed out, timeout 30.00 (Background on this error at: https://sqlalche.me/e/20/3o7r)
ERROR:    Exception in ASGI application
Traceback (most recent call last):
  File "/scratch/si650f26_class_root/si650f26_class/savyo/synapse-bench/envs/gateway/lib/python3.12/site-packages/uvicorn/protocols/http/httptools_impl.py", line 401, in run_asgi
    result = await app(  # type: ignore[func-returns-value]
             ^^^^^^^^^^^^^^^^^^^^^^^^^^^^^^^^^^^^^^^^^^^^^^
  File "/scratch/si650f26_class_root/si650f26_class/savyo/synapse-bench/envs/gateway/lib/python3.12/site-packages/uvicorn/middleware/proxy_headers.py", line 70, in __call__
    return await self.app(scope, receive, send)
           ^^^^^^^^^^^^^^^^^^^^^^^^^^^^^^^^^^^^
  File "/scratch/si650f26_class_root/si650f26_class/savyo/synapse-bench/envs/gateway/lib/python3.12/site-packages/fastapi/applications.py", line 1054, in __call__
    await super().__call__(scope, receive, send)
  File "/scratch/si650f26_class_root/si650f26_class/savyo/synapse-bench/envs/gateway/lib/python3.12/site-packages/starlette/applications.py", line 113, in __call__
    await self.middleware_stack(scope, receive, send)
  File "/scratch/si650f26_class_root/si650f26_class/savyo/synapse-bench/envs/gateway/lib/python3.12/site-packages/starlette/middleware/errors.py", line 187, in __call__
    raise exc
  File "/scratch/si650f26_class_root/si650f26_class/savyo/synapse-bench/envs/gateway/lib/python3.12/site-packages/starlette/middleware/errors.py", line 165, in __call__
    await self.app(scope, receive, _send)
  File "/scratch/si650f26_class_root/si650f26_class/savyo/synapse-bench/envs/gateway/lib/python3.12/site-packages/starlette/middleware/cors.py", line 85, in __call__
    await self.app(scope, receive, send)
  File "/scratch/si650f26_class_root/si650f26_class/savyo/synapse-bench/envs/gateway/lib/python3.12/site-packages/starlette/middleware/exceptions.py", line 62, in __call__
    await wrap_app_handling_exceptions(self.app, conn)(scope, receive, send)
  File "/scratch/si650f26_class_root/si650f26_class/savyo/synapse-bench/envs/gateway/lib/python3.12/site-packages/starlette/_exception_handler.py", line 62, in wrapped_app
    raise exc
  File "/scratch/si650f26_class_root/si650f26_class/savyo/synapse-bench/envs/gateway/lib/python3.12/site-packages/starlette/_exception_handler.py", line 51, in wrapped_app
    await app(scope, receive, sender)
  File "/scratch/si650f26_class_root/si650f26_class/savyo/synapse-bench/envs/gateway/lib/python3.12/site-packages/starlette/routing.py", line 715, in __call__
    await self.middleware_stack(scope, receive, send)
  File "/scratch/si650f26_class_root/si650f26_class/savyo/synapse-bench/envs/gateway/lib/python3.12/site-packages/starlette/routing.py", line 735, in app
    await route.handle(scope, receive, send)
  File "/scratch/si650f26_class_root/si650f26_class/savyo/synapse-bench/envs/gateway/lib/python3.12/site-packages/starlette/routing.py", line 288, in handle
    await self.app(scope, receive, send)
  File "/scratch/si650f26_class_root/si650f26_class/savyo/synapse-bench/envs/gateway/lib/python3.12/site-packages/starlette/routing.py", line 76, in app
    await wrap_app_handling_exceptions(app, request)(scope, receive, send)
  File "/scratch/si650f26_class_root/si650f26_class/savyo/synapse-bench/envs/gateway/lib/python3.12/site-packages/starlette/_exception_handler.py", line 62, in wrapped_app
    raise exc
  File "/scratch/si650f26_class_root/si650f26_class/savyo/synapse-bench/envs/gateway/lib/python3.12/site-packages/starlette/_exception_handler.py", line 51, in wrapped_app
    await app(scope, receive, sender)
  File "/scratch/si650f26_class_root/si650f26_class/savyo/synapse-bench/envs/gateway/lib/python3.12/site-packages/starlette/routing.py", line 73, in app
    response = await f(request)
               ^^^^^^^^^^^^^^^^
  File "/scratch/si650f26_class_root/si650f26_class/savyo/synapse-bench/envs/gateway/lib/python3.12/site-packages/fastapi/routing.py", line 291, in app
    solved_result = await solve_dependencies(
                    ^^^^^^^^^^^^^^^^^^^^^^^^^
  File "/scratch/si650f26_class_root/si650f26_class/savyo/synapse-bench/envs/gateway/lib/python3.12/site-packages/fastapi/dependencies/utils.py", line 630, in solve_dependencies
    solved = await run_in_threadpool(call, **solved_result.values)
             ^^^^^^^^^^^^^^^^^^^^^^^^^^^^^^^^^^^^^^^^^^^^^^^^^^^^^
  File "/scratch/si650f26_class_root/si650f26_class/savyo/synapse-bench/envs/gateway/lib/python3.12/site-packages/starlette/concurrency.py", line 39, in run_in_threadpool
    return await anyio.to_thread.run_sync(func, *args)
           ^^^^^^^^^^^^^^^^^^^^^^^^^^^^^^^^^^^^^^^^^^^
  File "/scratch/si650f26_class_root/si650f26_class/savyo/synapse-bench/envs/gateway/lib/python3.12/site-packages/anyio/to_thread.py", line 65, in run_sync
    return await get_async_backend().run_sync_in_worker_thread(
           ^^^^^^^^^^^^^^^^^^^^^^^^^^^^^^^^^^^^^^^^^^^^^^^^^^^^
  File "/scratch/si650f26_class_root/si650f26_class/savyo/synapse-bench/envs/gateway/lib/python3.12/site-packages/anyio/_backends/_asyncio.py", line 2706, in run_sync_in_worker_thread
    return await future
           ^^^^^^^^^^^^
  File "/scratch/si650f26_class_root/si650f26_class/savyo/synapse-bench/envs/gateway/lib/python3.12/site-packages/anyio/_backends/_asyncio.py", line 1100, in run
    result = context.run(func, *args)
             ^^^^^^^^^^^^^^^^^^^^^^^^
  File "/gpfs/accounts/si650f26_class_root/si650f26_class/savyo/synapse-bench/repo/backend/app/auth.py", line 35, in require_api_key
    api_key = db.query(ApiKey).filter(ApiKey.key_hash == key_hash, ApiKey.revoked.is_(False)).first()
              ^^^^^^^^^^^^^^^^^^^^^^^^^^^^^^^^^^^^^^^^^^^^^^^^^^^^^^^^^^^^^^^^^^^^^^^^^^^^^^^^^^^^^^^
  File "/scratch/si650f26_class_root/si650f26_class/savyo/synapse-bench/envs/gateway/lib/python3.12/site-packages/sqlalchemy/orm/query.py", line 2728, in first
    return self.limit(1)._iter().first()  # type: ignore
           ^^^^^^^^^^^^^^^^^^^^^
  File "/scratch/si650f26_class_root/si650f26_class/savyo/synapse-bench/envs/gateway/lib/python3.12/site-packages/sqlalchemy/orm/query.py", line 2827, in _iter
    result: Union[ScalarResult[_T], Result[_T]] = self.session.execute(
                                                  ^^^^^^^^^^^^^^^^^^^^^
  File "/scratch/si650f26_class_root/si650f26_class/savyo/synapse-bench/envs/gateway/lib/python3.12/site-packages/sqlalchemy/orm/session.py", line 2362, in execute
    return self._execute_internal(
           ^^^^^^^^^^^^^^^^^^^^^^^
  File "/scratch/si650f26_class_root/si650f26_class/savyo/synapse-bench/envs/gateway/lib/python3.12/site-packages/sqlalchemy/orm/session.py", line 2237, in _execute_internal
    conn = self._connection_for_bind(bind)
           ^^^^^^^^^^^^^^^^^^^^^^^^^^^^^^^
  File "/scratch/si650f26_class_root/si650f26_class/savyo/synapse-bench/envs/gateway/lib/python3.12/site-packages/sqlalchemy/orm/session.py", line 2106, in _connection_for_bind
    return trans._connection_for_bind(engine, execution_options)
           ^^^^^^^^^^^^^^^^^^^^^^^^^^^^^^^^^^^^^^^^^^^^^^^^^^^^^
  File "<string>", line 2, in _connection_for_bind
  File "/scratch/si650f26_class_root/si650f26_class/savyo/synapse-bench/envs/gateway/lib/python3.12/site-packages/sqlalchemy/orm/state_changes.py", line 139, in _go
    ret_value = fn(self, *arg, **kw)
                ^^^^^^^^^^^^^^^^^^^^
  File "/scratch/si650f26_class_root/si650f26_class/savyo/synapse-bench/envs/gateway/lib/python3.12/site-packages/sqlalchemy/orm/session.py", line 1189, in _connection_for_bind
    conn = bind.connect()
           ^^^^^^^^^^^^^^
  File "/scratch/si650f26_class_root/si650f26_class/savyo/synapse-bench/envs/gateway/lib/python3.12/site-packages/sqlalchemy/engine/base.py", line 3278, in connect
    return self._connection_cls(self)
           ^^^^^^^^^^^^^^^^^^^^^^^^^^
  File "/scratch/si650f26_class_root/si650f26_class/savyo/synapse-bench/envs/gateway/lib/python3.12/site-packages/sqlalchemy/engine/base.py", line 146, in __init__
    self._dbapi_connection = engine.raw_connection()
                             ^^^^^^^^^^^^^^^^^^^^^^^
  File "/scratch/si650f26_class_root/si650f26_class/savyo/synapse-bench/envs/gateway/lib/python3.12/site-packages/sqlalchemy/engine/base.py", line 3302, in raw_connection
    return self.pool.connect()
           ^^^^^^^^^^^^^^^^^^^
  File "/scratch/si650f26_class_root/si650f26_class/savyo/synapse-bench/envs/gateway/lib/python3.12/site-packages/sqlalchemy/pool/base.py", line 449, in connect
    return _ConnectionFairy._checkout(self)
           ^^^^^^^^^^^^^^^^^^^^^^^^^^^^^^^^
  File "/scratch/si650f26_class_root/si650f26_class/savyo/synapse-bench/envs/gateway/lib/python3.12/site-packages/sqlalchemy/pool/base.py", line 1263, in _checkout
    fairy = _ConnectionRecord.checkout(pool)
            ^^^^^^^^^^^^^^^^^^^^^^^^^^^^^^^^
  File "/scratch/si650f26_class_root/si650f26_class/savyo/synapse-bench/envs/gateway/lib/python3.12/site-packages/sqlalchemy/pool/base.py", line 712, in checkout
    rec = pool._do_get()
          ^^^^^^^^^^^^^^
  File "/scratch/si650f26_class_root/si650f26_class/savyo/synapse-bench/envs/gateway/lib/python3.12/site-packages/sqlalchemy/pool/impl.py", line 168, in _do_get
    raise exc.TimeoutError(
sqlalchemy.exc.TimeoutError: QueuePool limit of size 5 overflow 10 reached, connection timed out, timeout 30.00 (Background on this error at: https://sqlalche.me/e/20/3o7r)
ERROR:    Exception in ASGI application
Traceback (most recent call last):
  File "/scratch/si650f26_class_root/si650f26_class/savyo/synapse-bench/envs/gateway/lib/python3.12/site-packages/uvicorn/protocols/http/httptools_impl.py", line 401, in run_asgi
    result = await app(  # type: ignore[func-returns-value]
             ^^^^^^^^^^^^^^^^^^^^^^^^^^^^^^^^^^^^^^^^^^^^^^
  File "/scratch/si650f26_class_root/si650f26_class/savyo/synapse-bench/envs/gateway/lib/python3.12/site-packages/uvicorn/middleware/proxy_headers.py", line 70, in __call__
    return await self.app(scope, receive, send)
           ^^^^^^^^^^^^^^^^^^^^^^^^^^^^^^^^^^^^
  File "/scratch/si650f26_class_root/si650f26_class/savyo/synapse-bench/envs/gateway/lib/python3.12/site-packages/fastapi/applications.py", line 1054, in __call__
    await super().__call__(scope, receive, send)
  File "/scratch/si650f26_class_root/si650f26_class/savyo/synapse-bench/envs/gateway/lib/python3.12/site-packages/starlette/applications.py", line 113, in __call__
    await self.middleware_stack(scope, receive, send)
  File "/scratch/si650f26_class_root/si650f26_class/savyo/synapse-bench/envs/gateway/lib/python3.12/site-packages/starlette/middleware/errors.py", line 187, in __call__
    raise exc
  File "/scratch/si650f26_class_root/si650f26_class/savyo/synapse-bench/envs/gateway/lib/python3.12/site-packages/starlette/middleware/errors.py", line 165, in __call__
    await self.app(scope, receive, _send)
  File "/scratch/si650f26_class_root/si650f26_class/savyo/synapse-bench/envs/gateway/lib/python3.12/site-packages/starlette/middleware/cors.py", line 85, in __call__
    await self.app(scope, receive, send)
  File "/scratch/si650f26_class_root/si650f26_class/savyo/synapse-bench/envs/gateway/lib/python3.12/site-packages/starlette/middleware/exceptions.py", line 62, in __call__
    await wrap_app_handling_exceptions(self.app, conn)(scope, receive, send)
  File "/scratch/si650f26_class_root/si650f26_class/savyo/synapse-bench/envs/gateway/lib/python3.12/site-packages/starlette/_exception_handler.py", line 62, in wrapped_app
    raise exc
  File "/scratch/si650f26_class_root/si650f26_class/savyo/synapse-bench/envs/gateway/lib/python3.12/site-packages/starlette/_exception_handler.py", line 51, in wrapped_app
    await app(scope, receive, sender)
  File "/scratch/si650f26_class_root/si650f26_class/savyo/synapse-bench/envs/gateway/lib/python3.12/site-packages/starlette/routing.py", line 715, in __call__
    await self.middleware_stack(scope, receive, send)
  File "/scratch/si650f26_class_root/si650f26_class/savyo/synapse-bench/envs/gateway/lib/python3.12/site-packages/starlette/routing.py", line 735, in app
    await route.handle(scope, receive, send)
  File "/scratch/si650f26_class_root/si650f26_class/savyo/synapse-bench/envs/gateway/lib/python3.12/site-packages/starlette/routing.py", line 288, in handle
    await self.app(scope, receive, send)
  File "/scratch/si650f26_class_root/si650f26_class/savyo/synapse-bench/envs/gateway/lib/python3.12/site-packages/starlette/routing.py", line 76, in app
    await wrap_app_handling_exceptions(app, request)(scope, receive, send)
  File "/scratch/si650f26_class_root/si650f26_class/savyo/synapse-bench/envs/gateway/lib/python3.12/site-packages/starlette/_exception_handler.py", line 62, in wrapped_app
    raise exc
  File "/scratch/si650f26_class_root/si650f26_class/savyo/synapse-bench/envs/gateway/lib/python3.12/site-packages/starlette/_exception_handler.py", line 51, in wrapped_app
    await app(scope, receive, sender)
  File "/scratch/si650f26_class_root/si650f26_class/savyo/synapse-bench/envs/gateway/lib/python3.12/site-packages/starlette/routing.py", line 73, in app
    response = await f(request)
               ^^^^^^^^^^^^^^^^
  File "/scratch/si650f26_class_root/si650f26_class/savyo/synapse-bench/envs/gateway/lib/python3.12/site-packages/fastapi/routing.py", line 291, in app
    solved_result = await solve_dependencies(
                    ^^^^^^^^^^^^^^^^^^^^^^^^^
  File "/scratch/si650f26_class_root/si650f26_class/savyo/synapse-bench/envs/gateway/lib/python3.12/site-packages/fastapi/dependencies/utils.py", line 630, in solve_dependencies
    solved = await run_in_threadpool(call, **solved_result.values)
             ^^^^^^^^^^^^^^^^^^^^^^^^^^^^^^^^^^^^^^^^^^^^^^^^^^^^^
  File "/scratch/si650f26_class_root/si650f26_class/savyo/synapse-bench/envs/gateway/lib/python3.12/site-packages/starlette/concurrency.py", line 39, in run_in_threadpool
    return await anyio.to_thread.run_sync(func, *args)
           ^^^^^^^^^^^^^^^^^^^^^^^^^^^^^^^^^^^^^^^^^^^
  File "/scratch/si650f26_class_root/si650f26_class/savyo/synapse-bench/envs/gateway/lib/python3.12/site-packages/anyio/to_thread.py", line 65, in run_sync
    return await get_async_backend().run_sync_in_worker_thread(
           ^^^^^^^^^^^^^^^^^^^^^^^^^^^^^^^^^^^^^^^^^^^^^^^^^^^^
  File "/scratch/si650f26_class_root/si650f26_class/savyo/synapse-bench/envs/gateway/lib/python3.12/site-packages/anyio/_backends/_asyncio.py", line 2706, in run_sync_in_worker_thread
    return await future
           ^^^^^^^^^^^^
  File "/scratch/si650f26_class_root/si650f26_class/savyo/synapse-bench/envs/gateway/lib/python3.12/site-packages/anyio/_backends/_asyncio.py", line 1100, in run
    result = context.run(func, *args)
             ^^^^^^^^^^^^^^^^^^^^^^^^
  File "/gpfs/accounts/si650f26_class_root/si650f26_class/savyo/synapse-bench/repo/backend/app/auth.py", line 35, in require_api_key
    api_key = db.query(ApiKey).filter(ApiKey.key_hash == key_hash, ApiKey.revoked.is_(False)).first()
              ^^^^^^^^^^^^^^^^^^^^^^^^^^^^^^^^^^^^^^^^^^^^^^^^^^^^^^^^^^^^^^^^^^^^^^^^^^^^^^^^^^^^^^^
  File "/scratch/si650f26_class_root/si650f26_class/savyo/synapse-bench/envs/gateway/lib/python3.12/site-packages/sqlalchemy/orm/query.py", line 2728, in first
    return self.limit(1)._iter().first()  # type: ignore
           ^^^^^^^^^^^^^^^^^^^^^
  File "/scratch/si650f26_class_root/si650f26_class/savyo/synapse-bench/envs/gateway/lib/python3.12/site-packages/sqlalchemy/orm/query.py", line 2827, in _iter
    result: Union[ScalarResult[_T], Result[_T]] = self.session.execute(
                                                  ^^^^^^^^^^^^^^^^^^^^^
  File "/scratch/si650f26_class_root/si650f26_class/savyo/synapse-bench/envs/gateway/lib/python3.12/site-packages/sqlalchemy/orm/session.py", line 2362, in execute
    return self._execute_internal(
           ^^^^^^^^^^^^^^^^^^^^^^^
  File "/scratch/si650f26_class_root/si650f26_class/savyo/synapse-bench/envs/gateway/lib/python3.12/site-packages/sqlalchemy/orm/session.py", line 2237, in _execute_internal
    conn = self._connection_for_bind(bind)
           ^^^^^^^^^^^^^^^^^^^^^^^^^^^^^^^
  File "/scratch/si650f26_class_root/si650f26_class/savyo/synapse-bench/envs/gateway/lib/python3.12/site-packages/sqlalchemy/orm/session.py", line 2106, in _connection_for_bind
    return trans._connection_for_bind(engine, execution_options)
           ^^^^^^^^^^^^^^^^^^^^^^^^^^^^^^^^^^^^^^^^^^^^^^^^^^^^^
  File "<string>", line 2, in _connection_for_bind
  File "/scratch/si650f26_class_root/si650f26_class/savyo/synapse-bench/envs/gateway/lib/python3.12/site-packages/sqlalchemy/orm/state_changes.py", line 139, in _go
    ret_value = fn(self, *arg, **kw)
                ^^^^^^^^^^^^^^^^^^^^
  File "/scratch/si650f26_class_root/si650f26_class/savyo/synapse-bench/envs/gateway/lib/python3.12/site-packages/sqlalchemy/orm/session.py", line 1189, in _connection_for_bind
    conn = bind.connect()
           ^^^^^^^^^^^^^^
  File "/scratch/si650f26_class_root/si650f26_class/savyo/synapse-bench/envs/gateway/lib/python3.12/site-packages/sqlalchemy/engine/base.py", line 3278, in connect
    return self._connection_cls(self)
           ^^^^^^^^^^^^^^^^^^^^^^^^^^
  File "/scratch/si650f26_class_root/si650f26_class/savyo/synapse-bench/envs/gateway/lib/python3.12/site-packages/sqlalchemy/engine/base.py", line 146, in __init__
    self._dbapi_connection = engine.raw_connection()
                             ^^^^^^^^^^^^^^^^^^^^^^^
  File "/scratch/si650f26_class_root/si650f26_class/savyo/synapse-bench/envs/gateway/lib/python3.12/site-packages/sqlalchemy/engine/base.py", line 3302, in raw_connection
    return self.pool.connect()
           ^^^^^^^^^^^^^^^^^^^
  File "/scratch/si650f26_class_root/si650f26_class/savyo/synapse-bench/envs/gateway/lib/python3.12/site-packages/sqlalchemy/pool/base.py", line 449, in connect
    return _ConnectionFairy._checkout(self)
           ^^^^^^^^^^^^^^^^^^^^^^^^^^^^^^^^
  File "/scratch/si650f26_class_root/si650f26_class/savyo/synapse-bench/envs/gateway/lib/python3.12/site-packages/sqlalchemy/pool/base.py", line 1263, in _checkout
    fairy = _ConnectionRecord.checkout(pool)
            ^^^^^^^^^^^^^^^^^^^^^^^^^^^^^^^^
  File "/scratch/si650f26_class_root/si650f26_class/savyo/synapse-bench/envs/gateway/lib/python3.12/site-packages/sqlalchemy/pool/base.py", line 712, in checkout
    rec = pool._do_get()
          ^^^^^^^^^^^^^^
  File "/scratch/si650f26_class_root/si650f26_class/savyo/synapse-bench/envs/gateway/lib/python3.12/site-packages/sqlalchemy/pool/impl.py", line 168, in _do_get
    raise exc.TimeoutError(
sqlalchemy.exc.TimeoutError: QueuePool limit of size 5 overflow 10 reached, connection timed out, timeout 30.00 (Background on this error at: https://sqlalche.me/e/20/3o7r)
ERROR:    Exception in ASGI application
Traceback (most recent call last):
  File "/scratch/si650f26_class_root/si650f26_class/savyo/synapse-bench/envs/gateway/lib/python3.12/site-packages/uvicorn/protocols/http/httptools_impl.py", line 401, in run_asgi
    result = await app(  # type: ignore[func-returns-value]
             ^^^^^^^^^^^^^^^^^^^^^^^^^^^^^^^^^^^^^^^^^^^^^^
  File "/scratch/si650f26_class_root/si650f26_class/savyo/synapse-bench/envs/gateway/lib/python3.12/site-packages/uvicorn/middleware/proxy_headers.py", line 70, in __call__
    return await self.app(scope, receive, send)
           ^^^^^^^^^^^^^^^^^^^^^^^^^^^^^^^^^^^^
  File "/scratch/si650f26_class_root/si650f26_class/savyo/synapse-bench/envs/gateway/lib/python3.12/site-packages/fastapi/applications.py", line 1054, in __call__
    await super().__call__(scope, receive, send)
  File "/scratch/si650f26_class_root/si650f26_class/savyo/synapse-bench/envs/gateway/lib/python3.12/site-packages/starlette/applications.py", line 113, in __call__
    await self.middleware_stack(scope, receive, send)
  File "/scratch/si650f26_class_root/si650f26_class/savyo/synapse-bench/envs/gateway/lib/python3.12/site-packages/starlette/middleware/errors.py", line 187, in __call__
    raise exc
  File "/scratch/si650f26_class_root/si650f26_class/savyo/synapse-bench/envs/gateway/lib/python3.12/site-packages/starlette/middleware/errors.py", line 165, in __call__
    await self.app(scope, receive, _send)
  File "/scratch/si650f26_class_root/si650f26_class/savyo/synapse-bench/envs/gateway/lib/python3.12/site-packages/starlette/middleware/cors.py", line 85, in __call__
    await self.app(scope, receive, send)
  File "/scratch/si650f26_class_root/si650f26_class/savyo/synapse-bench/envs/gateway/lib/python3.12/site-packages/starlette/middleware/exceptions.py", line 62, in __call__
    await wrap_app_handling_exceptions(self.app, conn)(scope, receive, send)
  File "/scratch/si650f26_class_root/si650f26_class/savyo/synapse-bench/envs/gateway/lib/python3.12/site-packages/starlette/_exception_handler.py", line 62, in wrapped_app
    raise exc
  File "/scratch/si650f26_class_root/si650f26_class/savyo/synapse-bench/envs/gateway/lib/python3.12/site-packages/starlette/_exception_handler.py", line 51, in wrapped_app
    await app(scope, receive, sender)
  File "/scratch/si650f26_class_root/si650f26_class/savyo/synapse-bench/envs/gateway/lib/python3.12/site-packages/starlette/routing.py", line 715, in __call__
    await self.middleware_stack(scope, receive, send)
  File "/scratch/si650f26_class_root/si650f26_class/savyo/synapse-bench/envs/gateway/lib/python3.12/site-packages/starlette/routing.py", line 735, in app
    await route.handle(scope, receive, send)
  File "/scratch/si650f26_class_root/si650f26_class/savyo/synapse-bench/envs/gateway/lib/python3.12/site-packages/starlette/routing.py", line 288, in handle
    await self.app(scope, receive, send)
  File "/scratch/si650f26_class_root/si650f26_class/savyo/synapse-bench/envs/gateway/lib/python3.12/site-packages/starlette/routing.py", line 76, in app
    await wrap_app_handling_exceptions(app, request)(scope, receive, send)
  File "/scratch/si650f26_class_root/si650f26_class/savyo/synapse-bench/envs/gateway/lib/python3.12/site-packages/starlette/_exception_handler.py", line 62, in wrapped_app
    raise exc
  File "/scratch/si650f26_class_root/si650f26_class/savyo/synapse-bench/envs/gateway/lib/python3.12/site-packages/starlette/_exception_handler.py", line 51, in wrapped_app
    await app(scope, receive, sender)
  File "/scratch/si650f26_class_root/si650f26_class/savyo/synapse-bench/envs/gateway/lib/python3.12/site-packages/starlette/routing.py", line 73, in app
    response = await f(request)
               ^^^^^^^^^^^^^^^^
  File "/scratch/si650f26_class_root/si650f26_class/savyo/synapse-bench/envs/gateway/lib/python3.12/site-packages/fastapi/routing.py", line 291, in app
    solved_result = await solve_dependencies(
                    ^^^^^^^^^^^^^^^^^^^^^^^^^
  File "/scratch/si650f26_class_root/si650f26_class/savyo/synapse-bench/envs/gateway/lib/python3.12/site-packages/fastapi/dependencies/utils.py", line 630, in solve_dependencies
    solved = await run_in_threadpool(call, **solved_result.values)
             ^^^^^^^^^^^^^^^^^^^^^^^^^^^^^^^^^^^^^^^^^^^^^^^^^^^^^
  File "/scratch/si650f26_class_root/si650f26_class/savyo/synapse-bench/envs/gateway/lib/python3.12/site-packages/starlette/concurrency.py", line 39, in run_in_threadpool
    return await anyio.to_thread.run_sync(func, *args)
           ^^^^^^^^^^^^^^^^^^^^^^^^^^^^^^^^^^^^^^^^^^^
  File "/scratch/si650f26_class_root/si650f26_class/savyo/synapse-bench/envs/gateway/lib/python3.12/site-packages/anyio/to_thread.py", line 65, in run_sync
    return await get_async_backend().run_sync_in_worker_thread(
           ^^^^^^^^^^^^^^^^^^^^^^^^^^^^^^^^^^^^^^^^^^^^^^^^^^^^
  File "/scratch/si650f26_class_root/si650f26_class/savyo/synapse-bench/envs/gateway/lib/python3.12/site-packages/anyio/_backends/_asyncio.py", line 2706, in run_sync_in_worker_thread
    return await future
           ^^^^^^^^^^^^
  File "/scratch/si650f26_class_root/si650f26_class/savyo/synapse-bench/envs/gateway/lib/python3.12/site-packages/anyio/_backends/_asyncio.py", line 1100, in run
    result = context.run(func, *args)
             ^^^^^^^^^^^^^^^^^^^^^^^^
  File "/gpfs/accounts/si650f26_class_root/si650f26_class/savyo/synapse-bench/repo/backend/app/auth.py", line 35, in require_api_key
    api_key = db.query(ApiKey).filter(ApiKey.key_hash == key_hash, ApiKey.revoked.is_(False)).first()
              ^^^^^^^^^^^^^^^^^^^^^^^^^^^^^^^^^^^^^^^^^^^^^^^^^^^^^^^^^^^^^^^^^^^^^^^^^^^^^^^^^^^^^^^
  File "/scratch/si650f26_class_root/si650f26_class/savyo/synapse-bench/envs/gateway/lib/python3.12/site-packages/sqlalchemy/orm/query.py", line 2728, in first
    return self.limit(1)._iter().first()  # type: ignore
           ^^^^^^^^^^^^^^^^^^^^^
  File "/scratch/si650f26_class_root/si650f26_class/savyo/synapse-bench/envs/gateway/lib/python3.12/site-packages/sqlalchemy/orm/query.py", line 2827, in _iter
    result: Union[ScalarResult[_T], Result[_T]] = self.session.execute(
                                                  ^^^^^^^^^^^^^^^^^^^^^
  File "/scratch/si650f26_class_root/si650f26_class/savyo/synapse-bench/envs/gateway/lib/python3.12/site-packages/sqlalchemy/orm/session.py", line 2362, in execute
    return self._execute_internal(
           ^^^^^^^^^^^^^^^^^^^^^^^
  File "/scratch/si650f26_class_root/si650f26_class/savyo/synapse-bench/envs/gateway/lib/python3.12/site-packages/sqlalchemy/orm/session.py", line 2237, in _execute_internal
    conn = self._connection_for_bind(bind)
           ^^^^^^^^^^^^^^^^^^^^^^^^^^^^^^^
  File "/scratch/si650f26_class_root/si650f26_class/savyo/synapse-bench/envs/gateway/lib/python3.12/site-packages/sqlalchemy/orm/session.py", line 2106, in _connection_for_bind
    return trans._connection_for_bind(engine, execution_options)
           ^^^^^^^^^^^^^^^^^^^^^^^^^^^^^^^^^^^^^^^^^^^^^^^^^^^^^
  File "<string>", line 2, in _connection_for_bind
  File "/scratch/si650f26_class_root/si650f26_class/savyo/synapse-bench/envs/gateway/lib/python3.12/site-packages/sqlalchemy/orm/state_changes.py", line 139, in _go
    ret_value = fn(self, *arg, **kw)
                ^^^^^^^^^^^^^^^^^^^^
  File "/scratch/si650f26_class_root/si650f26_class/savyo/synapse-bench/envs/gateway/lib/python3.12/site-packages/sqlalchemy/orm/session.py", line 1189, in _connection_for_bind
    conn = bind.connect()
           ^^^^^^^^^^^^^^
  File "/scratch/si650f26_class_root/si650f26_class/savyo/synapse-bench/envs/gateway/lib/python3.12/site-packages/sqlalchemy/engine/base.py", line 3278, in connect
    return self._connection_cls(self)
           ^^^^^^^^^^^^^^^^^^^^^^^^^^
  File "/scratch/si650f26_class_root/si650f26_class/savyo/synapse-bench/envs/gateway/lib/python3.12/site-packages/sqlalchemy/engine/base.py", line 146, in __init__
    self._dbapi_connection = engine.raw_connection()
                             ^^^^^^^^^^^^^^^^^^^^^^^
  File "/scratch/si650f26_class_root/si650f26_class/savyo/synapse-bench/envs/gateway/lib/python3.12/site-packages/sqlalchemy/engine/base.py", line 3302, in raw_connection
    return self.pool.connect()
           ^^^^^^^^^^^^^^^^^^^
  File "/scratch/si650f26_class_root/si650f26_class/savyo/synapse-bench/envs/gateway/lib/python3.12/site-packages/sqlalchemy/pool/base.py", line 449, in connect
    return _ConnectionFairy._checkout(self)
           ^^^^^^^^^^^^^^^^^^^^^^^^^^^^^^^^
  File "/scratch/si650f26_class_root/si650f26_class/savyo/synapse-bench/envs/gateway/lib/python3.12/site-packages/sqlalchemy/pool/base.py", line 1263, in _checkout
    fairy = _ConnectionRecord.checkout(pool)
            ^^^^^^^^^^^^^^^^^^^^^^^^^^^^^^^^
  File "/scratch/si650f26_class_root/si650f26_class/savyo/synapse-bench/envs/gateway/lib/python3.12/site-packages/sqlalchemy/pool/base.py", line 712, in checkout
    rec = pool._do_get()
          ^^^^^^^^^^^^^^
  File "/scratch/si650f26_class_root/si650f26_class/savyo/synapse-bench/envs/gateway/lib/python3.12/site-packages/sqlalchemy/pool/impl.py", line 168, in _do_get
    raise exc.TimeoutError(
sqlalchemy.exc.TimeoutError: QueuePool limit of size 5 overflow 10 reached, connection timed out, timeout 30.00 (Background on this error at: https://sqlalche.me/e/20/3o7r)
ERROR:    Exception in ASGI application
Traceback (most recent call last):
  File "/scratch/si650f26_class_root/si650f26_class/savyo/synapse-bench/envs/gateway/lib/python3.12/site-packages/uvicorn/protocols/http/httptools_impl.py", line 401, in run_asgi
    result = await app(  # type: ignore[func-returns-value]
             ^^^^^^^^^^^^^^^^^^^^^^^^^^^^^^^^^^^^^^^^^^^^^^
  File "/scratch/si650f26_class_root/si650f26_class/savyo/synapse-bench/envs/gateway/lib/python3.12/site-packages/uvicorn/middleware/proxy_headers.py", line 70, in __call__
    return await self.app(scope, receive, send)
           ^^^^^^^^^^^^^^^^^^^^^^^^^^^^^^^^^^^^
  File "/scratch/si650f26_class_root/si650f26_class/savyo/synapse-bench/envs/gateway/lib/python3.12/site-packages/fastapi/applications.py", line 1054, in __call__
    await super().__call__(scope, receive, send)
  File "/scratch/si650f26_class_root/si650f26_class/savyo/synapse-bench/envs/gateway/lib/python3.12/site-packages/starlette/applications.py", line 113, in __call__
    await self.middleware_stack(scope, receive, send)
  File "/scratch/si650f26_class_root/si650f26_class/savyo/synapse-bench/envs/gateway/lib/python3.12/site-packages/starlette/middleware/errors.py", line 187, in __call__
    raise exc
  File "/scratch/si650f26_class_root/si650f26_class/savyo/synapse-bench/envs/gateway/lib/python3.12/site-packages/starlette/middleware/errors.py", line 165, in __call__
    await self.app(scope, receive, _send)
  File "/scratch/si650f26_class_root/si650f26_class/savyo/synapse-bench/envs/gateway/lib/python3.12/site-packages/starlette/middleware/cors.py", line 85, in __call__
    await self.app(scope, receive, send)
  File "/scratch/si650f26_class_root/si650f26_class/savyo/synapse-bench/envs/gateway/lib/python3.12/site-packages/starlette/middleware/exceptions.py", line 62, in __call__
    await wrap_app_handling_exceptions(self.app, conn)(scope, receive, send)
  File "/scratch/si650f26_class_root/si650f26_class/savyo/synapse-bench/envs/gateway/lib/python3.12/site-packages/starlette/_exception_handler.py", line 62, in wrapped_app
    raise exc
  File "/scratch/si650f26_class_root/si650f26_class/savyo/synapse-bench/envs/gateway/lib/python3.12/site-packages/starlette/_exception_handler.py", line 51, in wrapped_app
    await app(scope, receive, sender)
  File "/scratch/si650f26_class_root/si650f26_class/savyo/synapse-bench/envs/gateway/lib/python3.12/site-packages/starlette/routing.py", line 715, in __call__
    await self.middleware_stack(scope, receive, send)
  File "/scratch/si650f26_class_root/si650f26_class/savyo/synapse-bench/envs/gateway/lib/python3.12/site-packages/starlette/routing.py", line 735, in app
    await route.handle(scope, receive, send)
  File "/scratch/si650f26_class_root/si650f26_class/savyo/synapse-bench/envs/gateway/lib/python3.12/site-packages/starlette/routing.py", line 288, in handle
    await self.app(scope, receive, send)
  File "/scratch/si650f26_class_root/si650f26_class/savyo/synapse-bench/envs/gateway/lib/python3.12/site-packages/starlette/routing.py", line 76, in app
    await wrap_app_handling_exceptions(app, request)(scope, receive, send)
  File "/scratch/si650f26_class_root/si650f26_class/savyo/synapse-bench/envs/gateway/lib/python3.12/site-packages/starlette/_exception_handler.py", line 62, in wrapped_app
    raise exc
  File "/scratch/si650f26_class_root/si650f26_class/savyo/synapse-bench/envs/gateway/lib/python3.12/site-packages/starlette/_exception_handler.py", line 51, in wrapped_app
    await app(scope, receive, sender)
  File "/scratch/si650f26_class_root/si650f26_class/savyo/synapse-bench/envs/gateway/lib/python3.12/site-packages/starlette/routing.py", line 73, in app
    response = await f(request)
               ^^^^^^^^^^^^^^^^
  File "/scratch/si650f26_class_root/si650f26_class/savyo/synapse-bench/envs/gateway/lib/python3.12/site-packages/fastapi/routing.py", line 291, in app
    solved_result = await solve_dependencies(
                    ^^^^^^^^^^^^^^^^^^^^^^^^^
  File "/scratch/si650f26_class_root/si650f26_class/savyo/synapse-bench/envs/gateway/lib/python3.12/site-packages/fastapi/dependencies/utils.py", line 630, in solve_dependencies
    solved = await run_in_threadpool(call, **solved_result.values)
             ^^^^^^^^^^^^^^^^^^^^^^^^^^^^^^^^^^^^^^^^^^^^^^^^^^^^^
  File "/scratch/si650f26_class_root/si650f26_class/savyo/synapse-bench/envs/gateway/lib/python3.12/site-packages/starlette/concurrency.py", line 39, in run_in_threadpool
    return await anyio.to_thread.run_sync(func, *args)
           ^^^^^^^^^^^^^^^^^^^^^^^^^^^^^^^^^^^^^^^^^^^
  File "/scratch/si650f26_class_root/si650f26_class/savyo/synapse-bench/envs/gateway/lib/python3.12/site-packages/anyio/to_thread.py", line 65, in run_sync
    return await get_async_backend().run_sync_in_worker_thread(
           ^^^^^^^^^^^^^^^^^^^^^^^^^^^^^^^^^^^^^^^^^^^^^^^^^^^^
  File "/scratch/si650f26_class_root/si650f26_class/savyo/synapse-bench/envs/gateway/lib/python3.12/site-packages/anyio/_backends/_asyncio.py", line 2706, in run_sync_in_worker_thread
    return await future
           ^^^^^^^^^^^^
  File "/scratch/si650f26_class_root/si650f26_class/savyo/synapse-bench/envs/gateway/lib/python3.12/site-packages/anyio/_backends/_asyncio.py", line 1100, in run
    result = context.run(func, *args)
             ^^^^^^^^^^^^^^^^^^^^^^^^
  File "/gpfs/accounts/si650f26_class_root/si650f26_class/savyo/synapse-bench/repo/backend/app/auth.py", line 35, in require_api_key
    api_key = db.query(ApiKey).filter(ApiKey.key_hash == key_hash, ApiKey.revoked.is_(False)).first()
              ^^^^^^^^^^^^^^^^^^^^^^^^^^^^^^^^^^^^^^^^^^^^^^^^^^^^^^^^^^^^^^^^^^^^^^^^^^^^^^^^^^^^^^^
  File "/scratch/si650f26_class_root/si650f26_class/savyo/synapse-bench/envs/gateway/lib/python3.12/site-packages/sqlalchemy/orm/query.py", line 2728, in first
    return self.limit(1)._iter().first()  # type: ignore
           ^^^^^^^^^^^^^^^^^^^^^
  File "/scratch/si650f26_class_root/si650f26_class/savyo/synapse-bench/envs/gateway/lib/python3.12/site-packages/sqlalchemy/orm/query.py", line 2827, in _iter
    result: Union[ScalarResult[_T], Result[_T]] = self.session.execute(
                                                  ^^^^^^^^^^^^^^^^^^^^^
  File "/scratch/si650f26_class_root/si650f26_class/savyo/synapse-bench/envs/gateway/lib/python3.12/site-packages/sqlalchemy/orm/session.py", line 2362, in execute
    return self._execute_internal(
           ^^^^^^^^^^^^^^^^^^^^^^^
  File "/scratch/si650f26_class_root/si650f26_class/savyo/synapse-bench/envs/gateway/lib/python3.12/site-packages/sqlalchemy/orm/session.py", line 2237, in _execute_internal
    conn = self._connection_for_bind(bind)
           ^^^^^^^^^^^^^^^^^^^^^^^^^^^^^^^
  File "/scratch/si650f26_class_root/si650f26_class/savyo/synapse-bench/envs/gateway/lib/python3.12/site-packages/sqlalchemy/orm/session.py", line 2106, in _connection_for_bind
    return trans._connection_for_bind(engine, execution_options)
           ^^^^^^^^^^^^^^^^^^^^^^^^^^^^^^^^^^^^^^^^^^^^^^^^^^^^^
  File "<string>", line 2, in _connection_for_bind
  File "/scratch/si650f26_class_root/si650f26_class/savyo/synapse-bench/envs/gateway/lib/python3.12/site-packages/sqlalchemy/orm/state_changes.py", line 139, in _go
    ret_value = fn(self, *arg, **kw)
                ^^^^^^^^^^^^^^^^^^^^
  File "/scratch/si650f26_class_root/si650f26_class/savyo/synapse-bench/envs/gateway/lib/python3.12/site-packages/sqlalchemy/orm/session.py", line 1189, in _connection_for_bind
    conn = bind.connect()
           ^^^^^^^^^^^^^^
  File "/scratch/si650f26_class_root/si650f26_class/savyo/synapse-bench/envs/gateway/lib/python3.12/site-packages/sqlalchemy/engine/base.py", line 3278, in connect
    return self._connection_cls(self)
           ^^^^^^^^^^^^^^^^^^^^^^^^^^
  File "/scratch/si650f26_class_root/si650f26_class/savyo/synapse-bench/envs/gateway/lib/python3.12/site-packages/sqlalchemy/engine/base.py", line 146, in __init__
    self._dbapi_connection = engine.raw_connection()
                             ^^^^^^^^^^^^^^^^^^^^^^^
  File "/scratch/si650f26_class_root/si650f26_class/savyo/synapse-bench/envs/gateway/lib/python3.12/site-packages/sqlalchemy/engine/base.py", line 3302, in raw_connection
    return self.pool.connect()
           ^^^^^^^^^^^^^^^^^^^
  File "/scratch/si650f26_class_root/si650f26_class/savyo/synapse-bench/envs/gateway/lib/python3.12/site-packages/sqlalchemy/pool/base.py", line 449, in connect
    return _ConnectionFairy._checkout(self)
           ^^^^^^^^^^^^^^^^^^^^^^^^^^^^^^^^
  File "/scratch/si650f26_class_root/si650f26_class/savyo/synapse-bench/envs/gateway/lib/python3.12/site-packages/sqlalchemy/pool/base.py", line 1263, in _checkout
    fairy = _ConnectionRecord.checkout(pool)
            ^^^^^^^^^^^^^^^^^^^^^^^^^^^^^^^^
  File "/scratch/si650f26_class_root/si650f26_class/savyo/synapse-bench/envs/gateway/lib/python3.12/site-packages/sqlalchemy/pool/base.py", line 712, in checkout
    rec = pool._do_get()
          ^^^^^^^^^^^^^^
  File "/scratch/si650f26_class_root/si650f26_class/savyo/synapse-bench/envs/gateway/lib/python3.12/site-packages/sqlalchemy/pool/impl.py", line 168, in _do_get
    raise exc.TimeoutError(
sqlalchemy.exc.TimeoutError: QueuePool limit of size 5 overflow 10 reached, connection timed out, timeout 30.00 (Background on this error at: https://sqlalche.me/e/20/3o7r)
ERROR:    Exception in ASGI application
Traceback (most recent call last):
  File "/scratch/si650f26_class_root/si650f26_class/savyo/synapse-bench/envs/gateway/lib/python3.12/site-packages/uvicorn/protocols/http/httptools_impl.py", line 401, in run_asgi
    result = await app(  # type: ignore[func-returns-value]
             ^^^^^^^^^^^^^^^^^^^^^^^^^^^^^^^^^^^^^^^^^^^^^^
  File "/scratch/si650f26_class_root/si650f26_class/savyo/synapse-bench/envs/gateway/lib/python3.12/site-packages/uvicorn/middleware/proxy_headers.py", line 70, in __call__
    return await self.app(scope, receive, send)
           ^^^^^^^^^^^^^^^^^^^^^^^^^^^^^^^^^^^^
  File "/scratch/si650f26_class_root/si650f26_class/savyo/synapse-bench/envs/gateway/lib/python3.12/site-packages/fastapi/applications.py", line 1054, in __call__
    await super().__call__(scope, receive, send)
  File "/scratch/si650f26_class_root/si650f26_class/savyo/synapse-bench/envs/gateway/lib/python3.12/site-packages/starlette/applications.py", line 113, in __call__
    await self.middleware_stack(scope, receive, send)
  File "/scratch/si650f26_class_root/si650f26_class/savyo/synapse-bench/envs/gateway/lib/python3.12/site-packages/starlette/middleware/errors.py", line 187, in __call__
    raise exc
  File "/scratch/si650f26_class_root/si650f26_class/savyo/synapse-bench/envs/gateway/lib/python3.12/site-packages/starlette/middleware/errors.py", line 165, in __call__
    await self.app(scope, receive, _send)
  File "/scratch/si650f26_class_root/si650f26_class/savyo/synapse-bench/envs/gateway/lib/python3.12/site-packages/starlette/middleware/cors.py", line 85, in __call__
    await self.app(scope, receive, send)
  File "/scratch/si650f26_class_root/si650f26_class/savyo/synapse-bench/envs/gateway/lib/python3.12/site-packages/starlette/middleware/exceptions.py", line 62, in __call__
    await wrap_app_handling_exceptions(self.app, conn)(scope, receive, send)
  File "/scratch/si650f26_class_root/si650f26_class/savyo/synapse-bench/envs/gateway/lib/python3.12/site-packages/starlette/_exception_handler.py", line 62, in wrapped_app
    raise exc
  File "/scratch/si650f26_class_root/si650f26_class/savyo/synapse-bench/envs/gateway/lib/python3.12/site-packages/starlette/_exception_handler.py", line 51, in wrapped_app
    await app(scope, receive, sender)
  File "/scratch/si650f26_class_root/si650f26_class/savyo/synapse-bench/envs/gateway/lib/python3.12/site-packages/starlette/routing.py", line 715, in __call__
    await self.middleware_stack(scope, receive, send)
  File "/scratch/si650f26_class_root/si650f26_class/savyo/synapse-bench/envs/gateway/lib/python3.12/site-packages/starlette/routing.py", line 735, in app
    await route.handle(scope, receive, send)
  File "/scratch/si650f26_class_root/si650f26_class/savyo/synapse-bench/envs/gateway/lib/python3.12/site-packages/starlette/routing.py", line 288, in handle
    await self.app(scope, receive, send)
  File "/scratch/si650f26_class_root/si650f26_class/savyo/synapse-bench/envs/gateway/lib/python3.12/site-packages/starlette/routing.py", line 76, in app
    await wrap_app_handling_exceptions(app, request)(scope, receive, send)
  File "/scratch/si650f26_class_root/si650f26_class/savyo/synapse-bench/envs/gateway/lib/python3.12/site-packages/starlette/_exception_handler.py", line 62, in wrapped_app
    raise exc
  File "/scratch/si650f26_class_root/si650f26_class/savyo/synapse-bench/envs/gateway/lib/python3.12/site-packages/starlette/_exception_handler.py", line 51, in wrapped_app
    await app(scope, receive, sender)
  File "/scratch/si650f26_class_root/si650f26_class/savyo/synapse-bench/envs/gateway/lib/python3.12/site-packages/starlette/routing.py", line 73, in app
    response = await f(request)
               ^^^^^^^^^^^^^^^^
  File "/scratch/si650f26_class_root/si650f26_class/savyo/synapse-bench/envs/gateway/lib/python3.12/site-packages/fastapi/routing.py", line 291, in app
    solved_result = await solve_dependencies(
                    ^^^^^^^^^^^^^^^^^^^^^^^^^
  File "/scratch/si650f26_class_root/si650f26_class/savyo/synapse-bench/envs/gateway/lib/python3.12/site-packages/fastapi/dependencies/utils.py", line 630, in solve_dependencies
    solved = await run_in_threadpool(call, **solved_result.values)
             ^^^^^^^^^^^^^^^^^^^^^^^^^^^^^^^^^^^^^^^^^^^^^^^^^^^^^
  File "/scratch/si650f26_class_root/si650f26_class/savyo/synapse-bench/envs/gateway/lib/python3.12/site-packages/starlette/concurrency.py", line 39, in run_in_threadpool
    return await anyio.to_thread.run_sync(func, *args)
           ^^^^^^^^^^^^^^^^^^^^^^^^^^^^^^^^^^^^^^^^^^^
  File "/scratch/si650f26_class_root/si650f26_class/savyo/synapse-bench/envs/gateway/lib/python3.12/site-packages/anyio/to_thread.py", line 65, in run_sync
    return await get_async_backend().run_sync_in_worker_thread(
           ^^^^^^^^^^^^^^^^^^^^^^^^^^^^^^^^^^^^^^^^^^^^^^^^^^^^
  File "/scratch/si650f26_class_root/si650f26_class/savyo/synapse-bench/envs/gateway/lib/python3.12/site-packages/anyio/_backends/_asyncio.py", line 2706, in run_sync_in_worker_thread
    return await future
           ^^^^^^^^^^^^
  File "/scratch/si650f26_class_root/si650f26_class/savyo/synapse-bench/envs/gateway/lib/python3.12/site-packages/anyio/_backends/_asyncio.py", line 1100, in run
    result = context.run(func, *args)
             ^^^^^^^^^^^^^^^^^^^^^^^^
  File "/gpfs/accounts/si650f26_class_root/si650f26_class/savyo/synapse-bench/repo/backend/app/auth.py", line 35, in require_api_key
    api_key = db.query(ApiKey).filter(ApiKey.key_hash == key_hash, ApiKey.revoked.is_(False)).first()
              ^^^^^^^^^^^^^^^^^^^^^^^^^^^^^^^^^^^^^^^^^^^^^^^^^^^^^^^^^^^^^^^^^^^^^^^^^^^^^^^^^^^^^^^
  File "/scratch/si650f26_class_root/si650f26_class/savyo/synapse-bench/envs/gateway/lib/python3.12/site-packages/sqlalchemy/orm/query.py", line 2728, in first
    return self.limit(1)._iter().first()  # type: ignore
           ^^^^^^^^^^^^^^^^^^^^^
  File "/scratch/si650f26_class_root/si650f26_class/savyo/synapse-bench/envs/gateway/lib/python3.12/site-packages/sqlalchemy/orm/query.py", line 2827, in _iter
    result: Union[ScalarResult[_T], Result[_T]] = self.session.execute(
                                                  ^^^^^^^^^^^^^^^^^^^^^
  File "/scratch/si650f26_class_root/si650f26_class/savyo/synapse-bench/envs/gateway/lib/python3.12/site-packages/sqlalchemy/orm/session.py", line 2362, in execute
    return self._execute_internal(
           ^^^^^^^^^^^^^^^^^^^^^^^
  File "/scratch/si650f26_class_root/si650f26_class/savyo/synapse-bench/envs/gateway/lib/python3.12/site-packages/sqlalchemy/orm/session.py", line 2237, in _execute_internal
    conn = self._connection_for_bind(bind)
           ^^^^^^^^^^^^^^^^^^^^^^^^^^^^^^^
  File "/scratch/si650f26_class_root/si650f26_class/savyo/synapse-bench/envs/gateway/lib/python3.12/site-packages/sqlalchemy/orm/session.py", line 2106, in _connection_for_bind
    return trans._connection_for_bind(engine, execution_options)
           ^^^^^^^^^^^^^^^^^^^^^^^^^^^^^^^^^^^^^^^^^^^^^^^^^^^^^
  File "<string>", line 2, in _connection_for_bind
  File "/scratch/si650f26_class_root/si650f26_class/savyo/synapse-bench/envs/gateway/lib/python3.12/site-packages/sqlalchemy/orm/state_changes.py", line 139, in _go
    ret_value = fn(self, *arg, **kw)
                ^^^^^^^^^^^^^^^^^^^^
  File "/scratch/si650f26_class_root/si650f26_class/savyo/synapse-bench/envs/gateway/lib/python3.12/site-packages/sqlalchemy/orm/session.py", line 1189, in _connection_for_bind
    conn = bind.connect()
           ^^^^^^^^^^^^^^
  File "/scratch/si650f26_class_root/si650f26_class/savyo/synapse-bench/envs/gateway/lib/python3.12/site-packages/sqlalchemy/engine/base.py", line 3278, in connect
    return self._connection_cls(self)
           ^^^^^^^^^^^^^^^^^^^^^^^^^^
  File "/scratch/si650f26_class_root/si650f26_class/savyo/synapse-bench/envs/gateway/lib/python3.12/site-packages/sqlalchemy/engine/base.py", line 146, in __init__
    self._dbapi_connection = engine.raw_connection()
                             ^^^^^^^^^^^^^^^^^^^^^^^
  File "/scratch/si650f26_class_root/si650f26_class/savyo/synapse-bench/envs/gateway/lib/python3.12/site-packages/sqlalchemy/engine/base.py", line 3302, in raw_connection
    return self.pool.connect()
           ^^^^^^^^^^^^^^^^^^^
  File "/scratch/si650f26_class_root/si650f26_class/savyo/synapse-bench/envs/gateway/lib/python3.12/site-packages/sqlalchemy/pool/base.py", line 449, in connect
    return _ConnectionFairy._checkout(self)
           ^^^^^^^^^^^^^^^^^^^^^^^^^^^^^^^^
  File "/scratch/si650f26_class_root/si650f26_class/savyo/synapse-bench/envs/gateway/lib/python3.12/site-packages/sqlalchemy/pool/base.py", line 1263, in _checkout
    fairy = _ConnectionRecord.checkout(pool)
            ^^^^^^^^^^^^^^^^^^^^^^^^^^^^^^^^
  File "/scratch/si650f26_class_root/si650f26_class/savyo/synapse-bench/envs/gateway/lib/python3.12/site-packages/sqlalchemy/pool/base.py", line 712, in checkout
    rec = pool._do_get()
          ^^^^^^^^^^^^^^
  File "/scratch/si650f26_class_root/si650f26_class/savyo/synapse-bench/envs/gateway/lib/python3.12/site-packages/sqlalchemy/pool/impl.py", line 168, in _do_get
    raise exc.TimeoutError(
sqlalchemy.exc.TimeoutError: QueuePool limit of size 5 overflow 10 reached, connection timed out, timeout 30.00 (Background on this error at: https://sqlalche.me/e/20/3o7r)
